roll width,roll length,demand,order_number,selected_order_width,selected_order_length,selected_order_quantity,num_cuts_z,calculated_trim,front,c_type,c,middle,b_type,b,back,type,component_type
66,19499.808,500.192,12181187286,12.874015748031496,15.433070866141732,440,5.0,1.6299,CM127,C,CM127,CM127,E,CM127,CM127,Y,R
66,13349.72,6150.088,12181188365,12.874015748031496,15.433070866141732,5410,5.0,1.6299,CM127,C,CM127,CM127,E,CM127,CM127,Y,R
66,10303.096,3046.624,12181188954,12.874015748031496,15.433070866141732,2680,5.0,1.6299,CM127,C,CM127,CM127,E,CM127,CM127,Y,R
66,7256.472,3046.624,12181189866,12.874015748031496,15.433070866141732,2680,5.0,1.6299,CM127,C,CM127,CM127,E,CM127,CM127,Y,R
66,4209.848,3046.624,12181189940,12.874015748031496,15.433070866141732,2680,5.0,1.6299,CM127,C,CM127,CM127,E,CM127,CM127,Y,R
66,628.928,3580.92,12181189870,12.874015748031496,15.433070866141732,3150,5.0,1.6299,CM127,C,CM127,CM127,E,CM127,CM127,Y,R
