2025-08-20 14:18:28,895 - cuttingstock.core - INFO - Starting calculation process
2025-08-20 14:18:29,182 - cuttingstock.core - INFO - Loaded order data from cache | Details: cache_path: cache\order.db
2025-08-20 14:18:29,201 - cuttingstock.core - INFO - Loaded and sorted data successfully
2025-08-20 14:19:13,507 - cuttingstock.core - INFO - Starting calculation process
2025-08-20 14:19:13,525 - cuttingstock.core - INFO - Loaded order data from cache | Details: cache_path: cache\order.db
2025-08-20 14:19:13,545 - cuttingstock.core - INFO - Loaded and sorted data successfully
2025-08-20 14:19:13,549 - cuttingstock.core - INFO - Starting calculation process
2025-08-20 14:19:13,565 - cuttingstock.core - INFO - Loaded order data from cache | Details: cache_path: cache\order.db
2025-08-20 14:19:13,578 - cuttingstock.core - INFO - Loaded and sorted data successfully
2025-08-20 14:19:13,582 - cuttingstock.core - INFO - Starting calculation process
2025-08-20 14:19:13,597 - cuttingstock.core - INFO - Loaded order data from cache | Details: cache_path: cache\order.db
2025-08-20 14:19:13,611 - cuttingstock.core - INFO - Loaded and sorted data successfully
2025-08-20 14:19:13,614 - cuttingstock.core - INFO - Starting calculation process
2025-08-20 14:19:13,631 - cuttingstock.core - INFO - Loaded order data from cache | Details: cache_path: cache\order.db
2025-08-20 14:19:13,646 - cuttingstock.core - INFO - Loaded and sorted data successfully
2025-08-20 14:19:13,650 - cuttingstock.core - INFO - Starting calculation process
2025-08-20 14:19:13,668 - cuttingstock.core - INFO - Loaded order data from cache | Details: cache_path: cache\order.db
2025-08-20 14:19:13,682 - cuttingstock.core - INFO - Loaded and sorted data successfully
2025-08-20 14:19:25,625 - cuttingstock.core - INFO - Starting calculation process
2025-08-20 14:19:25,643 - cuttingstock.core - INFO - Loaded order data from cache | Details: cache_path: cache\order.db
2025-08-20 14:19:25,659 - cuttingstock.core - INFO - Loaded and sorted data successfully
2025-08-20 14:19:25,662 - cuttingstock.core - INFO - Starting calculation process
2025-08-20 14:19:25,681 - cuttingstock.core - INFO - Loaded order data from cache | Details: cache_path: cache\order.db
2025-08-20 14:19:25,698 - cuttingstock.core - INFO - Loaded and sorted data successfully
2025-08-20 14:19:25,702 - cuttingstock.core - INFO - Starting calculation process
2025-08-20 14:19:25,719 - cuttingstock.core - INFO - Loaded order data from cache | Details: cache_path: cache\order.db
2025-08-20 14:19:25,734 - cuttingstock.core - INFO - Loaded and sorted data successfully
2025-08-20 14:21:47,392 - cuttingstock.core - INFO - Starting calculation process
2025-08-20 14:21:47,414 - cuttingstock.core - INFO - Loaded order data from cache | Details: cache_path: cache\order.db
2025-08-20 14:21:47,428 - cuttingstock.core - INFO - Loaded and sorted data successfully
2025-08-20 14:21:47,432 - cuttingstock.core - INFO - Starting calculation process
2025-08-20 14:21:47,448 - cuttingstock.core - INFO - Loaded order data from cache | Details: cache_path: cache\order.db
2025-08-20 14:21:47,462 - cuttingstock.core - INFO - Loaded and sorted data successfully
2025-08-20 14:21:47,465 - cuttingstock.core - INFO - Starting calculation process
2025-08-20 14:21:47,481 - cuttingstock.core - INFO - Loaded order data from cache | Details: cache_path: cache\order.db
2025-08-20 14:21:47,494 - cuttingstock.core - INFO - Loaded and sorted data successfully
2025-08-20 14:21:47,497 - cuttingstock.core - INFO - Starting calculation process
2025-08-20 14:21:47,514 - cuttingstock.core - INFO - Loaded order data from cache | Details: cache_path: cache\order.db
2025-08-20 14:21:47,529 - cuttingstock.core - INFO - Loaded and sorted data successfully
2025-08-20 14:21:47,533 - cuttingstock.core - INFO - Starting calculation process
2025-08-20 14:21:47,548 - cuttingstock.core - INFO - Loaded order data from cache | Details: cache_path: cache\order.db
2025-08-20 14:21:47,562 - cuttingstock.core - INFO - Loaded and sorted data successfully
2025-08-20 14:21:48,151 - cuttingstock.core - INFO - Starting calculation process
2025-08-20 14:21:48,172 - cuttingstock.core - INFO - Loaded order data from cache | Details: cache_path: cache\order.db
2025-08-20 14:21:48,187 - cuttingstock.core - INFO - Loaded and sorted data successfully
2025-08-20 14:21:48,191 - cuttingstock.core - INFO - Starting calculation process
2025-08-20 14:21:48,207 - cuttingstock.core - INFO - Loaded order data from cache | Details: cache_path: cache\order.db
2025-08-20 14:21:48,220 - cuttingstock.core - INFO - Loaded and sorted data successfully
2025-08-20 14:21:48,223 - cuttingstock.core - INFO - Starting calculation process
2025-08-20 14:21:48,238 - cuttingstock.core - INFO - Loaded order data from cache | Details: cache_path: cache\order.db
2025-08-20 14:21:48,252 - cuttingstock.core - INFO - Loaded and sorted data successfully
2025-08-20 14:21:48,255 - cuttingstock.core - INFO - Starting calculation process
2025-08-20 14:21:48,271 - cuttingstock.core - INFO - Loaded order data from cache | Details: cache_path: cache\order.db
2025-08-20 14:21:48,286 - cuttingstock.core - INFO - Loaded and sorted data successfully
2025-08-20 14:21:48,289 - cuttingstock.core - INFO - Starting calculation process
2025-08-20 14:21:48,304 - cuttingstock.core - INFO - Loaded order data from cache | Details: cache_path: cache\order.db
2025-08-20 14:21:48,319 - cuttingstock.core - INFO - Loaded and sorted data successfully
2025-08-20 14:21:48,323 - cuttingstock.core - INFO - Starting calculation process
2025-08-20 14:21:48,340 - cuttingstock.core - INFO - Loaded order data from cache | Details: cache_path: cache\order.db
2025-08-20 14:21:48,355 - cuttingstock.core - INFO - Loaded and sorted data successfully
2025-08-20 14:21:48,358 - cuttingstock.core - INFO - Starting calculation process
2025-08-20 14:21:48,375 - cuttingstock.core - INFO - Loaded order data from cache | Details: cache_path: cache\order.db
2025-08-20 14:21:48,389 - cuttingstock.core - INFO - Loaded and sorted data successfully
2025-08-20 14:22:08,652 - cuttingstock.core - INFO - Starting calculation process
2025-08-20 14:22:08,686 - cuttingstock.core - INFO - Loaded order data from cache | Details: cache_path: cache\order.db
2025-08-20 14:22:08,699 - cuttingstock.core - INFO - Loaded and sorted data successfully
2025-08-20 14:23:39,467 - cuttingstock.core - INFO - Starting calculation process
2025-08-20 14:23:39,484 - cuttingstock.core - INFO - Loaded order data from cache | Details: cache_path: cache\order.db
2025-08-20 14:23:39,498 - cuttingstock.core - INFO - Loaded and sorted data successfully
2025-08-20 14:23:39,502 - cuttingstock.core - INFO - Starting calculation process
2025-08-20 14:23:39,517 - cuttingstock.core - INFO - Loaded order data from cache | Details: cache_path: cache\order.db
2025-08-20 14:23:39,529 - cuttingstock.core - INFO - Loaded and sorted data successfully
2025-08-20 14:23:39,532 - cuttingstock.core - INFO - Starting calculation process
2025-08-20 14:23:39,548 - cuttingstock.core - INFO - Loaded order data from cache | Details: cache_path: cache\order.db
2025-08-20 14:23:39,561 - cuttingstock.core - INFO - Loaded and sorted data successfully
2025-08-20 14:23:39,564 - cuttingstock.core - INFO - Starting calculation process
2025-08-20 14:23:39,580 - cuttingstock.core - INFO - Loaded order data from cache | Details: cache_path: cache\order.db
2025-08-20 14:23:39,594 - cuttingstock.core - INFO - Loaded and sorted data successfully
2025-08-20 14:23:39,597 - cuttingstock.core - INFO - Starting calculation process
2025-08-20 14:23:39,613 - cuttingstock.core - INFO - Loaded order data from cache | Details: cache_path: cache\order.db
2025-08-20 14:23:39,627 - cuttingstock.core - INFO - Loaded and sorted data successfully
2025-08-20 14:28:34,693 - cuttingstock.core - INFO - Starting calculation process
2025-08-20 14:28:34,762 - cuttingstock.core - INFO - Loaded order data from cache | Details: cache_path: cache\order.db
2025-08-20 14:28:34,781 - cuttingstock.core - INFO - Loaded and sorted data successfully
2025-08-20 14:28:46,051 - cuttingstock.core - ERROR - Out of stock: Not enough stock length available for material. | Details: width: 85, material: KB160, required_length: 433.2690344827586, material_specs: {'demand': 1380, 'front': 'KS231 ', 'middle': 'CM127 ', 'back': ' KB160', 'c': 'CM127 ', 'b': 'CM127 ', 'die_cut': 1, 'c_type': 'C', 'b_type': 'B'}, known_out_of_stock: []
2025-08-20 14:28:46,051 - cuttingstock.core - INFO - Out of stock, awaiting user interaction. | Details: width: 85, material: KB160, required_length: 433.2690344827586, material_specs: {'demand': 1380, 'front': 'KS231 ', 'middle': 'CM127 ', 'back': ' KB160', 'c': 'CM127 ', 'b': 'CM127 ', 'die_cut': 1, 'c_type': 'C', 'b_type': 'B'}
2025-08-20 14:28:58,959 - cuttingstock.core - INFO - User provided material substitution. | Details: original_specs: {'demand': 1380, 'front': 'KS231 ', 'middle': 'CM127 ', 'back': ' KB160', 'c': 'CM127 ', 'b': 'CM127 ', 'die_cut': 1, 'c_type': 'C', 'b_type': 'B'}, new_specs: {'demand': 1380, 'front': 'KS231', 'middle': 'CM127', 'back': 'KS161', 'c': 'CM127', 'b': 'CM127', 'die_cut': 1, 'c_type': 'C', 'b_type': 'B'}, changes: {'front': 'KS231', 'middle': 'CM127', 'back': 'KS161', 'c': 'CM127', 'b': 'CM127'}
2025-08-20 14:29:09,883 - cuttingstock.core - ERROR - Out of stock: Not enough stock length available for material. | Details: width: 85, material: CM127, required_length: 302.7013793103448, material_specs: {'demand': 1380, 'front': 'KS231', 'middle': 'CM127', 'back': 'KS161', 'c': 'CM127', 'b': 'CM127', 'die_cut': 1, 'c_type': 'C', 'b_type': 'B'}, known_out_of_stock: [(('b', 'CM127 '), ('back', ' KB160'), ('c', 'CM127 '), ('front', 'KS231 '), ('middle', 'CM127 '))]
2025-08-20 14:29:09,884 - cuttingstock.core - INFO - Out of stock, awaiting user interaction. | Details: width: 85, material: CM127, required_length: 302.7013793103448, material_specs: {'demand': 1380, 'front': 'KS231', 'middle': 'CM127', 'back': 'KS161', 'c': 'CM127', 'b': 'CM127', 'die_cut': 1, 'c_type': 'C', 'b_type': 'B'}
2025-08-20 14:29:25,799 - cuttingstock.core - WARNING - User cancelled material substitution. | Details: original_specs: {'demand': 1380, 'front': 'KS231', 'middle': 'CM127', 'back': 'KS161', 'c': 'CM127', 'b': 'CM127', 'die_cut': 1, 'c_type': 'C', 'b_type': 'B'}, out_of_stock_material: CM127
2025-08-20 14:29:25,970 - cuttingstock.core - INFO - Starting calculation process
2025-08-20 14:29:25,986 - cuttingstock.core - INFO - Loaded order data from cache | Details: cache_path: cache\order.db
2025-08-20 14:29:26,004 - cuttingstock.core - INFO - Loaded and sorted data successfully
2025-08-20 14:29:26,007 - cuttingstock.core - INFO - Starting calculation process
2025-08-20 14:29:26,022 - cuttingstock.core - INFO - Loaded order data from cache | Details: cache_path: cache\order.db
2025-08-20 14:29:26,033 - cuttingstock.core - INFO - Loaded and sorted data successfully
2025-08-20 14:29:26,036 - cuttingstock.core - INFO - Starting calculation process
2025-08-20 14:29:26,051 - cuttingstock.core - INFO - Loaded order data from cache | Details: cache_path: cache\order.db
2025-08-20 14:29:26,061 - cuttingstock.core - INFO - Loaded and sorted data successfully
2025-08-20 14:29:26,064 - cuttingstock.core - INFO - Starting calculation process
2025-08-20 14:29:26,079 - cuttingstock.core - INFO - Loaded order data from cache | Details: cache_path: cache\order.db
2025-08-20 14:29:26,089 - cuttingstock.core - INFO - Loaded and sorted data successfully
2025-08-20 14:29:26,092 - cuttingstock.core - INFO - Starting calculation process
2025-08-20 14:29:26,108 - cuttingstock.core - INFO - Loaded order data from cache | Details: cache_path: cache\order.db
2025-08-20 14:29:26,119 - cuttingstock.core - INFO - Loaded and sorted data successfully
2025-08-20 14:41:07,848 - cuttingstock.core - INFO - Starting calculation process
2025-08-20 14:41:07,922 - cuttingstock.core - INFO - Loaded order data from cache | Details: cache_path: cache\order.db
2025-08-20 14:41:07,943 - cuttingstock.core - INFO - Loaded and sorted data successfully
2025-08-20 14:41:18,773 - cuttingstock.core - ERROR - Out of stock: Not enough stock length available for material. | Details: width: 85, material: KB160, required_length: 433.2690344827586, material_specs: {'demand': 1380, 'front': 'KS231 ', 'middle': 'CM127 ', 'back': ' KB160', 'c': 'CM127 ', 'b': 'CM127 ', 'die_cut': 1, 'c_type': 'C', 'b_type': 'B'}, known_out_of_stock: []
2025-08-20 14:41:18,773 - cuttingstock.core - INFO - Out of stock, awaiting user interaction. | Details: width: 85, material: KB160, required_length: 433.2690344827586, material_specs: {'demand': 1380, 'front': 'KS231 ', 'middle': 'CM127 ', 'back': ' KB160', 'c': 'CM127 ', 'b': 'CM127 ', 'die_cut': 1, 'c_type': 'C', 'b_type': 'B'}
2025-08-20 14:41:24,601 - cuttingstock.core - INFO - User provided material substitution. | Details: original_specs: {'demand': 1380, 'front': 'KS231 ', 'middle': 'CM127 ', 'back': ' KB160', 'c': 'CM127 ', 'b': 'CM127 ', 'die_cut': 1, 'c_type': 'C', 'b_type': 'B'}, new_specs: {'demand': 1380, 'front': 'KS231', 'middle': 'CM127', 'back': 'KS161', 'c': 'CM127', 'b': 'CM127', 'die_cut': 1, 'c_type': 'C', 'b_type': 'B'}, changes: {'front': 'KS231', 'middle': 'CM127', 'back': 'KS161', 'c': 'CM127', 'b': 'CM127'}
2025-08-20 14:41:33,901 - cuttingstock.core - ERROR - Out of stock: Not enough stock length available for material. | Details: width: 85, material: CM127, required_length: 302.7013793103448, material_specs: {'demand': 1380, 'front': 'KS231', 'middle': 'CM127', 'back': 'KS161', 'c': 'CM127', 'b': 'CM127', 'die_cut': 1, 'c_type': 'C', 'b_type': 'B'}, known_out_of_stock: []
2025-08-20 14:41:33,902 - cuttingstock.core - INFO - Out of stock, awaiting user interaction. | Details: width: 85, material: CM127, required_length: 302.7013793103448, material_specs: {'demand': 1380, 'front': 'KS231', 'middle': 'CM127', 'back': 'KS161', 'c': 'CM127', 'b': 'CM127', 'die_cut': 1, 'c_type': 'C', 'b_type': 'B'}
2025-08-20 14:41:39,095 - cuttingstock.core - INFO - User provided material substitution. | Details: original_specs: {'demand': 1380, 'front': 'KS231', 'middle': 'CM127', 'back': 'KS161', 'c': 'CM127', 'b': 'CM127', 'die_cut': 1, 'c_type': 'C', 'b_type': 'B'}, new_specs: {'demand': 1380, 'front': 'KS231', 'middle': 'CM147', 'back': 'KS161', 'c': 'CM127', 'b': 'CM127', 'die_cut': 1, 'c_type': 'C', 'b_type': 'B'}, changes: {'middle': 'CM147'}
2025-08-20 14:41:39,098 - cuttingstock.core - ERROR - Out of stock: Not enough stock length available for material. | Details: width: 85, material: CM127, required_length: 408.6468620689655, material_specs: {'demand': 1380, 'front': 'KS231', 'middle': 'CM147', 'back': 'KS161', 'c': 'CM127', 'b': 'CM127', 'die_cut': 1, 'c_type': 'C', 'b_type': 'B'}, known_out_of_stock: [('85', 'CM127')]
2025-08-20 14:41:39,098 - cuttingstock.core - INFO - Out of stock, awaiting user interaction. | Details: width: 85, material: CM127, required_length: 408.6468620689655, material_specs: {'demand': 1380, 'front': 'KS231', 'middle': 'CM147', 'back': 'KS161', 'c': 'CM127', 'b': 'CM127', 'die_cut': 1, 'c_type': 'C', 'b_type': 'B'}
2025-08-20 14:44:20,082 - cuttingstock.core - INFO - Starting calculation process
2025-08-20 14:44:20,102 - cuttingstock.core - INFO - Loaded order data from cache | Details: cache_path: cache\order.db
2025-08-20 14:44:20,115 - cuttingstock.core - INFO - Loaded and sorted data successfully
2025-08-20 14:44:30,898 - cuttingstock.core - ERROR - Out of stock: Not enough stock length available for material. | Details: width: 85, material: KB160, required_length: 433.2690344827586, material_specs: {'demand': 1380, 'front': 'KS231 ', 'middle': 'CM127 ', 'back': ' KB160', 'c': 'CM127 ', 'b': 'CM127 ', 'die_cut': 1, 'c_type': 'C', 'b_type': 'B'}, known_out_of_stock: []
2025-08-20 14:44:30,898 - cuttingstock.core - INFO - Out of stock, awaiting user interaction. | Details: width: 85, material: KB160, required_length: 433.2690344827586, material_specs: {'demand': 1380, 'front': 'KS231 ', 'middle': 'CM127 ', 'back': ' KB160', 'c': 'CM127 ', 'b': 'CM127 ', 'die_cut': 1, 'c_type': 'C', 'b_type': 'B'}
2025-08-20 14:44:39,700 - cuttingstock.core - INFO - User provided material substitution. | Details: original_specs: {'demand': 1380, 'front': 'KS231 ', 'middle': 'CM127 ', 'back': ' KB160', 'c': 'CM127 ', 'b': 'CM127 ', 'die_cut': 1, 'c_type': 'C', 'b_type': 'B'}, new_specs: {'demand': 1380, 'front': 'KS231', 'middle': 'CM127', 'back': 'KS161', 'c': 'CM127', 'b': 'CM127', 'die_cut': 1, 'c_type': 'C', 'b_type': 'B'}, changes: {'front': 'KS231', 'middle': 'CM127', 'back': 'KS161', 'c': 'CM127', 'b': 'CM127'}
2025-08-20 14:44:49,016 - cuttingstock.core - ERROR - Out of stock: Not enough stock length available for material. | Details: width: 85, material: CM127, required_length: 302.7013793103448, material_specs: {'demand': 1380, 'front': 'KS231', 'middle': 'CM127', 'back': 'KS161', 'c': 'CM127', 'b': 'CM127', 'die_cut': 1, 'c_type': 'C', 'b_type': 'B'}, known_out_of_stock: []
2025-08-20 14:44:49,016 - cuttingstock.core - INFO - Out of stock, awaiting user interaction. | Details: width: 85, material: CM127, required_length: 302.7013793103448, material_specs: {'demand': 1380, 'front': 'KS231', 'middle': 'CM127', 'back': 'KS161', 'c': 'CM127', 'b': 'CM127', 'die_cut': 1, 'c_type': 'C', 'b_type': 'B'}
2025-08-20 14:48:42,475 - cuttingstock.core - INFO - User provided material substitution. | Details: original_specs: {'demand': 1380, 'front': 'KS231', 'middle': 'CM127', 'back': 'KS161', 'c': 'CM127', 'b': 'CM127', 'die_cut': 1, 'c_type': 'C', 'b_type': 'B'}, new_specs: {'demand': 1380, 'front': 'KS231', 'middle': 'CM147', 'back': 'KS161', 'c': 'CM127', 'b': 'CM127', 'die_cut': 1, 'c_type': 'C', 'b_type': 'B'}, changes: {'middle': 'CM147'}
2025-08-20 14:48:42,478 - cuttingstock.core - ERROR - Out of stock: Not enough stock length available for material. | Details: width: 85, material: CM127, required_length: 408.6468620689655, material_specs: {'demand': 1380, 'front': 'KS231', 'middle': 'CM147', 'back': 'KS161', 'c': 'CM127', 'b': 'CM127', 'die_cut': 1, 'c_type': 'C', 'b_type': 'B'}, known_out_of_stock: [('85', 'CM127')]
2025-08-20 14:48:42,478 - cuttingstock.core - INFO - Out of stock, awaiting user interaction. | Details: width: 85, material: CM127, required_length: 408.6468620689655, material_specs: {'demand': 1380, 'front': 'KS231', 'middle': 'CM147', 'back': 'KS161', 'c': 'CM127', 'b': 'CM127', 'die_cut': 1, 'c_type': 'C', 'b_type': 'B'}
2025-08-20 14:48:46,996 - cuttingstock.core - INFO - User provided material substitution. | Details: original_specs: {'demand': 1380, 'front': 'KS231', 'middle': 'CM147', 'back': 'KS161', 'c': 'CM127', 'b': 'CM127', 'die_cut': 1, 'c_type': 'C', 'b_type': 'B'}, new_specs: {'demand': 1380, 'front': 'KS231', 'middle': 'CM147', 'back': 'KS161', 'c': 'CM147', 'b': 'CM147', 'die_cut': 1, 'c_type': 'C', 'b_type': 'B'}, changes: {'c': 'CM147', 'b': 'CM147'}
2025-08-20 14:48:47,000 - cuttingstock.core - ERROR - Out of stock: Not enough stock length available for material. | Details: width: 85, material: CM147, required_length: 408.6468620689655, material_specs: {'demand': 1380, 'front': 'KS231', 'middle': 'CM147', 'back': 'KS161', 'c': 'CM147', 'b': 'CM147', 'die_cut': 1, 'c_type': 'C', 'b_type': 'B'}, known_out_of_stock: [('85', 'CM127'), ('85', 'CM127')]
2025-08-20 14:48:47,000 - cuttingstock.core - INFO - Out of stock, awaiting user interaction. | Details: width: 85, material: CM147, required_length: 408.6468620689655, material_specs: {'demand': 1380, 'front': 'KS231', 'middle': 'CM147', 'back': 'KS161', 'c': 'CM147', 'b': 'CM147', 'die_cut': 1, 'c_type': 'C', 'b_type': 'B'}
2025-08-20 14:49:48,716 - cuttingstock.core - WARNING - User cancelled material substitution. | Details: original_specs: {'demand': 1380, 'front': 'KS231', 'middle': 'CM147', 'back': 'KS161', 'c': 'CM147', 'b': 'CM147', 'die_cut': 1, 'c_type': 'C', 'b_type': 'B'}, out_of_stock_material: CM147
2025-08-20 14:49:48,925 - cuttingstock.core - INFO - Starting calculation process
2025-08-20 14:49:48,942 - cuttingstock.core - INFO - Loaded order data from cache | Details: cache_path: cache\order.db
2025-08-20 14:49:48,962 - cuttingstock.core - INFO - Loaded and sorted data successfully
2025-08-20 14:49:48,966 - cuttingstock.core - INFO - Starting calculation process
2025-08-20 14:49:48,982 - cuttingstock.core - INFO - Loaded order data from cache | Details: cache_path: cache\order.db
2025-08-20 14:49:49,060 - cuttingstock.core - INFO - Loaded and sorted data successfully
2025-08-20 14:49:49,087 - cuttingstock.core - INFO - Starting calculation process
2025-08-20 14:49:49,111 - cuttingstock.core - INFO - Loaded order data from cache | Details: cache_path: cache\order.db
2025-08-20 14:49:49,153 - cuttingstock.core - INFO - Loaded and sorted data successfully
2025-08-20 14:49:49,157 - cuttingstock.core - INFO - Starting calculation process
2025-08-20 14:49:49,175 - cuttingstock.core - INFO - Loaded order data from cache | Details: cache_path: cache\order.db
2025-08-20 14:49:49,220 - cuttingstock.core - INFO - Loaded and sorted data successfully
2025-08-20 14:49:49,226 - cuttingstock.core - INFO - Starting calculation process
2025-08-20 14:49:49,248 - cuttingstock.core - INFO - Loaded order data from cache | Details: cache_path: cache\order.db
2025-08-20 14:49:49,262 - cuttingstock.core - INFO - Loaded and sorted data successfully
2025-08-20 14:50:02,066 - cuttingstock.core - INFO - Starting calculation process
2025-08-20 14:50:02,083 - cuttingstock.core - INFO - Loaded order data from cache | Details: cache_path: cache\order.db
2025-08-20 14:50:02,093 - cuttingstock.core - INFO - Loaded and sorted data successfully
2025-08-20 14:50:02,096 - cuttingstock.core - INFO - Starting calculation process
2025-08-20 14:50:02,112 - cuttingstock.core - INFO - Loaded order data from cache | Details: cache_path: cache\order.db
2025-08-20 14:50:02,122 - cuttingstock.core - INFO - Loaded and sorted data successfully
2025-08-20 14:50:02,125 - cuttingstock.core - INFO - Starting calculation process
2025-08-20 14:50:02,140 - cuttingstock.core - INFO - Loaded order data from cache | Details: cache_path: cache\order.db
2025-08-20 14:50:02,149 - cuttingstock.core - INFO - Loaded and sorted data successfully
2025-08-20 14:50:02,517 - cuttingstock.core - ERROR - Out of stock: Not enough stock length available for material. | Details: width: 85, material: KB160, required_length: 764.846551724138, material_specs: {'demand': 4980, 'front': 'KS231 ', 'back': ' KB160', 'c': 'CM127 ', 'die_cut': 1, 'c_type': 'C', 'b_type': None}, known_out_of_stock: []
2025-08-20 14:50:02,517 - cuttingstock.core - INFO - Out of stock, awaiting user interaction. | Details: width: 85, material: KB160, required_length: 764.846551724138, material_specs: {'demand': 4980, 'front': 'KS231 ', 'back': ' KB160', 'c': 'CM127 ', 'die_cut': 1, 'c_type': 'C', 'b_type': None}
2025-08-20 14:52:51,359 - cuttingstock.core - INFO - User provided material substitution. | Details: original_specs: {'demand': 4980, 'front': 'KS231 ', 'back': ' KB160', 'c': 'CM127 ', 'die_cut': 1, 'c_type': 'C', 'b_type': None}, new_specs: {'demand': 4980, 'front': 'KS231', 'back': 'KS161', 'c': 'CM127', 'die_cut': 1, 'c_type': 'C', 'b_type': None}, changes: {'front': 'KS231', 'back': 'KS161', 'c': 'CM127'}
2025-08-20 14:52:51,363 - cuttingstock.core - ERROR - Out of stock: Not enough stock length available for material. | Details: width: 85, material: CM127, required_length: 1109.0275, material_specs: {'demand': 4980, 'front': 'KS231', 'back': 'KS161', 'c': 'CM127', 'die_cut': 1, 'c_type': 'C', 'b_type': None}, known_out_of_stock: [('85', 'KB160')]
2025-08-20 14:52:51,364 - cuttingstock.core - INFO - Out of stock, awaiting user interaction. | Details: width: 85, material: CM127, required_length: 1109.0275, material_specs: {'demand': 4980, 'front': 'KS231', 'back': 'KS161', 'c': 'CM127', 'die_cut': 1, 'c_type': 'C', 'b_type': None}
2025-08-20 14:52:54,260 - cuttingstock.core - INFO - User provided material substitution. | Details: original_specs: {'demand': 4980, 'front': 'KS231', 'back': 'KS161', 'c': 'CM127', 'die_cut': 1, 'c_type': 'C', 'b_type': None}, new_specs: {'demand': 4980, 'front': 'KS231', 'back': 'KS161', 'c': 'CM147', 'die_cut': 1, 'c_type': 'C', 'b_type': None}, changes: {'c': 'CM147'}
2025-08-20 14:53:10,989 - cuttingstock.core - ERROR - Out of stock: Not enough stock length available for material. | Details: width: 85, material: CM147, required_length: 702.3092, material_specs: {'demand': 4980, 'front': 'KS231', 'back': 'KS161', 'c': 'CM147', 'die_cut': 1, 'c_type': 'C', 'b_type': None}, known_out_of_stock: []
2025-08-20 14:53:10,989 - cuttingstock.core - INFO - Out of stock, awaiting user interaction. | Details: width: 85, material: CM147, required_length: 702.3092, material_specs: {'demand': 4980, 'front': 'KS231', 'back': 'KS161', 'c': 'CM147', 'die_cut': 1, 'c_type': 'C', 'b_type': None}
2025-08-20 14:53:18,478 - cuttingstock.core - INFO - User provided material substitution. | Details: original_specs: {'demand': 4980, 'front': 'KS231', 'back': 'KS161', 'c': 'CM147', 'die_cut': 1, 'c_type': 'C', 'b_type': None}, new_specs: {'demand': 4980, 'front': 'KS231', 'back': 'KS161', 'c': 'CM127', 'die_cut': 1, 'c_type': 'C', 'b_type': None}, changes: {'c': 'CM127'}
2025-08-20 14:53:20,392 - cuttingstock.core - INFO - Starting calculation process
2025-08-20 14:53:20,414 - cuttingstock.core - INFO - Loaded order data from cache | Details: cache_path: cache\order.db
2025-08-20 14:53:20,425 - cuttingstock.core - INFO - Loaded and sorted data successfully
2025-08-20 14:53:20,428 - cuttingstock.core - INFO - Starting calculation process
2025-08-20 14:53:20,443 - cuttingstock.core - INFO - Loaded order data from cache | Details: cache_path: cache\order.db
2025-08-20 14:53:20,453 - cuttingstock.core - INFO - Loaded and sorted data successfully
2025-08-20 14:53:20,456 - cuttingstock.core - INFO - Starting calculation process
2025-08-20 14:53:20,472 - cuttingstock.core - INFO - Loaded order data from cache | Details: cache_path: cache\order.db
2025-08-20 14:53:20,558 - cuttingstock.core - INFO - Loaded and sorted data successfully
2025-08-20 14:53:20,564 - cuttingstock.core - INFO - Starting calculation process
2025-08-20 14:53:20,602 - cuttingstock.core - INFO - Loaded order data from cache | Details: cache_path: cache\order.db
2025-08-20 14:53:20,640 - cuttingstock.core - INFO - Loaded and sorted data successfully
2025-08-20 14:53:20,646 - cuttingstock.core - INFO - Starting calculation process
2025-08-20 14:53:20,664 - cuttingstock.core - INFO - Loaded order data from cache | Details: cache_path: cache\order.db
2025-08-20 14:53:20,705 - cuttingstock.core - INFO - Loaded and sorted data successfully
2025-08-20 14:53:21,120 - cuttingstock.core - ERROR - Out of stock: Not enough stock length available for material. | Details: width: 82, material: KB160, required_length: 600.0749655172414, material_specs: {'demand': 1000, 'front': 'KB160 ', 'middle': 'CM127 ', 'back': ' KB160', 'c': 'CM127 ', 'b': 'CM127 ', 'die_cut': 1, 'c_type': 'C', 'b_type': 'B'}, known_out_of_stock: []
2025-08-20 14:53:21,120 - cuttingstock.core - INFO - Out of stock, awaiting user interaction. | Details: width: 82, material: KB160, required_length: 600.0749655172414, material_specs: {'demand': 1000, 'front': 'KB160 ', 'middle': 'CM127 ', 'back': ' KB160', 'c': 'CM127 ', 'b': 'CM127 ', 'die_cut': 1, 'c_type': 'C', 'b_type': 'B'}
2025-08-20 14:53:27,069 - cuttingstock.core - INFO - User provided material substitution. | Details: original_specs: {'demand': 1000, 'front': 'KB160 ', 'middle': 'CM127 ', 'back': ' KB160', 'c': 'CM127 ', 'b': 'CM127 ', 'die_cut': 1, 'c_type': 'C', 'b_type': 'B'}, new_specs: {'demand': 1000, 'front': 'KB160', 'middle': 'CM127', 'back': 'KS161', 'c': 'CM127', 'b': 'CM127', 'die_cut': 1, 'c_type': 'C', 'b_type': 'B'}, changes: {'front': 'KB160', 'middle': 'CM127', 'back': 'KS161', 'c': 'CM127', 'b': 'CM127'}
2025-08-20 14:53:27,076 - cuttingstock.core - ERROR - Out of stock: Not enough stock length available for material. | Details: width: 82, material: KB160, required_length: 600.0749655172414, material_specs: {'demand': 1000, 'front': 'KB160', 'middle': 'CM127', 'back': 'KS161', 'c': 'CM127', 'b': 'CM127', 'die_cut': 1, 'c_type': 'C', 'b_type': 'B'}, known_out_of_stock: [('82', 'KB160')]
2025-08-20 14:53:27,080 - cuttingstock.core - INFO - Out of stock, awaiting user interaction. | Details: width: 82, material: KB160, required_length: 600.0749655172414, material_specs: {'demand': 1000, 'front': 'KB160', 'middle': 'CM127', 'back': 'KS161', 'c': 'CM127', 'b': 'CM127', 'die_cut': 1, 'c_type': 'C', 'b_type': 'B'}
2025-08-20 14:53:31,774 - cuttingstock.core - INFO - User provided material substitution. | Details: original_specs: {'demand': 1000, 'front': 'KB160', 'middle': 'CM127', 'back': 'KS161', 'c': 'CM127', 'b': 'CM127', 'die_cut': 1, 'c_type': 'C', 'b_type': 'B'}, new_specs: {'demand': 1000, 'front': 'KS161', 'middle': 'CM127', 'back': 'KS161', 'c': 'CM127', 'b': 'CM127', 'die_cut': 1, 'c_type': 'C', 'b_type': 'B'}, changes: {'front': 'KS161'}
2025-08-20 14:53:32,522 - cuttingstock.core - INFO - Starting calculation process
2025-08-20 14:53:32,538 - cuttingstock.core - INFO - Loaded order data from cache | Details: cache_path: cache\order.db
2025-08-20 14:53:32,549 - cuttingstock.core - INFO - Loaded and sorted data successfully
2025-08-20 14:53:32,554 - cuttingstock.core - INFO - Starting calculation process
2025-08-20 14:53:32,569 - cuttingstock.core - INFO - Loaded order data from cache | Details: cache_path: cache\order.db
2025-08-20 14:53:32,700 - cuttingstock.core - INFO - Loaded and sorted data successfully
2025-08-20 14:53:32,705 - cuttingstock.core - INFO - Starting calculation process
2025-08-20 14:53:32,724 - cuttingstock.core - INFO - Loaded order data from cache | Details: cache_path: cache\order.db
2025-08-20 14:53:32,742 - cuttingstock.core - INFO - Loaded and sorted data successfully
2025-08-20 14:53:32,747 - cuttingstock.core - INFO - Starting calculation process
2025-08-20 14:53:32,768 - cuttingstock.core - INFO - Loaded order data from cache | Details: cache_path: cache\order.db
2025-08-20 14:53:32,808 - cuttingstock.core - INFO - Loaded and sorted data successfully
2025-08-20 14:53:32,814 - cuttingstock.core - INFO - Starting calculation process
2025-08-20 14:53:32,832 - cuttingstock.core - INFO - Loaded order data from cache | Details: cache_path: cache\order.db
2025-08-20 14:53:32,843 - cuttingstock.core - INFO - Loaded and sorted data successfully
2025-08-20 14:53:32,846 - cuttingstock.core - INFO - Starting calculation process
2025-08-20 14:53:32,863 - cuttingstock.core - INFO - Loaded order data from cache | Details: cache_path: cache\order.db
2025-08-20 14:53:32,873 - cuttingstock.core - INFO - Loaded and sorted data successfully
2025-08-20 14:53:32,876 - cuttingstock.core - INFO - Starting calculation process
2025-08-20 14:53:32,892 - cuttingstock.core - INFO - Loaded order data from cache | Details: cache_path: cache\order.db
2025-08-20 14:53:32,902 - cuttingstock.core - INFO - Loaded and sorted data successfully
2025-08-20 14:53:37,337 - cuttingstock.core - ERROR - Out of stock: Not enough stock length available for material. | Details: width: 82, material: KB160, required_length: 4322.372344827587, material_specs: {'demand': 13900, 'front': 'KS161 ', 'middle': 'CM127 ', 'back': ' KB160', 'c': 'CM127 ', 'b': 'CM127 ', 'die_cut': 1, 'c_type': 'C', 'b_type': 'B'}, known_out_of_stock: []
2025-08-20 14:53:37,337 - cuttingstock.core - INFO - Out of stock, awaiting user interaction. | Details: width: 82, material: KB160, required_length: 4322.372344827587, material_specs: {'demand': 13900, 'front': 'KS161 ', 'middle': 'CM127 ', 'back': ' KB160', 'c': 'CM127 ', 'b': 'CM127 ', 'die_cut': 1, 'c_type': 'C', 'b_type': 'B'}
2025-08-20 14:53:43,358 - cuttingstock.core - INFO - User provided material substitution. | Details: original_specs: {'demand': 13900, 'front': 'KS161 ', 'middle': 'CM127 ', 'back': ' KB160', 'c': 'CM127 ', 'b': 'CM127 ', 'die_cut': 1, 'c_type': 'C', 'b_type': 'B'}, new_specs: {'demand': 13900, 'front': 'KS161', 'middle': 'CM127', 'back': 'KS161', 'c': 'CM127', 'b': 'CM127', 'die_cut': 1, 'c_type': 'C', 'b_type': 'B'}, changes: {'front': 'KS161', 'middle': 'CM127', 'back': 'KS161', 'c': 'CM127', 'b': 'CM127'}
2025-08-20 14:53:43,368 - cuttingstock.core - ERROR - Out of stock: Not enough stock length available for material. | Details: width: 82, material: CM127, required_length: 6267.4399, material_specs: {'demand': 13900, 'front': 'KS161', 'middle': 'CM127', 'back': 'KS161', 'c': 'CM127', 'b': 'CM127', 'die_cut': 1, 'c_type': 'C', 'b_type': 'B'}, known_out_of_stock: [('82', 'KB160')]
2025-08-20 14:53:43,378 - cuttingstock.core - INFO - Out of stock, awaiting user interaction. | Details: width: 82, material: CM127, required_length: 6267.4399, material_specs: {'demand': 13900, 'front': 'KS161', 'middle': 'CM127', 'back': 'KS161', 'c': 'CM127', 'b': 'CM127', 'die_cut': 1, 'c_type': 'C', 'b_type': 'B'}
2025-08-20 14:53:48,156 - cuttingstock.core - INFO - User provided material substitution. | Details: original_specs: {'demand': 13900, 'front': 'KS161', 'middle': 'CM127', 'back': 'KS161', 'c': 'CM127', 'b': 'CM127', 'die_cut': 1, 'c_type': 'C', 'b_type': 'B'}, new_specs: {'demand': 13900, 'front': 'KS161', 'middle': 'CM112', 'back': 'KS161', 'c': 'CM112', 'b': 'CM112', 'die_cut': 1, 'c_type': 'C', 'b_type': 'B'}, changes: {'middle': 'CM112', 'c': 'CM112', 'b': 'CM112'}
2025-08-20 14:53:48,164 - cuttingstock.core - ERROR - Out of stock: Not enough stock length available for material. | Details: width: 82, material: CM112, required_length: 4322.372344827587, material_specs: {'demand': 13900, 'front': 'KS161', 'middle': 'CM112', 'back': 'KS161', 'c': 'CM112', 'b': 'CM112', 'die_cut': 1, 'c_type': 'C', 'b_type': 'B'}, known_out_of_stock: [('82', 'KB160'), ('82', 'CM127')]
2025-08-20 14:53:48,166 - cuttingstock.core - INFO - Out of stock, awaiting user interaction. | Details: width: 82, material: CM112, required_length: 4322.372344827587, material_specs: {'demand': 13900, 'front': 'KS161', 'middle': 'CM112', 'back': 'KS161', 'c': 'CM112', 'b': 'CM112', 'die_cut': 1, 'c_type': 'C', 'b_type': 'B'}
2025-08-20 14:53:53,053 - cuttingstock.core - INFO - User provided material substitution. | Details: original_specs: {'demand': 13900, 'front': 'KS161', 'middle': 'CM112', 'back': 'KS161', 'c': 'CM112', 'b': 'CM112', 'die_cut': 1, 'c_type': 'C', 'b_type': 'B'}, new_specs: {'demand': 13900, 'front': 'KS161', 'middle': 'CM190', 'back': 'KS161', 'c': 'CM190', 'b': 'CM190', 'die_cut': 1, 'c_type': 'C', 'b_type': 'B'}, changes: {'middle': 'CM190', 'c': 'CM190', 'b': 'CM190'}
2025-08-20 14:54:02,939 - cuttingstock.core - ERROR - Out of stock: Not enough stock length available for material. | Details: width: 82, material: CM190, required_length: 532.9564137931035, material_specs: {'demand': 13900, 'front': 'KS161', 'middle': 'CM190', 'back': 'KS161', 'c': 'CM190', 'b': 'CM190', 'die_cut': 1, 'c_type': 'C', 'b_type': 'B'}, known_out_of_stock: []
2025-08-20 14:54:02,940 - cuttingstock.core - INFO - Out of stock, awaiting user interaction. | Details: width: 82, material: CM190, required_length: 532.9564137931035, material_specs: {'demand': 13900, 'front': 'KS161', 'middle': 'CM190', 'back': 'KS161', 'c': 'CM190', 'b': 'CM190', 'die_cut': 1, 'c_type': 'C', 'b_type': 'B'}
2025-08-20 14:54:13,559 - cuttingstock.core - INFO - User provided material substitution. | Details: original_specs: {'demand': 13900, 'front': 'KS161', 'middle': 'CM190', 'back': 'KS161', 'c': 'CM190', 'b': 'CM190', 'die_cut': 1, 'c_type': 'C', 'b_type': 'B'}, new_specs: {'demand': 13900, 'front': 'KS161', 'middle': 'CM127', 'back': 'KS161', 'c': 'CM127', 'b': 'CM127', 'die_cut': 1, 'c_type': 'C', 'b_type': 'B'}, changes: {'middle': 'CM127', 'c': 'CM127', 'b': 'CM127'}
2025-08-20 14:54:16,664 - cuttingstock.core - ERROR - Out of stock: Not enough stock length available for material. | Details: width: 82, material: CM127, required_length: 1990.5114, material_specs: {'demand': 13900, 'front': 'KS161', 'middle': 'CM127', 'back': 'KS161', 'c': 'CM127', 'b': 'CM127', 'die_cut': 1, 'c_type': 'C', 'b_type': 'B'}, known_out_of_stock: []
2025-08-20 14:54:16,664 - cuttingstock.core - INFO - Out of stock, awaiting user interaction. | Details: width: 82, material: CM127, required_length: 1990.5114, material_specs: {'demand': 13900, 'front': 'KS161', 'middle': 'CM127', 'back': 'KS161', 'c': 'CM127', 'b': 'CM127', 'die_cut': 1, 'c_type': 'C', 'b_type': 'B'}
2025-08-20 14:54:25,070 - cuttingstock.core - INFO - User provided material substitution. | Details: original_specs: {'demand': 13900, 'front': 'KS161', 'middle': 'CM127', 'back': 'KS161', 'c': 'CM127', 'b': 'CM127', 'die_cut': 1, 'c_type': 'C', 'b_type': 'B'}, new_specs: {'demand': 13900, 'front': 'KS161', 'middle': 'CM112', 'back': 'KS161', 'c': 'CM112', 'b': 'CM112', 'die_cut': 1, 'c_type': 'C', 'b_type': 'B'}, changes: {'middle': 'CM112', 'c': 'CM112', 'b': 'CM112'}
2025-08-20 14:54:25,097 - cuttingstock.core - ERROR - Out of stock: Not enough stock length available for material. | Details: width: 82, material: CM112, required_length: 1372.766482758621, material_specs: {'demand': 13900, 'front': 'KS161', 'middle': 'CM112', 'back': 'KS161', 'c': 'CM112', 'b': 'CM112', 'die_cut': 1, 'c_type': 'C', 'b_type': 'B'}, known_out_of_stock: [('82', 'CM127')]
2025-08-20 14:54:25,104 - cuttingstock.core - INFO - Out of stock, awaiting user interaction. | Details: width: 82, material: CM112, required_length: 1372.766482758621, material_specs: {'demand': 13900, 'front': 'KS161', 'middle': 'CM112', 'back': 'KS161', 'c': 'CM112', 'b': 'CM112', 'die_cut': 1, 'c_type': 'C', 'b_type': 'B'}
2025-08-20 14:54:28,494 - cuttingstock.core - INFO - User provided material substitution. | Details: original_specs: {'demand': 13900, 'front': 'KS161', 'middle': 'CM112', 'back': 'KS161', 'c': 'CM112', 'b': 'CM112', 'die_cut': 1, 'c_type': 'C', 'b_type': 'B'}, new_specs: {'demand': 13900, 'front': 'KS161', 'middle': 'CM190', 'back': 'KS161', 'c': 'CM190', 'b': 'CM190', 'die_cut': 1, 'c_type': 'C', 'b_type': 'B'}, changes: {'middle': 'CM190', 'c': 'CM190', 'b': 'CM190'}
2025-08-20 14:54:28,500 - cuttingstock.core - ERROR - Out of stock: Not enough stock length available for material. | Details: width: 82, material: CM190, required_length: 1990.5114, material_specs: {'demand': 13900, 'front': 'KS161', 'middle': 'CM190', 'back': 'KS161', 'c': 'CM190', 'b': 'CM190', 'die_cut': 1, 'c_type': 'C', 'b_type': 'B'}, known_out_of_stock: [('82', 'CM127'), ('82', 'CM112')]
2025-08-20 14:54:28,503 - cuttingstock.core - INFO - Out of stock, awaiting user interaction. | Details: width: 82, material: CM190, required_length: 1990.5114, material_specs: {'demand': 13900, 'front': 'KS161', 'middle': 'CM190', 'back': 'KS161', 'c': 'CM190', 'b': 'CM190', 'die_cut': 1, 'c_type': 'C', 'b_type': 'B'}
2025-08-20 14:54:35,966 - cuttingstock.core - INFO - User provided material substitution. | Details: original_specs: {'demand': 13900, 'front': 'KS161', 'middle': 'CM190', 'back': 'KS161', 'c': 'CM190', 'b': 'CM190', 'die_cut': 1, 'c_type': 'C', 'b_type': 'B'}, new_specs: {'demand': 13900, 'front': 'KS161', 'middle': 'CME100', 'back': 'KS161', 'c': 'CME100', 'b': 'CME100', 'die_cut': 1, 'c_type': 'C', 'b_type': 'B'}, changes: {'middle': 'CME100', 'c': 'CME100', 'b': 'CME100'}
2025-08-20 14:54:35,969 - cuttingstock.core - ERROR - Out of stock: Not enough stock length available for material. | Details: width: 82, material: CME100, required_length: 1372.766482758621, material_specs: {'demand': 13900, 'front': 'KS161', 'middle': 'CME100', 'back': 'KS161', 'c': 'CME100', 'b': 'CME100', 'die_cut': 1, 'c_type': 'C', 'b_type': 'B'}, known_out_of_stock: [('82', 'CM127'), ('82', 'CM112'), ('82', 'CM190')]
2025-08-20 14:54:35,970 - cuttingstock.core - INFO - Out of stock, awaiting user interaction. | Details: width: 82, material: CME100, required_length: 1372.766482758621, material_specs: {'demand': 13900, 'front': 'KS161', 'middle': 'CME100', 'back': 'KS161', 'c': 'CME100', 'b': 'CME100', 'die_cut': 1, 'c_type': 'C', 'b_type': 'B'}
2025-08-20 14:54:41,429 - cuttingstock.core - INFO - User provided material substitution. | Details: original_specs: {'demand': 13900, 'front': 'KS161', 'middle': 'CME100', 'back': 'KS161', 'c': 'CME100', 'b': 'CME100', 'die_cut': 1, 'c_type': 'C', 'b_type': 'B'}, new_specs: {'demand': 13900, 'front': 'KS161', 'middle': 'CME150', 'back': 'KS161', 'c': 'CME150', 'b': 'CME150', 'die_cut': 1, 'c_type': 'C', 'b_type': 'B'}, changes: {'middle': 'CME150', 'c': 'CME150', 'b': 'CME150'}
2025-08-20 14:54:51,169 - cuttingstock.core - INFO - Starting calculation process
2025-08-20 14:54:51,223 - cuttingstock.core - INFO - Loaded order data from cache | Details: cache_path: cache\order.db
2025-08-20 14:54:51,232 - cuttingstock.core - INFO - Loaded and sorted data successfully
2025-08-20 14:54:51,236 - cuttingstock.core - INFO - Starting calculation process
2025-08-20 14:54:51,252 - cuttingstock.core - INFO - Loaded order data from cache | Details: cache_path: cache\order.db
2025-08-20 14:54:51,276 - cuttingstock.core - INFO - Loaded and sorted data successfully
2025-08-20 14:54:51,280 - cuttingstock.core - INFO - Starting calculation process
2025-08-20 14:54:51,313 - cuttingstock.core - INFO - Loaded order data from cache | Details: cache_path: cache\order.db
2025-08-20 14:54:51,333 - cuttingstock.core - INFO - Loaded and sorted data successfully
2025-08-20 14:54:51,339 - cuttingstock.core - INFO - Starting calculation process
2025-08-20 14:54:51,361 - cuttingstock.core - INFO - Loaded order data from cache | Details: cache_path: cache\order.db
2025-08-20 14:54:51,372 - cuttingstock.core - INFO - Loaded and sorted data successfully
2025-08-20 14:54:51,376 - cuttingstock.core - INFO - Starting calculation process
2025-08-20 14:54:51,397 - cuttingstock.core - INFO - Loaded order data from cache | Details: cache_path: cache\order.db
2025-08-20 14:54:51,408 - cuttingstock.core - INFO - Loaded and sorted data successfully
2025-08-20 14:54:51,412 - cuttingstock.core - INFO - Starting calculation process
2025-08-20 14:54:51,427 - cuttingstock.core - INFO - Loaded order data from cache | Details: cache_path: cache\order.db
2025-08-20 14:54:51,437 - cuttingstock.core - INFO - Loaded and sorted data successfully
2025-08-20 14:54:54,905 - cuttingstock.core - ERROR - Out of stock: Not enough stock length available for material. | Details: width: 82, material: CM127, required_length: 211.6803724137931, material_specs: {'demand': 2400, 'front': 'CM127 ', 'middle': 'CM127 ', 'back': ' CM127', 'c': 'CM127 ', 'b': 'CM127 ', 'die_cut': 1, 'c_type': 'C', 'b_type': 'B'}, known_out_of_stock: []
2025-08-20 14:54:54,905 - cuttingstock.core - INFO - Out of stock, awaiting user interaction. | Details: width: 82, material: CM127, required_length: 211.6803724137931, material_specs: {'demand': 2400, 'front': 'CM127 ', 'middle': 'CM127 ', 'back': ' CM127', 'c': 'CM127 ', 'b': 'CM127 ', 'die_cut': 1, 'c_type': 'C', 'b_type': 'B'}
2025-08-20 14:55:16,621 - cuttingstock.core - INFO - User provided material substitution. | Details: original_specs: {'demand': 2400, 'front': 'CM127 ', 'middle': 'CM127 ', 'back': ' CM127', 'c': 'CM127 ', 'b': 'CM127 ', 'die_cut': 1, 'c_type': 'C', 'b_type': 'B'}, new_specs: {'demand': 2400, 'front': 'CM112', 'middle': 'CM190', 'back': 'CM127', 'c': 'CM112', 'b': 'CM127', 'die_cut': 1, 'c_type': 'C', 'b_type': 'B'}, changes: {'front': 'CM112', 'middle': 'CM190', 'back': 'CM127', 'c': 'CM112', 'b': 'CM127'}
2025-08-20 14:55:19,300 - cuttingstock.core - INFO - Starting calculation process
2025-08-20 14:55:19,316 - cuttingstock.core - INFO - Loaded order data from cache | Details: cache_path: cache\order.db
2025-08-20 14:55:19,325 - cuttingstock.core - INFO - Loaded and sorted data successfully
2025-08-20 14:55:19,328 - cuttingstock.core - INFO - Starting calculation process
2025-08-20 14:55:19,345 - cuttingstock.core - INFO - Loaded order data from cache | Details: cache_path: cache\order.db
2025-08-20 14:55:19,355 - cuttingstock.core - INFO - Loaded and sorted data successfully
2025-08-20 14:55:19,358 - cuttingstock.core - INFO - Starting calculation process
2025-08-20 14:55:19,374 - cuttingstock.core - INFO - Loaded order data from cache | Details: cache_path: cache\order.db
2025-08-20 14:55:19,384 - cuttingstock.core - INFO - Loaded and sorted data successfully
2025-08-20 14:55:19,387 - cuttingstock.core - INFO - Starting calculation process
2025-08-20 14:55:19,406 - cuttingstock.core - INFO - Loaded order data from cache | Details: cache_path: cache\order.db
2025-08-20 14:55:19,417 - cuttingstock.core - INFO - Loaded and sorted data successfully
2025-08-20 14:55:19,421 - cuttingstock.core - INFO - Starting calculation process
2025-08-20 14:55:19,436 - cuttingstock.core - INFO - Loaded order data from cache | Details: cache_path: cache\order.db
2025-08-20 14:55:19,557 - cuttingstock.core - INFO - Loaded and sorted data successfully
2025-08-20 14:55:19,560 - cuttingstock.core - INFO - Starting calculation process
2025-08-20 14:55:19,579 - cuttingstock.core - INFO - Loaded order data from cache | Details: cache_path: cache\order.db
2025-08-20 14:55:19,590 - cuttingstock.core - INFO - Loaded and sorted data successfully
2025-08-20 14:55:19,594 - cuttingstock.core - INFO - Starting calculation process
2025-08-20 14:55:19,621 - cuttingstock.core - INFO - Loaded order data from cache | Details: cache_path: cache\order.db
2025-08-20 14:55:19,638 - cuttingstock.core - INFO - Loaded and sorted data successfully
2025-08-20 14:55:22,800 - cuttingstock.core - INFO - Starting calculation process
2025-08-20 14:55:22,838 - cuttingstock.core - INFO - Loaded order data from cache | Details: cache_path: cache\order.db
2025-08-20 14:55:22,871 - cuttingstock.core - INFO - Loaded and sorted data successfully
2025-08-20 14:55:22,878 - cuttingstock.core - INFO - Starting calculation process
2025-08-20 14:55:22,895 - cuttingstock.core - INFO - Loaded order data from cache | Details: cache_path: cache\order.db
2025-08-20 14:55:22,906 - cuttingstock.core - INFO - Loaded and sorted data successfully
2025-08-20 14:55:22,909 - cuttingstock.core - INFO - Starting calculation process
2025-08-20 14:55:22,925 - cuttingstock.core - INFO - Loaded order data from cache | Details: cache_path: cache\order.db
2025-08-20 14:55:22,937 - cuttingstock.core - INFO - Loaded and sorted data successfully
2025-08-20 14:55:24,372 - cuttingstock.core - INFO - Starting calculation process
2025-08-20 14:55:24,388 - cuttingstock.core - INFO - Loaded order data from cache | Details: cache_path: cache\order.db
2025-08-20 14:55:24,399 - cuttingstock.core - INFO - Loaded and sorted data successfully
2025-08-20 14:55:24,404 - cuttingstock.core - INFO - Starting calculation process
2025-08-20 14:55:24,419 - cuttingstock.core - INFO - Loaded order data from cache | Details: cache_path: cache\order.db
2025-08-20 14:55:24,533 - cuttingstock.core - INFO - Loaded and sorted data successfully
2025-08-20 14:55:24,537 - cuttingstock.core - INFO - Starting calculation process
2025-08-20 14:55:24,556 - cuttingstock.core - INFO - Loaded order data from cache | Details: cache_path: cache\order.db
2025-08-20 14:55:24,589 - cuttingstock.core - INFO - Loaded and sorted data successfully
2025-08-20 14:55:24,594 - cuttingstock.core - INFO - Starting calculation process
2025-08-20 14:55:24,618 - cuttingstock.core - INFO - Loaded order data from cache | Details: cache_path: cache\order.db
2025-08-20 14:55:24,633 - cuttingstock.core - INFO - Loaded and sorted data successfully
2025-08-20 14:55:25,187 - cuttingstock.core - INFO - Starting calculation process
2025-08-20 14:55:25,203 - cuttingstock.core - INFO - Loaded order data from cache | Details: cache_path: cache\order.db
2025-08-20 14:55:25,212 - cuttingstock.core - INFO - Loaded and sorted data successfully
2025-08-20 14:55:25,217 - cuttingstock.core - INFO - Starting calculation process
2025-08-20 14:55:25,233 - cuttingstock.core - INFO - Loaded order data from cache | Details: cache_path: cache\order.db
2025-08-20 14:55:25,242 - cuttingstock.core - INFO - Loaded and sorted data successfully
2025-08-20 14:55:25,610 - cuttingstock.core - INFO - Starting calculation process
2025-08-20 14:55:25,632 - cuttingstock.core - INFO - Loaded order data from cache | Details: cache_path: cache\order.db
2025-08-20 14:55:25,644 - cuttingstock.core - INFO - Loaded and sorted data successfully
2025-08-20 14:55:25,647 - cuttingstock.core - INFO - Starting calculation process
2025-08-20 14:55:25,662 - cuttingstock.core - INFO - Loaded order data from cache | Details: cache_path: cache\order.db
2025-08-20 14:55:25,672 - cuttingstock.core - INFO - Loaded and sorted data successfully
2025-08-20 14:55:25,675 - cuttingstock.core - INFO - Starting calculation process
2025-08-20 14:55:25,693 - cuttingstock.core - INFO - Loaded order data from cache | Details: cache_path: cache\order.db
2025-08-20 14:55:25,702 - cuttingstock.core - INFO - Loaded and sorted data successfully
2025-08-20 14:55:25,739 - cuttingstock.core - INFO - Starting calculation process
2025-08-20 14:55:25,822 - cuttingstock.core - INFO - Loaded order data from cache | Details: cache_path: cache\order.db
2025-08-20 14:55:25,836 - cuttingstock.core - INFO - Loaded and sorted data successfully
2025-08-20 14:55:26,404 - cuttingstock.core - ERROR - Out of stock: Not enough stock length available for material. | Details: width: 82, material: KB160, required_length: 593.8470344827587, material_specs: {'demand': 1330, 'front': 'KS161 ', 'back': ' KB160', 'c': 'CM127 ', 'die_cut': 1, 'c_type': 'C', 'b_type': None}, known_out_of_stock: []
2025-08-20 14:55:26,404 - cuttingstock.core - INFO - Out of stock, awaiting user interaction. | Details: width: 82, material: KB160, required_length: 593.8470344827587, material_specs: {'demand': 1330, 'front': 'KS161 ', 'back': ' KB160', 'c': 'CM127 ', 'die_cut': 1, 'c_type': 'C', 'b_type': None}
2025-08-20 14:56:52,659 - cuttingstock.core - INFO - User provided material substitution. | Details: original_specs: {'demand': 1330, 'front': 'KS161 ', 'back': ' KB160', 'c': 'CM127 ', 'die_cut': 1, 'c_type': 'C', 'b_type': None}, new_specs: {'demand': 1330, 'front': 'KS161', 'back': 'KS161', 'c': 'CM127', 'die_cut': 1, 'c_type': 'C', 'b_type': None}, changes: {'front': 'KS161', 'back': 'KS161', 'c': 'CM127'}
2025-08-20 14:56:54,546 - cuttingstock.core - INFO - Starting calculation process
2025-08-20 14:56:54,611 - cuttingstock.core - INFO - Loaded order data from cache | Details: cache_path: cache\order.db
2025-08-20 14:56:54,629 - cuttingstock.core - INFO - Loaded and sorted data successfully
2025-08-20 14:56:54,636 - cuttingstock.core - INFO - Starting calculation process
2025-08-20 14:56:54,653 - cuttingstock.core - INFO - Loaded order data from cache | Details: cache_path: cache\order.db
2025-08-20 14:56:54,675 - cuttingstock.core - INFO - Loaded and sorted data successfully
2025-08-20 14:56:54,689 - cuttingstock.core - INFO - Starting calculation process
2025-08-20 14:56:54,711 - cuttingstock.core - INFO - Loaded order data from cache | Details: cache_path: cache\order.db
2025-08-20 14:56:54,724 - cuttingstock.core - INFO - Loaded and sorted data successfully
2025-08-20 14:56:54,727 - cuttingstock.core - INFO - Starting calculation process
2025-08-20 14:56:54,747 - cuttingstock.core - INFO - Loaded order data from cache | Details: cache_path: cache\order.db
2025-08-20 14:56:54,757 - cuttingstock.core - INFO - Loaded and sorted data successfully
2025-08-20 14:56:54,760 - cuttingstock.core - INFO - Starting calculation process
2025-08-20 14:56:54,777 - cuttingstock.core - INFO - Loaded order data from cache | Details: cache_path: cache\order.db
2025-08-20 14:56:54,788 - cuttingstock.core - INFO - Loaded and sorted data successfully
2025-08-20 14:56:54,791 - cuttingstock.core - INFO - Starting calculation process
2025-08-20 14:56:54,806 - cuttingstock.core - INFO - Loaded order data from cache | Details: cache_path: cache\order.db
2025-08-20 14:56:54,815 - cuttingstock.core - INFO - Loaded and sorted data successfully
2025-08-20 14:56:54,862 - cuttingstock.core - ERROR - Out of stock: Not enough stock length available for material. | Details: width: 82, material: KB160, required_length: 420.1368275862069, material_specs: {'demand': 1220, 'front': 'KB160 ', 'back': ' KB160', 'c': 'CM127 ', 'die_cut': 1, 'c_type': 'C', 'b_type': None}, known_out_of_stock: []
2025-08-20 14:56:54,862 - cuttingstock.core - INFO - Out of stock, awaiting user interaction. | Details: width: 82, material: KB160, required_length: 420.1368275862069, material_specs: {'demand': 1220, 'front': 'KB160 ', 'back': ' KB160', 'c': 'CM127 ', 'die_cut': 1, 'c_type': 'C', 'b_type': None}
2025-08-20 14:57:09,892 - cuttingstock.core - INFO - User provided material substitution. | Details: original_specs: {'demand': 1220, 'front': 'KB160 ', 'back': ' KB160', 'c': 'CM127 ', 'die_cut': 1, 'c_type': 'C', 'b_type': None}, new_specs: {'demand': 1220, 'front': 'KS161', 'back': 'KS161', 'c': 'CM127', 'die_cut': 1, 'c_type': 'C', 'b_type': None}, changes: {'front': 'KS161', 'back': 'KS161', 'c': 'CM127'}
2025-08-20 14:57:10,309 - cuttingstock.core - INFO - Starting calculation process
2025-08-20 14:57:10,340 - cuttingstock.core - INFO - Loaded order data from cache | Details: cache_path: cache\order.db
2025-08-20 14:57:10,356 - cuttingstock.core - INFO - Loaded and sorted data successfully
2025-08-20 14:57:10,361 - cuttingstock.core - INFO - Starting calculation process
2025-08-20 14:57:10,380 - cuttingstock.core - INFO - Loaded order data from cache | Details: cache_path: cache\order.db
2025-08-20 14:57:10,390 - cuttingstock.core - INFO - Loaded and sorted data successfully
2025-08-20 14:57:10,394 - cuttingstock.core - INFO - Starting calculation process
2025-08-20 14:57:10,408 - cuttingstock.core - INFO - Loaded order data from cache | Details: cache_path: cache\order.db
2025-08-20 14:57:10,419 - cuttingstock.core - INFO - Loaded and sorted data successfully
2025-08-20 14:57:10,423 - cuttingstock.core - INFO - Starting calculation process
2025-08-20 14:57:10,440 - cuttingstock.core - INFO - Loaded order data from cache | Details: cache_path: cache\order.db
2025-08-20 14:57:10,452 - cuttingstock.core - INFO - Loaded and sorted data successfully
2025-08-20 14:57:10,457 - cuttingstock.core - INFO - Starting calculation process
2025-08-20 14:57:10,478 - cuttingstock.core - INFO - Loaded order data from cache | Details: cache_path: cache\order.db
2025-08-20 14:57:10,489 - cuttingstock.core - INFO - Loaded and sorted data successfully
2025-08-20 14:57:10,492 - cuttingstock.core - INFO - Starting calculation process
2025-08-20 14:57:10,509 - cuttingstock.core - INFO - Loaded order data from cache | Details: cache_path: cache\order.db
2025-08-20 14:57:10,517 - cuttingstock.core - INFO - Loaded and sorted data successfully
2025-08-20 14:57:10,520 - cuttingstock.core - INFO - Starting calculation process
2025-08-20 14:57:10,536 - cuttingstock.core - INFO - Loaded order data from cache | Details: cache_path: cache\order.db
2025-08-20 14:57:10,545 - cuttingstock.core - INFO - Loaded and sorted data successfully
2025-08-20 14:57:10,846 - cuttingstock.core - ERROR - Out of stock: Not enough stock length available for material. | Details: width: 85, material: CM147, required_length: 1105.4323, material_specs: {'demand': 2210, 'front': 'KS161 ', 'middle': 'CM147 ', 'back': ' KB160', 'c': 'CM147 ', 'b': 'CM147 ', 'die_cut': 1, 'c_type': 'C', 'b_type': 'B'}, known_out_of_stock: []
2025-08-20 14:57:10,847 - cuttingstock.core - INFO - Out of stock, awaiting user interaction. | Details: width: 85, material: CM147, required_length: 1105.4323, material_specs: {'demand': 2210, 'front': 'KS161 ', 'middle': 'CM147 ', 'back': ' KB160', 'c': 'CM147 ', 'b': 'CM147 ', 'die_cut': 1, 'c_type': 'C', 'b_type': 'B'}
2025-08-20 14:57:16,461 - cuttingstock.core - INFO - User provided material substitution. | Details: original_specs: {'demand': 2210, 'front': 'KS161 ', 'middle': 'CM147 ', 'back': ' KB160', 'c': 'CM147 ', 'b': 'CM147 ', 'die_cut': 1, 'c_type': 'C', 'b_type': 'B'}, new_specs: {'demand': 2210, 'front': 'KS161', 'middle': 'CM127', 'back': 'KB160', 'c': 'CM147', 'b': 'CM147', 'die_cut': 1, 'c_type': 'C', 'b_type': 'B'}, changes: {'front': 'KS161', 'middle': 'CM127', 'back': 'KB160', 'c': 'CM147', 'b': 'CM147'}
2025-08-20 14:57:16,465 - cuttingstock.core - ERROR - Out of stock: Not enough stock length available for material. | Details: width: 85, material: CM147, required_length: 1105.4323, material_specs: {'demand': 2210, 'front': 'KS161', 'middle': 'CM127', 'back': 'KB160', 'c': 'CM147', 'b': 'CM147', 'die_cut': 1, 'c_type': 'C', 'b_type': 'B'}, known_out_of_stock: [('85', 'CM147')]
2025-08-20 14:57:16,466 - cuttingstock.core - INFO - Out of stock, awaiting user interaction. | Details: width: 85, material: CM147, required_length: 1105.4323, material_specs: {'demand': 2210, 'front': 'KS161', 'middle': 'CM127', 'back': 'KB160', 'c': 'CM147', 'b': 'CM147', 'die_cut': 1, 'c_type': 'C', 'b_type': 'B'}
2025-08-20 14:57:22,145 - cuttingstock.core - INFO - User provided material substitution. | Details: original_specs: {'demand': 2210, 'front': 'KS161', 'middle': 'CM127', 'back': 'KB160', 'c': 'CM147', 'b': 'CM147', 'die_cut': 1, 'c_type': 'C', 'b_type': 'B'}, new_specs: {'demand': 2210, 'front': 'KS161', 'middle': 'CM127', 'back': 'KB160', 'c': 'CM127', 'b': 'CM127', 'die_cut': 1, 'c_type': 'C', 'b_type': 'B'}, changes: {'c': 'CM127', 'b': 'CM127'}
2025-08-20 14:57:22,230 - cuttingstock.core - ERROR - Out of stock: Not enough stock length available for material. | Details: width: 85, material: CM127, required_length: 762.3671034482759, material_specs: {'demand': 2210, 'front': 'KS161', 'middle': 'CM127', 'back': 'KB160', 'c': 'CM127', 'b': 'CM127', 'die_cut': 1, 'c_type': 'C', 'b_type': 'B'}, known_out_of_stock: [('85', 'CM147'), ('85', 'CM147')]
2025-08-20 14:57:22,238 - cuttingstock.core - INFO - Out of stock, awaiting user interaction. | Details: width: 85, material: CM127, required_length: 762.3671034482759, material_specs: {'demand': 2210, 'front': 'KS161', 'middle': 'CM127', 'back': 'KB160', 'c': 'CM127', 'b': 'CM127', 'die_cut': 1, 'c_type': 'C', 'b_type': 'B'}
2025-08-20 14:57:36,220 - cuttingstock.core - INFO - User provided material substitution. | Details: original_specs: {'demand': 2210, 'front': 'KS161', 'middle': 'CM127', 'back': 'KB160', 'c': 'CM127', 'b': 'CM127', 'die_cut': 1, 'c_type': 'C', 'b_type': 'B'}, new_specs: {'demand': 2210, 'front': 'KS161', 'middle': 'CM112', 'back': 'KB160', 'c': 'CM112', 'b': 'CM112', 'die_cut': 1, 'c_type': 'C', 'b_type': 'B'}, changes: {'middle': 'CM112', 'c': 'CM112', 'b': 'CM112'}
2025-08-20 14:57:36,225 - cuttingstock.core - ERROR - Out of stock: Not enough stock length available for material. | Details: width: 85, material: CM112, required_length: 762.3671034482759, material_specs: {'demand': 2210, 'front': 'KS161', 'middle': 'CM112', 'back': 'KB160', 'c': 'CM112', 'b': 'CM112', 'die_cut': 1, 'c_type': 'C', 'b_type': 'B'}, known_out_of_stock: [('85', 'CM147'), ('85', 'CM147'), ('85', 'CM127')]
2025-08-20 14:57:36,225 - cuttingstock.core - INFO - Out of stock, awaiting user interaction. | Details: width: 85, material: CM112, required_length: 762.3671034482759, material_specs: {'demand': 2210, 'front': 'KS161', 'middle': 'CM112', 'back': 'KB160', 'c': 'CM112', 'b': 'CM112', 'die_cut': 1, 'c_type': 'C', 'b_type': 'B'}
2025-08-20 14:57:40,121 - cuttingstock.core - INFO - User provided material substitution. | Details: original_specs: {'demand': 2210, 'front': 'KS161', 'middle': 'CM112', 'back': 'KB160', 'c': 'CM112', 'b': 'CM112', 'die_cut': 1, 'c_type': 'C', 'b_type': 'B'}, new_specs: {'demand': 2210, 'front': 'KS161', 'middle': 'CM190', 'back': 'KB160', 'c': 'CM190', 'b': 'CM190', 'die_cut': 1, 'c_type': 'C', 'b_type': 'B'}, changes: {'middle': 'CM190', 'c': 'CM190', 'b': 'CM190'}
2025-08-20 14:57:40,123 - cuttingstock.core - ERROR - Out of stock: Not enough stock length available for material. | Details: width: 85, material: CM190, required_length: 1029.1955896551724, material_specs: {'demand': 2210, 'front': 'KS161', 'middle': 'CM190', 'back': 'KB160', 'c': 'CM190', 'b': 'CM190', 'die_cut': 1, 'c_type': 'C', 'b_type': 'B'}, known_out_of_stock: [('85', 'CM147'), ('85', 'CM147'), ('85', 'CM127'), ('85', 'CM112')]
2025-08-20 14:57:40,123 - cuttingstock.core - INFO - Out of stock, awaiting user interaction. | Details: width: 85, material: CM190, required_length: 1029.1955896551724, material_specs: {'demand': 2210, 'front': 'KS161', 'middle': 'CM190', 'back': 'KB160', 'c': 'CM190', 'b': 'CM190', 'die_cut': 1, 'c_type': 'C', 'b_type': 'B'}
2025-08-20 14:57:50,705 - cuttingstock.core - INFO - User provided material substitution. | Details: original_specs: {'demand': 2210, 'front': 'KS161', 'middle': 'CM190', 'back': 'KB160', 'c': 'CM190', 'b': 'CM190', 'die_cut': 1, 'c_type': 'C', 'b_type': 'B'}, new_specs: {'demand': 2210, 'front': 'KS161', 'middle': 'CM85', 'back': 'KB160', 'c': 'CM85', 'b': 'CM85', 'die_cut': 1, 'c_type': 'C', 'b_type': 'B'}, changes: {'middle': 'CM85', 'c': 'CM85', 'b': 'CM85'}
2025-08-20 14:57:50,707 - cuttingstock.core - ERROR - Out of stock: Not enough stock length available for material. | Details: width: 85, material: KB160, required_length: 762.3671034482759, material_specs: {'demand': 2210, 'front': 'KS161', 'middle': 'CM85', 'back': 'KB160', 'c': 'CM85', 'b': 'CM85', 'die_cut': 1, 'c_type': 'C', 'b_type': 'B'}, known_out_of_stock: [('85', 'CM147'), ('85', 'CM147'), ('85', 'CM127'), ('85', 'CM112'), ('85', 'CM190')]
2025-08-20 14:57:50,707 - cuttingstock.core - INFO - Out of stock, awaiting user interaction. | Details: width: 85, material: KB160, required_length: 762.3671034482759, material_specs: {'demand': 2210, 'front': 'KS161', 'middle': 'CM85', 'back': 'KB160', 'c': 'CM85', 'b': 'CM85', 'die_cut': 1, 'c_type': 'C', 'b_type': 'B'}
2025-08-20 14:58:12,761 - cuttingstock.core - INFO - User provided material substitution. | Details: original_specs: {'demand': 2210, 'front': 'KS161', 'middle': 'CM85', 'back': 'KB160', 'c': 'CM85', 'b': 'CM85', 'die_cut': 1, 'c_type': 'C', 'b_type': 'B'}, new_specs: {'demand': 2210, 'front': 'KS161', 'middle': 'CM85', 'back': 'KS161', 'c': 'CM85', 'b': 'CM85', 'die_cut': 1, 'c_type': 'C', 'b_type': 'B'}, changes: {'back': 'KS161'}
2025-08-20 14:58:13,581 - cuttingstock.core - INFO - Starting calculation process
2025-08-20 14:58:13,602 - cuttingstock.core - INFO - Loaded order data from cache | Details: cache_path: cache\order.db
2025-08-20 14:58:13,622 - cuttingstock.core - INFO - Loaded and sorted data successfully
2025-08-20 14:58:13,635 - cuttingstock.core - INFO - Starting calculation process
2025-08-20 14:58:13,660 - cuttingstock.core - INFO - Loaded order data from cache | Details: cache_path: cache\order.db
2025-08-20 14:58:13,672 - cuttingstock.core - INFO - Loaded and sorted data successfully
2025-08-20 14:58:14,177 - cuttingstock.core - INFO - Starting calculation process
2025-08-20 14:58:14,227 - cuttingstock.core - INFO - Loaded order data from cache | Details: cache_path: cache\order.db
2025-08-20 14:58:14,253 - cuttingstock.core - INFO - Loaded and sorted data successfully
2025-08-20 14:58:14,257 - cuttingstock.core - INFO - Starting calculation process
2025-08-20 14:58:14,274 - cuttingstock.core - INFO - Loaded order data from cache | Details: cache_path: cache\order.db
2025-08-20 14:58:14,290 - cuttingstock.core - INFO - Loaded and sorted data successfully
2025-08-20 14:58:14,299 - cuttingstock.core - INFO - Starting calculation process
2025-08-20 14:58:14,324 - cuttingstock.core - INFO - Loaded order data from cache | Details: cache_path: cache\order.db
2025-08-20 14:58:14,366 - cuttingstock.core - INFO - Loaded and sorted data successfully
2025-08-20 14:58:14,373 - cuttingstock.core - INFO - Starting calculation process
2025-08-20 14:58:14,392 - cuttingstock.core - INFO - Loaded order data from cache | Details: cache_path: cache\order.db
2025-08-20 14:58:14,403 - cuttingstock.core - INFO - Loaded and sorted data successfully
2025-08-20 14:58:14,409 - cuttingstock.core - INFO - Starting calculation process
2025-08-20 14:58:14,426 - cuttingstock.core - INFO - Loaded order data from cache | Details: cache_path: cache\order.db
2025-08-20 14:58:14,436 - cuttingstock.core - INFO - Loaded and sorted data successfully
2025-08-20 14:58:14,439 - cuttingstock.core - INFO - Starting calculation process
2025-08-20 14:58:14,455 - cuttingstock.core - INFO - Loaded order data from cache | Details: cache_path: cache\order.db
2025-08-20 14:58:14,465 - cuttingstock.core - INFO - Loaded and sorted data successfully
2025-08-20 14:58:14,469 - cuttingstock.core - INFO - Starting calculation process
2025-08-20 14:58:14,484 - cuttingstock.core - INFO - Loaded order data from cache | Details: cache_path: cache\order.db
2025-08-20 14:58:14,493 - cuttingstock.core - INFO - Loaded and sorted data successfully
2025-08-20 14:58:14,846 - cuttingstock.core - INFO - Starting calculation process
2025-08-20 14:58:14,868 - cuttingstock.core - INFO - Loaded order data from cache | Details: cache_path: cache\order.db
2025-08-20 14:58:14,880 - cuttingstock.core - INFO - Loaded and sorted data successfully
2025-08-20 14:58:14,883 - cuttingstock.core - INFO - Starting calculation process
2025-08-20 14:58:14,899 - cuttingstock.core - INFO - Loaded order data from cache | Details: cache_path: cache\order.db
2025-08-20 14:58:14,908 - cuttingstock.core - INFO - Loaded and sorted data successfully
2025-08-20 14:58:14,911 - cuttingstock.core - INFO - Starting calculation process
2025-08-20 14:58:14,927 - cuttingstock.core - INFO - Loaded order data from cache | Details: cache_path: cache\order.db
2025-08-20 14:58:14,937 - cuttingstock.core - INFO - Loaded and sorted data successfully
2025-08-20 14:58:14,940 - cuttingstock.core - INFO - Starting calculation process
2025-08-20 14:58:14,955 - cuttingstock.core - INFO - Loaded order data from cache | Details: cache_path: cache\order.db
2025-08-20 14:58:14,966 - cuttingstock.core - INFO - Loaded and sorted data successfully
2025-08-20 14:58:14,970 - cuttingstock.core - INFO - Starting calculation process
2025-08-20 14:58:14,989 - cuttingstock.core - INFO - Loaded order data from cache | Details: cache_path: cache\order.db
2025-08-20 14:58:14,999 - cuttingstock.core - INFO - Loaded and sorted data successfully
2025-08-20 14:58:15,004 - cuttingstock.core - INFO - Starting calculation process
2025-08-20 14:58:15,021 - cuttingstock.core - INFO - Loaded order data from cache | Details: cache_path: cache\order.db
2025-08-20 14:58:15,113 - cuttingstock.core - INFO - Loaded and sorted data successfully
2025-08-20 14:58:15,117 - cuttingstock.core - INFO - Starting calculation process
2025-08-20 14:58:15,133 - cuttingstock.core - INFO - Loaded order data from cache | Details: cache_path: cache\order.db
2025-08-20 14:58:15,184 - cuttingstock.core - INFO - Loaded and sorted data successfully
2025-08-20 14:58:15,471 - cuttingstock.core - INFO - Starting calculation process
2025-08-20 14:58:15,519 - cuttingstock.core - INFO - Loaded order data from cache | Details: cache_path: cache\order.db
2025-08-20 14:58:15,529 - cuttingstock.core - INFO - Loaded and sorted data successfully
2025-08-20 14:58:15,533 - cuttingstock.core - INFO - Starting calculation process
2025-08-20 14:58:15,548 - cuttingstock.core - INFO - Loaded order data from cache | Details: cache_path: cache\order.db
2025-08-20 14:58:15,558 - cuttingstock.core - INFO - Loaded and sorted data successfully
2025-08-20 14:58:15,561 - cuttingstock.core - INFO - Starting calculation process
2025-08-20 14:58:15,607 - cuttingstock.core - INFO - Loaded order data from cache | Details: cache_path: cache\order.db
2025-08-20 14:58:15,620 - cuttingstock.core - INFO - Loaded and sorted data successfully
2025-08-20 14:58:15,636 - cuttingstock.core - INFO - Starting calculation process
2025-08-20 14:58:15,658 - cuttingstock.core - INFO - Loaded order data from cache | Details: cache_path: cache\order.db
2025-08-20 14:58:15,699 - cuttingstock.core - INFO - Loaded and sorted data successfully
2025-08-20 14:58:15,705 - cuttingstock.core - INFO - Starting calculation process
2025-08-20 14:58:15,728 - cuttingstock.core - INFO - Loaded order data from cache | Details: cache_path: cache\order.db
2025-08-20 14:58:15,740 - cuttingstock.core - INFO - Loaded and sorted data successfully
2025-08-20 14:58:15,744 - cuttingstock.core - INFO - Starting calculation process
2025-08-20 14:58:15,759 - cuttingstock.core - INFO - Loaded order data from cache | Details: cache_path: cache\order.db
2025-08-20 14:58:15,769 - cuttingstock.core - INFO - Loaded and sorted data successfully
2025-08-20 14:58:15,772 - cuttingstock.core - INFO - Starting calculation process
2025-08-20 14:58:15,788 - cuttingstock.core - INFO - Loaded order data from cache | Details: cache_path: cache\order.db
2025-08-20 14:58:15,798 - cuttingstock.core - INFO - Loaded and sorted data successfully
2025-08-20 14:58:15,801 - cuttingstock.core - INFO - Starting calculation process
2025-08-20 14:58:15,818 - cuttingstock.core - INFO - Loaded order data from cache | Details: cache_path: cache\order.db
2025-08-20 14:58:15,827 - cuttingstock.core - INFO - Loaded and sorted data successfully
2025-08-20 14:58:15,829 - cuttingstock.core - INFO - Starting calculation process
2025-08-20 14:58:15,873 - cuttingstock.core - INFO - Loaded order data from cache | Details: cache_path: cache\order.db
2025-08-20 14:58:15,927 - cuttingstock.core - INFO - Loaded and sorted data successfully
2025-08-20 14:58:15,931 - cuttingstock.core - INFO - Starting calculation process
2025-08-20 14:58:15,974 - cuttingstock.core - INFO - Loaded order data from cache | Details: cache_path: cache\order.db
2025-08-20 14:58:15,996 - cuttingstock.core - INFO - Loaded and sorted data successfully
2025-08-20 14:58:16,003 - cuttingstock.core - INFO - Starting calculation process
2025-08-20 14:58:16,020 - cuttingstock.core - INFO - Loaded order data from cache | Details: cache_path: cache\order.db
2025-08-20 14:58:16,057 - cuttingstock.core - INFO - Loaded and sorted data successfully
2025-08-20 14:58:16,062 - cuttingstock.core - INFO - Starting calculation process
2025-08-20 14:58:16,079 - cuttingstock.core - INFO - Loaded order data from cache | Details: cache_path: cache\order.db
2025-08-20 14:58:16,088 - cuttingstock.core - INFO - Loaded and sorted data successfully
2025-08-20 14:58:16,092 - cuttingstock.core - INFO - Starting calculation process
2025-08-20 14:58:16,108 - cuttingstock.core - INFO - Loaded order data from cache | Details: cache_path: cache\order.db
2025-08-20 14:58:16,118 - cuttingstock.core - INFO - Loaded and sorted data successfully
2025-08-20 14:58:16,154 - cuttingstock.core - ERROR - Out of stock: Not enough stock length available for material. | Details: width: 85, material: CM147, required_length: 1013.8507, material_specs: {'demand': 2100, 'front': 'KS231 ', 'middle': 'CM147 ', 'back': ' KB160', 'c': 'CM147 ', 'b': 'CM147 ', 'die_cut': 1, 'c_type': 'C', 'b_type': 'B'}, known_out_of_stock: []
2025-08-20 14:58:16,154 - cuttingstock.core - INFO - Out of stock, awaiting user interaction. | Details: width: 85, material: CM147, required_length: 1013.8507, material_specs: {'demand': 2100, 'front': 'KS231 ', 'middle': 'CM147 ', 'back': ' KB160', 'c': 'CM147 ', 'b': 'CM147 ', 'die_cut': 1, 'c_type': 'C', 'b_type': 'B'}
2025-08-20 14:58:21,684 - cuttingstock.core - INFO - User provided material substitution. | Details: original_specs: {'demand': 2100, 'front': 'KS231 ', 'middle': 'CM147 ', 'back': ' KB160', 'c': 'CM147 ', 'b': 'CM147 ', 'die_cut': 1, 'c_type': 'C', 'b_type': 'B'}, new_specs: {'demand': 2100, 'front': 'KS231', 'middle': 'CM127', 'back': 'KB160', 'c': 'CM127', 'b': 'CM127', 'die_cut': 1, 'c_type': 'C', 'b_type': 'B'}, changes: {'front': 'KS231', 'middle': 'CM127', 'back': 'KB160', 'c': 'CM127', 'b': 'CM127'}
2025-08-20 14:58:21,709 - cuttingstock.core - ERROR - Out of stock: Not enough stock length available for material. | Details: width: 85, material: CM127, required_length: 699.2073793103448, material_specs: {'demand': 2100, 'front': 'KS231', 'middle': 'CM127', 'back': 'KB160', 'c': 'CM127', 'b': 'CM127', 'die_cut': 1, 'c_type': 'C', 'b_type': 'B'}, known_out_of_stock: [('85', 'CM147')]
2025-08-20 14:58:21,710 - cuttingstock.core - INFO - Out of stock, awaiting user interaction. | Details: width: 85, material: CM127, required_length: 699.2073793103448, material_specs: {'demand': 2100, 'front': 'KS231', 'middle': 'CM127', 'back': 'KB160', 'c': 'CM127', 'b': 'CM127', 'die_cut': 1, 'c_type': 'C', 'b_type': 'B'}
2025-08-20 14:58:26,736 - cuttingstock.core - INFO - User provided material substitution. | Details: original_specs: {'demand': 2100, 'front': 'KS231', 'middle': 'CM127', 'back': 'KB160', 'c': 'CM127', 'b': 'CM127', 'die_cut': 1, 'c_type': 'C', 'b_type': 'B'}, new_specs: {'demand': 2100, 'front': 'KS231', 'middle': 'CM190', 'back': 'KB160', 'c': 'CM190', 'b': 'CM127', 'die_cut': 1, 'c_type': 'C', 'b_type': 'B'}, changes: {'middle': 'CM190', 'c': 'CM190'}
2025-08-20 14:58:26,740 - cuttingstock.core - ERROR - Out of stock: Not enough stock length available for material. | Details: width: 85, material: CM127, required_length: 943.9299620689656, material_specs: {'demand': 2100, 'front': 'KS231', 'middle': 'CM190', 'back': 'KB160', 'c': 'CM190', 'b': 'CM127', 'die_cut': 1, 'c_type': 'C', 'b_type': 'B'}, known_out_of_stock: [('85', 'CM147'), ('85', 'CM127')]
2025-08-20 14:58:26,740 - cuttingstock.core - INFO - Out of stock, awaiting user interaction. | Details: width: 85, material: CM127, required_length: 943.9299620689656, material_specs: {'demand': 2100, 'front': 'KS231', 'middle': 'CM190', 'back': 'KB160', 'c': 'CM190', 'b': 'CM127', 'die_cut': 1, 'c_type': 'C', 'b_type': 'B'}
2025-08-20 14:58:28,784 - cuttingstock.core - INFO - User provided material substitution. | Details: original_specs: {'demand': 2100, 'front': 'KS231', 'middle': 'CM190', 'back': 'KB160', 'c': 'CM190', 'b': 'CM127', 'die_cut': 1, 'c_type': 'C', 'b_type': 'B'}, new_specs: {'demand': 2100, 'front': 'KS231', 'middle': 'CM190', 'back': 'KB160', 'c': 'CM190', 'b': 'CM190', 'die_cut': 1, 'c_type': 'C', 'b_type': 'B'}, changes: {'b': 'CM190'}
2025-08-20 14:58:28,787 - cuttingstock.core - ERROR - Out of stock: Not enough stock length available for material. | Details: width: 85, material: CM190, required_length: 1013.8507, material_specs: {'demand': 2100, 'front': 'KS231', 'middle': 'CM190', 'back': 'KB160', 'c': 'CM190', 'b': 'CM190', 'die_cut': 1, 'c_type': 'C', 'b_type': 'B'}, known_out_of_stock: [('85', 'CM147'), ('85', 'CM127'), ('85', 'CM127')]
2025-08-20 14:58:28,787 - cuttingstock.core - INFO - Out of stock, awaiting user interaction. | Details: width: 85, material: CM190, required_length: 1013.8507, material_specs: {'demand': 2100, 'front': 'KS231', 'middle': 'CM190', 'back': 'KB160', 'c': 'CM190', 'b': 'CM190', 'die_cut': 1, 'c_type': 'C', 'b_type': 'B'}
2025-08-20 14:58:32,802 - cuttingstock.core - INFO - User provided material substitution. | Details: original_specs: {'demand': 2100, 'front': 'KS231', 'middle': 'CM190', 'back': 'KB160', 'c': 'CM190', 'b': 'CM190', 'die_cut': 1, 'c_type': 'C', 'b_type': 'B'}, new_specs: {'demand': 2100, 'front': 'KS231', 'middle': 'CM112', 'back': 'KB160', 'c': 'CM112', 'b': 'CM190', 'die_cut': 1, 'c_type': 'C', 'b_type': 'B'}, changes: {'middle': 'CM112', 'c': 'CM112'}
2025-08-20 14:58:32,805 - cuttingstock.core - ERROR - Out of stock: Not enough stock length available for material. | Details: width: 85, material: CM112, required_length: 699.2073793103448, material_specs: {'demand': 2100, 'front': 'KS231', 'middle': 'CM112', 'back': 'KB160', 'c': 'CM112', 'b': 'CM190', 'die_cut': 1, 'c_type': 'C', 'b_type': 'B'}, known_out_of_stock: [('85', 'CM147'), ('85', 'CM127'), ('85', 'CM127'), ('85', 'CM190')]
2025-08-20 14:58:32,805 - cuttingstock.core - INFO - Out of stock, awaiting user interaction. | Details: width: 85, material: CM112, required_length: 699.2073793103448, material_specs: {'demand': 2100, 'front': 'KS231', 'middle': 'CM112', 'back': 'KB160', 'c': 'CM112', 'b': 'CM190', 'die_cut': 1, 'c_type': 'C', 'b_type': 'B'}
2025-08-20 14:58:40,572 - cuttingstock.core - INFO - User provided material substitution. | Details: original_specs: {'demand': 2100, 'front': 'KS231', 'middle': 'CM112', 'back': 'KB160', 'c': 'CM112', 'b': 'CM190', 'die_cut': 1, 'c_type': 'C', 'b_type': 'B'}, new_specs: {'demand': 2100, 'front': 'KS231', 'middle': 'CM85', 'back': 'KB160', 'c': 'CM85', 'b': 'CM190', 'die_cut': 1, 'c_type': 'C', 'b_type': 'B'}, changes: {'middle': 'CM85', 'c': 'CM85'}
2025-08-20 14:58:40,574 - cuttingstock.core - ERROR - Out of stock: Not enough stock length available for material. | Details: width: 85, material: CM190, required_length: 943.9299620689656, material_specs: {'demand': 2100, 'front': 'KS231', 'middle': 'CM85', 'back': 'KB160', 'c': 'CM85', 'b': 'CM190', 'die_cut': 1, 'c_type': 'C', 'b_type': 'B'}, known_out_of_stock: [('85', 'CM147'), ('85', 'CM127'), ('85', 'CM127'), ('85', 'CM190'), ('85', 'CM112')]
2025-08-20 14:58:40,575 - cuttingstock.core - INFO - Out of stock, awaiting user interaction. | Details: width: 85, material: CM190, required_length: 943.9299620689656, material_specs: {'demand': 2100, 'front': 'KS231', 'middle': 'CM85', 'back': 'KB160', 'c': 'CM85', 'b': 'CM190', 'die_cut': 1, 'c_type': 'C', 'b_type': 'B'}
2025-08-20 14:58:43,099 - cuttingstock.core - INFO - User provided material substitution. | Details: original_specs: {'demand': 2100, 'front': 'KS231', 'middle': 'CM85', 'back': 'KB160', 'c': 'CM85', 'b': 'CM190', 'die_cut': 1, 'c_type': 'C', 'b_type': 'B'}, new_specs: {'demand': 2100, 'front': 'KS231', 'middle': 'CM85', 'back': 'KB160', 'c': 'CM85', 'b': 'CM85', 'die_cut': 1, 'c_type': 'C', 'b_type': 'B'}, changes: {'b': 'CM85'}
2025-08-20 14:58:43,112 - cuttingstock.core - ERROR - Out of stock: Not enough stock length available for material. | Details: width: 85, material: KB160, required_length: 699.2073793103448, material_specs: {'demand': 2100, 'front': 'KS231', 'middle': 'CM85', 'back': 'KB160', 'c': 'CM85', 'b': 'CM85', 'die_cut': 1, 'c_type': 'C', 'b_type': 'B'}, known_out_of_stock: [('85', 'CM147'), ('85', 'CM127'), ('85', 'CM127'), ('85', 'CM190'), ('85', 'CM112'), ('85', 'CM190')]
2025-08-20 14:58:43,113 - cuttingstock.core - INFO - Out of stock, awaiting user interaction. | Details: width: 85, material: KB160, required_length: 699.2073793103448, material_specs: {'demand': 2100, 'front': 'KS231', 'middle': 'CM85', 'back': 'KB160', 'c': 'CM85', 'b': 'CM85', 'die_cut': 1, 'c_type': 'C', 'b_type': 'B'}
2025-08-20 14:58:46,974 - cuttingstock.core - INFO - User provided material substitution. | Details: original_specs: {'demand': 2100, 'front': 'KS231', 'middle': 'CM85', 'back': 'KB160', 'c': 'CM85', 'b': 'CM85', 'die_cut': 1, 'c_type': 'C', 'b_type': 'B'}, new_specs: {'demand': 2100, 'front': 'KS231', 'middle': 'CM85', 'back': 'KS161', 'c': 'CM85', 'b': 'CM85', 'die_cut': 1, 'c_type': 'C', 'b_type': 'B'}, changes: {'back': 'KS161'}
2025-08-20 14:58:46,996 - cuttingstock.core - ERROR - Out of stock: Not enough stock length available for material. | Details: width: 85, material: CM85, required_length: 699.2073793103448, material_specs: {'demand': 2100, 'front': 'KS231', 'middle': 'CM85', 'back': 'KS161', 'c': 'CM85', 'b': 'CM85', 'die_cut': 1, 'c_type': 'C', 'b_type': 'B'}, known_out_of_stock: [('85', 'CM147'), ('85', 'CM127'), ('85', 'CM127'), ('85', 'CM190'), ('85', 'CM112'), ('85', 'CM190'), ('85', 'KB160')]
2025-08-20 14:58:47,003 - cuttingstock.core - INFO - Out of stock, awaiting user interaction. | Details: width: 85, material: CM85, required_length: 699.2073793103448, material_specs: {'demand': 2100, 'front': 'KS231', 'middle': 'CM85', 'back': 'KS161', 'c': 'CM85', 'b': 'CM85', 'die_cut': 1, 'c_type': 'C', 'b_type': 'B'}
2025-08-20 14:58:49,855 - cuttingstock.core - INFO - User provided material substitution. | Details: original_specs: {'demand': 2100, 'front': 'KS231', 'middle': 'CM85', 'back': 'KS161', 'c': 'CM85', 'b': 'CM85', 'die_cut': 1, 'c_type': 'C', 'b_type': 'B'}, new_specs: {'demand': 2100, 'front': 'KS231', 'middle': 'CME100', 'back': 'KS161', 'c': 'CME100', 'b': 'CME100', 'die_cut': 1, 'c_type': 'C', 'b_type': 'B'}, changes: {'middle': 'CME100', 'c': 'CME100', 'b': 'CME100'}
2025-08-20 14:58:50,453 - cuttingstock.core - INFO - Starting calculation process
2025-08-20 14:58:50,472 - cuttingstock.core - INFO - Loaded order data from cache | Details: cache_path: cache\order.db
2025-08-20 14:58:50,515 - cuttingstock.core - INFO - Loaded and sorted data successfully
2025-08-20 14:58:50,841 - cuttingstock.core - INFO - Starting calculation process
2025-08-20 14:58:50,861 - cuttingstock.core - INFO - Loaded order data from cache | Details: cache_path: cache\order.db
2025-08-20 14:58:50,900 - cuttingstock.core - INFO - Loaded and sorted data successfully
2025-08-20 14:58:50,907 - cuttingstock.core - INFO - Starting calculation process
2025-08-20 14:58:50,925 - cuttingstock.core - INFO - Loaded order data from cache | Details: cache_path: cache\order.db
2025-08-20 14:58:50,937 - cuttingstock.core - INFO - Loaded and sorted data successfully
2025-08-20 14:58:50,941 - cuttingstock.core - INFO - Starting calculation process
2025-08-20 14:58:50,960 - cuttingstock.core - INFO - Loaded order data from cache | Details: cache_path: cache\order.db
2025-08-20 14:58:50,970 - cuttingstock.core - INFO - Loaded and sorted data successfully
2025-08-20 14:58:50,973 - cuttingstock.core - INFO - Starting calculation process
2025-08-20 14:58:50,988 - cuttingstock.core - INFO - Loaded order data from cache | Details: cache_path: cache\order.db
2025-08-20 14:58:50,997 - cuttingstock.core - INFO - Loaded and sorted data successfully
2025-08-20 14:58:51,000 - cuttingstock.core - INFO - Starting calculation process
2025-08-20 14:58:51,017 - cuttingstock.core - INFO - Loaded order data from cache | Details: cache_path: cache\order.db
2025-08-20 14:58:51,026 - cuttingstock.core - INFO - Loaded and sorted data successfully
2025-08-20 14:58:51,030 - cuttingstock.core - INFO - Starting calculation process
2025-08-20 14:58:51,045 - cuttingstock.core - INFO - Loaded order data from cache | Details: cache_path: cache\order.db
2025-08-20 14:58:51,086 - cuttingstock.core - INFO - Loaded and sorted data successfully
2025-08-20 14:58:51,115 - cuttingstock.core - INFO - Starting calculation process
2025-08-20 14:58:51,161 - cuttingstock.core - INFO - Loaded order data from cache | Details: cache_path: cache\order.db
2025-08-20 14:58:51,171 - cuttingstock.core - INFO - Loaded and sorted data successfully
2025-08-20 14:58:51,175 - cuttingstock.core - INFO - Starting calculation process
2025-08-20 14:58:51,202 - cuttingstock.core - INFO - Loaded order data from cache | Details: cache_path: cache\order.db
2025-08-20 14:58:51,219 - cuttingstock.core - INFO - Loaded and sorted data successfully
2025-08-20 14:58:51,562 - cuttingstock.core - INFO - Starting calculation process
2025-08-20 14:58:51,605 - cuttingstock.core - INFO - Loaded order data from cache | Details: cache_path: cache\order.db
2025-08-20 14:58:51,626 - cuttingstock.core - INFO - Loaded and sorted data successfully
2025-08-20 14:58:51,632 - cuttingstock.core - INFO - Starting calculation process
2025-08-20 14:58:51,649 - cuttingstock.core - INFO - Loaded order data from cache | Details: cache_path: cache\order.db
2025-08-20 14:58:51,692 - cuttingstock.core - INFO - Loaded and sorted data successfully
2025-08-20 14:58:51,701 - cuttingstock.core - INFO - Starting calculation process
2025-08-20 14:58:51,719 - cuttingstock.core - INFO - Loaded order data from cache | Details: cache_path: cache\order.db
2025-08-20 14:58:51,729 - cuttingstock.core - INFO - Loaded and sorted data successfully
2025-08-20 14:58:51,780 - cuttingstock.core - ERROR - Out of stock: Not enough stock length available for material. | Details: width: 82, material: KS121, required_length: 2464.9853103448277, material_specs: {'demand': 20000, 'front': 'KS121 ', 'back': ' CM127', 'c': 'CM127 ', 'die_cut': 1, 'c_type': 'C', 'b_type': None}, known_out_of_stock: []
2025-08-20 14:58:51,780 - cuttingstock.core - INFO - Out of stock, awaiting user interaction. | Details: width: 82, material: KS121, required_length: 2464.9853103448277, material_specs: {'demand': 20000, 'front': 'KS121 ', 'back': ' CM127', 'c': 'CM127 ', 'die_cut': 1, 'c_type': 'C', 'b_type': None}
2025-08-20 14:58:57,753 - cuttingstock.core - INFO - User provided material substitution. | Details: original_specs: {'demand': 20000, 'front': 'KS121 ', 'back': ' CM127', 'c': 'CM127 ', 'die_cut': 1, 'c_type': 'C', 'b_type': None}, new_specs: {'demand': 20000, 'front': 'KS161', 'back': 'CM127', 'c': 'CM127', 'die_cut': 1, 'c_type': 'C', 'b_type': None}, changes: {'front': 'KS161', 'back': 'CM127', 'c': 'CM127'}
2025-08-20 14:58:57,779 - cuttingstock.core - ERROR - Out of stock: Not enough stock length available for material. | Details: width: 82, material: CM127, required_length: 3574.2287, material_specs: {'demand': 20000, 'front': 'KS161', 'back': 'CM127', 'c': 'CM127', 'die_cut': 1, 'c_type': 'C', 'b_type': None}, known_out_of_stock: [('82', 'KS121')]
2025-08-20 14:58:57,781 - cuttingstock.core - INFO - Out of stock, awaiting user interaction. | Details: width: 82, material: CM127, required_length: 3574.2287, material_specs: {'demand': 20000, 'front': 'KS161', 'back': 'CM127', 'c': 'CM127', 'die_cut': 1, 'c_type': 'C', 'b_type': None}
2025-08-20 14:59:00,576 - cuttingstock.core - INFO - User provided material substitution. | Details: original_specs: {'demand': 20000, 'front': 'KS161', 'back': 'CM127', 'c': 'CM127', 'die_cut': 1, 'c_type': 'C', 'b_type': None}, new_specs: {'demand': 20000, 'front': 'KS161', 'back': 'CM190', 'c': 'CM190', 'die_cut': 1, 'c_type': 'C', 'b_type': None}, changes: {'back': 'CM190', 'c': 'CM190'}
2025-08-20 14:59:00,606 - cuttingstock.core - ERROR - Out of stock: Not enough stock length available for material. | Details: width: 82, material: CM190, required_length: 3574.2287, material_specs: {'demand': 20000, 'front': 'KS161', 'back': 'CM190', 'c': 'CM190', 'die_cut': 1, 'c_type': 'C', 'b_type': None}, known_out_of_stock: [('82', 'KS121'), ('82', 'CM127')]
2025-08-20 14:59:00,606 - cuttingstock.core - INFO - Out of stock, awaiting user interaction. | Details: width: 82, material: CM190, required_length: 3574.2287, material_specs: {'demand': 20000, 'front': 'KS161', 'back': 'CM190', 'c': 'CM190', 'die_cut': 1, 'c_type': 'C', 'b_type': None}
2025-08-20 14:59:02,519 - cuttingstock.core - INFO - User provided material substitution. | Details: original_specs: {'demand': 20000, 'front': 'KS161', 'back': 'CM190', 'c': 'CM190', 'die_cut': 1, 'c_type': 'C', 'b_type': None}, new_specs: {'demand': 20000, 'front': 'KS161', 'back': 'CME100', 'c': 'CME100', 'die_cut': 1, 'c_type': 'C', 'b_type': None}, changes: {'back': 'CME100', 'c': 'CME100'}
2025-08-20 14:59:02,523 - cuttingstock.core - ERROR - Out of stock: Not enough stock length available for material. | Details: width: 82, material: CME100, required_length: 2464.9853103448277, material_specs: {'demand': 20000, 'front': 'KS161', 'back': 'CME100', 'c': 'CME100', 'die_cut': 1, 'c_type': 'C', 'b_type': None}, known_out_of_stock: [('82', 'KS121'), ('82', 'CM127'), ('82', 'CM190')]
2025-08-20 14:59:02,524 - cuttingstock.core - INFO - Out of stock, awaiting user interaction. | Details: width: 82, material: CME100, required_length: 2464.9853103448277, material_specs: {'demand': 20000, 'front': 'KS161', 'back': 'CME100', 'c': 'CME100', 'die_cut': 1, 'c_type': 'C', 'b_type': None}
2025-08-20 14:59:04,870 - cuttingstock.core - INFO - User provided material substitution. | Details: original_specs: {'demand': 20000, 'front': 'KS161', 'back': 'CME100', 'c': 'CME100', 'die_cut': 1, 'c_type': 'C', 'b_type': None}, new_specs: {'demand': 20000, 'front': 'KS161', 'back': 'CME150', 'c': 'CME150', 'die_cut': 1, 'c_type': 'C', 'b_type': None}, changes: {'back': 'CME150', 'c': 'CME150'}
2025-08-20 14:59:05,075 - cuttingstock.core - ERROR - Out of stock: Not enough stock length available for material. | Details: width: 82, material: CME150, required_length: 3154.2569, material_specs: {'demand': 20000, 'front': 'KS161', 'back': 'CME150', 'c': 'CME150', 'die_cut': 1, 'c_type': 'C', 'b_type': None}, known_out_of_stock: []
2025-08-20 14:59:05,075 - cuttingstock.core - INFO - Out of stock, awaiting user interaction. | Details: width: 82, material: CME150, required_length: 3154.2569, material_specs: {'demand': 20000, 'front': 'KS161', 'back': 'CME150', 'c': 'CME150', 'die_cut': 1, 'c_type': 'C', 'b_type': None}
2025-08-20 14:59:09,058 - cuttingstock.core - INFO - User provided material substitution. | Details: original_specs: {'demand': 20000, 'front': 'KS161', 'back': 'CME150', 'c': 'CME150', 'die_cut': 1, 'c_type': 'C', 'b_type': None}, new_specs: {'demand': 20000, 'front': 'KS161', 'back': 'CM112', 'c': 'CM112', 'die_cut': 1, 'c_type': 'C', 'b_type': None}, changes: {'back': 'CM112', 'c': 'CM112'}
2025-08-20 14:59:09,472 - cuttingstock.core - INFO - Starting calculation process
2025-08-20 14:59:09,492 - cuttingstock.core - INFO - Loaded order data from cache | Details: cache_path: cache\order.db
2025-08-20 14:59:09,502 - cuttingstock.core - INFO - Loaded and sorted data successfully
2025-08-20 14:59:09,506 - cuttingstock.core - INFO - Starting calculation process
2025-08-20 14:59:09,526 - cuttingstock.core - INFO - Loaded order data from cache | Details: cache_path: cache\order.db
2025-08-20 14:59:09,536 - cuttingstock.core - INFO - Loaded and sorted data successfully
2025-08-20 14:59:09,541 - cuttingstock.core - INFO - Starting calculation process
2025-08-20 14:59:09,558 - cuttingstock.core - INFO - Loaded order data from cache | Details: cache_path: cache\order.db
2025-08-20 14:59:09,569 - cuttingstock.core - INFO - Loaded and sorted data successfully
2025-08-20 14:59:09,572 - cuttingstock.core - INFO - Starting calculation process
2025-08-20 14:59:09,587 - cuttingstock.core - INFO - Loaded order data from cache | Details: cache_path: cache\order.db
2025-08-20 14:59:09,598 - cuttingstock.core - INFO - Loaded and sorted data successfully
2025-08-20 14:59:09,602 - cuttingstock.core - INFO - Starting calculation process
2025-08-20 14:59:09,646 - cuttingstock.core - INFO - Loaded order data from cache | Details: cache_path: cache\order.db
2025-08-20 14:59:09,721 - cuttingstock.core - INFO - Loaded and sorted data successfully
2025-08-20 14:59:09,787 - cuttingstock.core - ERROR - Out of stock: Not enough stock length available for material. | Details: width: 82, material: KB160, required_length: 159.1875172413793, material_specs: {'demand': 500, 'front': 'KS161 ', 'back': ' KB160', 'c': 'CM112 ', 'die_cut': 1, 'c_type': 'C', 'b_type': None}, known_out_of_stock: []
2025-08-20 14:59:09,794 - cuttingstock.core - INFO - Out of stock, awaiting user interaction. | Details: width: 82, material: KB160, required_length: 159.1875172413793, material_specs: {'demand': 500, 'front': 'KS161 ', 'back': ' KB160', 'c': 'CM112 ', 'die_cut': 1, 'c_type': 'C', 'b_type': None}
2025-08-20 14:59:17,053 - cuttingstock.core - INFO - User provided material substitution. | Details: original_specs: {'demand': 500, 'front': 'KS161 ', 'back': ' KB160', 'c': 'CM112 ', 'die_cut': 1, 'c_type': 'C', 'b_type': None}, new_specs: {'demand': 500, 'front': 'KS161', 'back': 'KS161', 'c': 'CM112', 'die_cut': 1, 'c_type': 'C', 'b_type': None}, changes: {'front': 'KS161', 'back': 'KS161', 'c': 'CM112'}
2025-08-20 14:59:17,545 - cuttingstock.core - ERROR - Out of stock: Not enough stock length available for material. | Details: width: 82, material: CM112, required_length: 766.3287, material_specs: {'demand': 500, 'front': 'KS161', 'back': 'KS161', 'c': 'CM112', 'die_cut': 1, 'c_type': 'C', 'b_type': None}, known_out_of_stock: []
2025-08-20 14:59:17,546 - cuttingstock.core - INFO - Out of stock, awaiting user interaction. | Details: width: 82, material: CM112, required_length: 766.3287, material_specs: {'demand': 500, 'front': 'KS161', 'back': 'KS161', 'c': 'CM112', 'die_cut': 1, 'c_type': 'C', 'b_type': None}
2025-08-20 14:59:20,542 - cuttingstock.core - INFO - User provided material substitution. | Details: original_specs: {'demand': 500, 'front': 'KS161', 'back': 'KS161', 'c': 'CM112', 'die_cut': 1, 'c_type': 'C', 'b_type': None}, new_specs: {'demand': 500, 'front': 'KS161', 'back': 'KS161', 'c': 'CM127', 'die_cut': 1, 'c_type': 'C', 'b_type': None}, changes: {'c': 'CM127'}
2025-08-20 14:59:20,916 - cuttingstock.core - INFO - Starting calculation process
2025-08-20 14:59:20,966 - cuttingstock.core - INFO - Loaded order data from cache | Details: cache_path: cache\order.db
2025-08-20 14:59:20,990 - cuttingstock.core - INFO - Loaded and sorted data successfully
2025-08-20 14:59:20,995 - cuttingstock.core - INFO - Starting calculation process
2025-08-20 14:59:21,022 - cuttingstock.core - INFO - Loaded order data from cache | Details: cache_path: cache\order.db
2025-08-20 14:59:21,042 - cuttingstock.core - INFO - Loaded and sorted data successfully
2025-08-20 14:59:21,046 - cuttingstock.core - INFO - Starting calculation process
2025-08-20 14:59:21,072 - cuttingstock.core - INFO - Loaded order data from cache | Details: cache_path: cache\order.db
2025-08-20 14:59:21,101 - cuttingstock.core - INFO - Loaded and sorted data successfully
2025-08-20 14:59:21,107 - cuttingstock.core - INFO - Starting calculation process
2025-08-20 14:59:21,129 - cuttingstock.core - INFO - Loaded order data from cache | Details: cache_path: cache\order.db
2025-08-20 14:59:21,141 - cuttingstock.core - INFO - Loaded and sorted data successfully
2025-08-20 14:59:21,145 - cuttingstock.core - INFO - Starting calculation process
2025-08-20 14:59:21,165 - cuttingstock.core - INFO - Loaded order data from cache | Details: cache_path: cache\order.db
2025-08-20 14:59:21,176 - cuttingstock.core - INFO - Loaded and sorted data successfully
2025-08-20 14:59:21,179 - cuttingstock.core - INFO - Starting calculation process
2025-08-20 14:59:21,195 - cuttingstock.core - INFO - Loaded order data from cache | Details: cache_path: cache\order.db
2025-08-20 14:59:21,204 - cuttingstock.core - INFO - Loaded and sorted data successfully
2025-08-20 14:59:21,207 - cuttingstock.core - INFO - Starting calculation process
2025-08-20 14:59:21,221 - cuttingstock.core - INFO - Loaded order data from cache | Details: cache_path: cache\order.db
2025-08-20 14:59:21,232 - cuttingstock.core - INFO - Loaded and sorted data successfully
2025-08-20 14:59:21,538 - cuttingstock.core - INFO - Starting calculation process
2025-08-20 14:59:21,564 - cuttingstock.core - INFO - Loaded order data from cache | Details: cache_path: cache\order.db
2025-08-20 14:59:21,578 - cuttingstock.core - INFO - Loaded and sorted data successfully
2025-08-20 14:59:21,586 - cuttingstock.core - INFO - Starting calculation process
2025-08-20 14:59:21,602 - cuttingstock.core - INFO - Loaded order data from cache | Details: cache_path: cache\order.db
2025-08-20 14:59:21,612 - cuttingstock.core - INFO - Loaded and sorted data successfully
2025-08-20 14:59:21,617 - cuttingstock.core - INFO - Starting calculation process
2025-08-20 14:59:21,633 - cuttingstock.core - INFO - Loaded order data from cache | Details: cache_path: cache\order.db
2025-08-20 14:59:21,642 - cuttingstock.core - INFO - Loaded and sorted data successfully
2025-08-20 14:59:21,645 - cuttingstock.core - INFO - Starting calculation process
2025-08-20 14:59:21,668 - cuttingstock.core - INFO - Loaded order data from cache | Details: cache_path: cache\order.db
2025-08-20 14:59:21,679 - cuttingstock.core - INFO - Loaded and sorted data successfully
2025-08-20 14:59:21,684 - cuttingstock.core - INFO - Starting calculation process
2025-08-20 14:59:21,753 - cuttingstock.core - INFO - Loaded order data from cache | Details: cache_path: cache\order.db
2025-08-20 14:59:21,812 - cuttingstock.core - INFO - Loaded and sorted data successfully
2025-08-20 14:59:22,077 - cuttingstock.core - INFO - Starting calculation process
2025-08-20 14:59:22,092 - cuttingstock.core - INFO - Loaded order data from cache | Details: cache_path: cache\order.db
2025-08-20 14:59:22,102 - cuttingstock.core - INFO - Loaded and sorted data successfully
2025-08-20 14:59:22,105 - cuttingstock.core - INFO - Starting calculation process
2025-08-20 14:59:22,124 - cuttingstock.core - INFO - Loaded order data from cache | Details: cache_path: cache\order.db
2025-08-20 14:59:22,133 - cuttingstock.core - INFO - Loaded and sorted data successfully
2025-08-20 14:59:22,137 - cuttingstock.core - INFO - Starting calculation process
2025-08-20 14:59:22,187 - cuttingstock.core - INFO - Loaded order data from cache | Details: cache_path: cache\order.db
2025-08-20 14:59:22,257 - cuttingstock.core - INFO - Loaded and sorted data successfully
2025-08-20 14:59:22,553 - cuttingstock.core - INFO - Starting calculation process
2025-08-20 14:59:22,569 - cuttingstock.core - INFO - Loaded order data from cache | Details: cache_path: cache\order.db
2025-08-20 14:59:22,577 - cuttingstock.core - INFO - Loaded and sorted data successfully
2025-08-20 14:59:22,582 - cuttingstock.core - INFO - Starting calculation process
2025-08-20 14:59:22,598 - cuttingstock.core - INFO - Loaded order data from cache | Details: cache_path: cache\order.db
2025-08-20 14:59:22,607 - cuttingstock.core - INFO - Loaded and sorted data successfully
2025-08-20 14:59:22,610 - cuttingstock.core - INFO - Starting calculation process
2025-08-20 14:59:22,656 - cuttingstock.core - INFO - Loaded order data from cache | Details: cache_path: cache\order.db
2025-08-20 14:59:22,737 - cuttingstock.core - INFO - Loaded and sorted data successfully
2025-08-20 14:59:22,740 - cuttingstock.core - INFO - Starting calculation process
2025-08-20 14:59:22,772 - cuttingstock.core - INFO - Loaded order data from cache | Details: cache_path: cache\order.db
2025-08-20 14:59:22,793 - cuttingstock.core - INFO - Loaded and sorted data successfully
2025-08-20 14:59:22,797 - cuttingstock.core - INFO - Starting calculation process
2025-08-20 14:59:22,818 - cuttingstock.core - INFO - Loaded order data from cache | Details: cache_path: cache\order.db
2025-08-20 14:59:22,858 - cuttingstock.core - INFO - Loaded and sorted data successfully
2025-08-20 14:59:22,864 - cuttingstock.core - INFO - Starting calculation process
2025-08-20 14:59:22,885 - cuttingstock.core - INFO - Loaded order data from cache | Details: cache_path: cache\order.db
2025-08-20 14:59:22,895 - cuttingstock.core - INFO - Loaded and sorted data successfully
2025-08-20 14:59:22,900 - cuttingstock.core - INFO - Starting calculation process
2025-08-20 14:59:22,916 - cuttingstock.core - INFO - Loaded order data from cache | Details: cache_path: cache\order.db
2025-08-20 14:59:22,926 - cuttingstock.core - INFO - Loaded and sorted data successfully
2025-08-20 14:59:22,961 - cuttingstock.core - ERROR - Out of stock: Not enough stock length available for material. | Details: width: 85, material: KB160, required_length: 1470.1837777777778, material_specs: {'demand': 7000, 'front': 'KB160 ', 'back': ' KB160', 'b': 'CM147 ', 'die_cut': 2, 'c_type': None, 'b_type': 'B'}, known_out_of_stock: []
2025-08-20 14:59:22,961 - cuttingstock.core - INFO - Out of stock, awaiting user interaction. | Details: width: 85, material: KB160, required_length: 1470.1837777777778, material_specs: {'demand': 7000, 'front': 'KB160 ', 'back': ' KB160', 'b': 'CM147 ', 'die_cut': 2, 'c_type': None, 'b_type': 'B'}
2025-08-20 14:59:32,687 - cuttingstock.core - INFO - User provided material substitution. | Details: original_specs: {'demand': 7000, 'front': 'KB160 ', 'back': ' KB160', 'b': 'CM147 ', 'die_cut': 2, 'c_type': None, 'b_type': 'B'}, new_specs: {'demand': 7000, 'front': 'KS161', 'back': 'KS161', 'b': 'CM147', 'die_cut': 2, 'c_type': None, 'b_type': 'B'}, changes: {'front': 'KS161', 'back': 'KS161', 'b': 'CM147'}
2025-08-20 14:59:32,705 - cuttingstock.core - ERROR - Out of stock: Not enough stock length available for material. | Details: width: 85, material: CM147, required_length: 1984.7481, material_specs: {'demand': 7000, 'front': 'KS161', 'back': 'KS161', 'b': 'CM147', 'die_cut': 2, 'c_type': None, 'b_type': 'B'}, known_out_of_stock: [('85', 'KB160')]
2025-08-20 14:59:32,709 - cuttingstock.core - INFO - Out of stock, awaiting user interaction. | Details: width: 85, material: CM147, required_length: 1984.7481, material_specs: {'demand': 7000, 'front': 'KS161', 'back': 'KS161', 'b': 'CM147', 'die_cut': 2, 'c_type': None, 'b_type': 'B'}
2025-08-20 14:59:36,055 - cuttingstock.core - INFO - User provided material substitution. | Details: original_specs: {'demand': 7000, 'front': 'KS161', 'back': 'KS161', 'b': 'CM147', 'die_cut': 2, 'c_type': None, 'b_type': 'B'}, new_specs: {'demand': 7000, 'front': 'KS161', 'back': 'KS161', 'b': 'CM127', 'die_cut': 2, 'c_type': None, 'b_type': 'B'}, changes: {'b': 'CM127'}
2025-08-20 14:59:36,172 - cuttingstock.core - ERROR - Out of stock: Not enough stock length available for material. | Details: width: 85, material: CM127, required_length: 1984.7481, material_specs: {'demand': 7000, 'front': 'KS161', 'back': 'KS161', 'b': 'CM127', 'die_cut': 2, 'c_type': None, 'b_type': 'B'}, known_out_of_stock: []
2025-08-20 14:59:36,172 - cuttingstock.core - INFO - Out of stock, awaiting user interaction. | Details: width: 85, material: CM127, required_length: 1984.7481, material_specs: {'demand': 7000, 'front': 'KS161', 'back': 'KS161', 'b': 'CM127', 'die_cut': 2, 'c_type': None, 'b_type': 'B'}
2025-08-20 14:59:38,863 - cuttingstock.core - INFO - User provided material substitution. | Details: original_specs: {'demand': 7000, 'front': 'KS161', 'back': 'KS161', 'b': 'CM127', 'die_cut': 2, 'c_type': None, 'b_type': 'B'}, new_specs: {'demand': 7000, 'front': 'KS161', 'back': 'KS161', 'b': 'CM190', 'die_cut': 2, 'c_type': None, 'b_type': 'B'}, changes: {'b': 'CM190'}
2025-08-20 14:59:39,405 - cuttingstock.core - INFO - Starting calculation process
2025-08-20 14:59:39,478 - cuttingstock.core - INFO - Loaded order data from cache | Details: cache_path: cache\order.db
2025-08-20 14:59:39,489 - cuttingstock.core - INFO - Loaded and sorted data successfully
2025-08-20 14:59:39,510 - cuttingstock.core - INFO - Starting calculation process
2025-08-20 14:59:39,532 - cuttingstock.core - INFO - Loaded order data from cache | Details: cache_path: cache\order.db
2025-08-20 14:59:39,542 - cuttingstock.core - INFO - Loaded and sorted data successfully
2025-08-20 14:59:39,688 - cuttingstock.core - ERROR - Out of stock: Not enough stock length available for material. | Details: width: 85, material: CM147, required_length: 306.6097, material_specs: {'demand': 1000, 'front': 'KS231 ', 'back': ' KB160', 'c': 'CM147 ', 'die_cut': 1, 'c_type': 'C', 'b_type': None}, known_out_of_stock: []
2025-08-20 14:59:39,688 - cuttingstock.core - INFO - Out of stock, awaiting user interaction. | Details: width: 85, material: CM147, required_length: 306.6097, material_specs: {'demand': 1000, 'front': 'KS231 ', 'back': ' KB160', 'c': 'CM147 ', 'die_cut': 1, 'c_type': 'C', 'b_type': None}
2025-08-20 14:59:42,969 - cuttingstock.core - INFO - User provided material substitution. | Details: original_specs: {'demand': 1000, 'front': 'KS231 ', 'back': ' KB160', 'c': 'CM147 ', 'die_cut': 1, 'c_type': 'C', 'b_type': None}, new_specs: {'demand': 1000, 'front': 'KS231', 'back': 'KB160', 'c': 'CM190', 'die_cut': 1, 'c_type': 'C', 'b_type': None}, changes: {'front': 'KS231', 'back': 'KB160', 'c': 'CM190'}
2025-08-20 14:59:42,973 - cuttingstock.core - ERROR - Out of stock: Not enough stock length available for material. | Details: width: 85, material: KB160, required_length: 211.45496551724136, material_specs: {'demand': 1000, 'front': 'KS231', 'back': 'KB160', 'c': 'CM190', 'die_cut': 1, 'c_type': 'C', 'b_type': None}, known_out_of_stock: [('85', 'CM147')]
2025-08-20 14:59:42,973 - cuttingstock.core - INFO - Out of stock, awaiting user interaction. | Details: width: 85, material: KB160, required_length: 211.45496551724136, material_specs: {'demand': 1000, 'front': 'KS231', 'back': 'KB160', 'c': 'CM190', 'die_cut': 1, 'c_type': 'C', 'b_type': None}
2025-08-20 14:59:50,001 - cuttingstock.core - INFO - User provided material substitution. | Details: original_specs: {'demand': 1000, 'front': 'KS231', 'back': 'KB160', 'c': 'CM190', 'die_cut': 1, 'c_type': 'C', 'b_type': None}, new_specs: {'demand': 1000, 'front': 'KS231', 'back': 'KS161', 'c': 'CM190', 'die_cut': 1, 'c_type': 'C', 'b_type': None}, changes: {'back': 'KS161'}
2025-08-20 14:59:50,030 - cuttingstock.core - ERROR - Out of stock: Not enough stock length available for material. | Details: width: 85, material: CM190, required_length: 306.6097, material_specs: {'demand': 1000, 'front': 'KS231', 'back': 'KS161', 'c': 'CM190', 'die_cut': 1, 'c_type': 'C', 'b_type': None}, known_out_of_stock: [('85', 'CM147'), ('85', 'KB160')]
2025-08-20 14:59:50,032 - cuttingstock.core - INFO - Out of stock, awaiting user interaction. | Details: width: 85, material: CM190, required_length: 306.6097, material_specs: {'demand': 1000, 'front': 'KS231', 'back': 'KS161', 'c': 'CM190', 'die_cut': 1, 'c_type': 'C', 'b_type': None}
2025-08-20 14:59:53,858 - cuttingstock.core - INFO - User provided material substitution. | Details: original_specs: {'demand': 1000, 'front': 'KS231', 'back': 'KS161', 'c': 'CM190', 'die_cut': 1, 'c_type': 'C', 'b_type': None}, new_specs: {'demand': 1000, 'front': 'KS231', 'back': 'KS161', 'c': 'CM127', 'die_cut': 1, 'c_type': 'C', 'b_type': None}, changes: {'c': 'CM127'}
2025-08-20 14:59:53,863 - cuttingstock.core - ERROR - Out of stock: Not enough stock length available for material. | Details: width: 85, material: CM127, required_length: 306.6097, material_specs: {'demand': 4980, 'front': 'KS231', 'back': 'KS161', 'c': 'CM127', 'die_cut': 1, 'c_type': 'C', 'b_type': None}, known_out_of_stock: [('85', 'CM147'), ('85', 'KB160'), ('85', 'CM190')]
2025-08-20 14:59:53,864 - cuttingstock.core - INFO - Out of stock, awaiting user interaction. | Details: width: 85, material: CM127, required_length: 306.6097, material_specs: {'demand': 4980, 'front': 'KS231', 'back': 'KS161', 'c': 'CM127', 'die_cut': 1, 'c_type': 'C', 'b_type': None}
2025-08-20 14:59:55,527 - cuttingstock.core - INFO - User provided material substitution. | Details: original_specs: {'demand': 4980, 'front': 'KS231', 'back': 'KS161', 'c': 'CM127', 'die_cut': 1, 'c_type': 'C', 'b_type': None}, new_specs: {'demand': 4980, 'front': 'KS231', 'back': 'KS161', 'c': 'CM112', 'die_cut': 1, 'c_type': 'C', 'b_type': None}, changes: {'c': 'CM112'}
2025-08-20 14:59:55,910 - cuttingstock.core - ERROR - Out of stock: Not enough stock length available for material. | Details: width: 85, material: CM112, required_length: 1533.0487, material_specs: {'demand': 4980, 'front': 'KS231', 'back': 'KS161', 'c': 'CM112', 'die_cut': 1, 'c_type': 'C', 'b_type': None}, known_out_of_stock: []
2025-08-20 14:59:55,911 - cuttingstock.core - INFO - Out of stock, awaiting user interaction. | Details: width: 85, material: CM112, required_length: 1533.0487, material_specs: {'demand': 4980, 'front': 'KS231', 'back': 'KS161', 'c': 'CM112', 'die_cut': 1, 'c_type': 'C', 'b_type': None}
2025-08-20 15:00:00,033 - cuttingstock.core - INFO - User provided material substitution. | Details: original_specs: {'demand': 4980, 'front': 'KS231', 'back': 'KS161', 'c': 'CM112', 'die_cut': 1, 'c_type': 'C', 'b_type': None}, new_specs: {'demand': 4980, 'front': 'KS231', 'back': 'KS161', 'c': 'CM127', 'die_cut': 1, 'c_type': 'C', 'b_type': None}, changes: {'c': 'CM127'}
2025-08-20 15:00:00,037 - cuttingstock.core - ERROR - Out of stock: Not enough stock length available for material. | Details: width: 85, material: CM127, required_length: 1533.0487, material_specs: {'demand': 4980, 'front': 'KS231', 'back': 'KS161', 'c': 'CM127', 'die_cut': 1, 'c_type': 'C', 'b_type': None}, known_out_of_stock: [('85', 'CM112')]
2025-08-20 15:00:00,038 - cuttingstock.core - INFO - Out of stock, awaiting user interaction. | Details: width: 85, material: CM127, required_length: 1533.0487, material_specs: {'demand': 4980, 'front': 'KS231', 'back': 'KS161', 'c': 'CM127', 'die_cut': 1, 'c_type': 'C', 'b_type': None}
2025-08-20 15:00:01,864 - cuttingstock.core - INFO - User provided material substitution. | Details: original_specs: {'demand': 4980, 'front': 'KS231', 'back': 'KS161', 'c': 'CM127', 'die_cut': 1, 'c_type': 'C', 'b_type': None}, new_specs: {'demand': 4980, 'front': 'KS231', 'back': 'KS161', 'c': 'CM147', 'die_cut': 1, 'c_type': 'C', 'b_type': None}, changes: {'c': 'CM147'}
2025-08-20 15:00:01,868 - cuttingstock.core - ERROR - Out of stock: Not enough stock length available for material. | Details: width: 85, material: CM147, required_length: 1533.0487, material_specs: {'demand': 4980, 'front': 'KS231', 'back': 'KS161', 'c': 'CM147', 'die_cut': 1, 'c_type': 'C', 'b_type': None}, known_out_of_stock: [('85', 'CM112'), ('85', 'CM127')]
2025-08-20 15:00:01,870 - cuttingstock.core - INFO - Out of stock, awaiting user interaction. | Details: width: 85, material: CM147, required_length: 1533.0487, material_specs: {'demand': 4980, 'front': 'KS231', 'back': 'KS161', 'c': 'CM147', 'die_cut': 1, 'c_type': 'C', 'b_type': None}
2025-08-20 15:00:03,590 - cuttingstock.core - INFO - User provided material substitution. | Details: original_specs: {'demand': 4980, 'front': 'KS231', 'back': 'KS161', 'c': 'CM147', 'die_cut': 1, 'c_type': 'C', 'b_type': None}, new_specs: {'demand': 4980, 'front': 'KS231', 'back': 'KS161', 'c': 'CM190', 'die_cut': 1, 'c_type': 'C', 'b_type': None}, changes: {'c': 'CM190'}
2025-08-20 15:00:03,592 - cuttingstock.core - ERROR - Out of stock: Not enough stock length available for material. | Details: width: 85, material: CM190, required_length: 1533.0487, material_specs: {'demand': 4980, 'front': 'KS231', 'back': 'KS161', 'c': 'CM190', 'die_cut': 1, 'c_type': 'C', 'b_type': None}, known_out_of_stock: [('85', 'CM112'), ('85', 'CM127'), ('85', 'CM147')]
2025-08-20 15:00:03,593 - cuttingstock.core - INFO - Out of stock, awaiting user interaction. | Details: width: 85, material: CM190, required_length: 1533.0487, material_specs: {'demand': 4980, 'front': 'KS231', 'back': 'KS161', 'c': 'CM190', 'die_cut': 1, 'c_type': 'C', 'b_type': None}
2025-08-20 15:00:05,694 - cuttingstock.core - INFO - User provided material substitution. | Details: original_specs: {'demand': 4980, 'front': 'KS231', 'back': 'KS161', 'c': 'CM190', 'die_cut': 1, 'c_type': 'C', 'b_type': None}, new_specs: {'demand': 4980, 'front': 'KS231', 'back': 'KS161', 'c': 'CM85', 'die_cut': 1, 'c_type': 'C', 'b_type': None}, changes: {'c': 'CM85'}
2025-08-20 15:00:06,354 - cuttingstock.core - INFO - Starting calculation process
2025-08-20 15:00:06,374 - cuttingstock.core - INFO - Loaded order data from cache | Details: cache_path: cache\order.db
2025-08-20 15:00:06,386 - cuttingstock.core - INFO - Loaded and sorted data successfully
2025-08-20 15:00:06,772 - cuttingstock.core - INFO - Starting calculation process
2025-08-20 15:00:06,788 - cuttingstock.core - INFO - Loaded order data from cache | Details: cache_path: cache\order.db
2025-08-20 15:00:06,797 - cuttingstock.core - INFO - Loaded and sorted data successfully
2025-08-20 15:00:07,110 - cuttingstock.core - INFO - Starting calculation process
2025-08-20 15:00:07,126 - cuttingstock.core - INFO - Loaded order data from cache | Details: cache_path: cache\order.db
2025-08-20 15:00:07,135 - cuttingstock.core - INFO - Loaded and sorted data successfully
2025-08-20 15:00:07,434 - cuttingstock.core - INFO - Starting calculation process
2025-08-20 15:00:07,454 - cuttingstock.core - INFO - Loaded order data from cache | Details: cache_path: cache\order.db
2025-08-20 15:00:07,464 - cuttingstock.core - INFO - Loaded and sorted data successfully
2025-08-20 15:00:07,858 - cuttingstock.core - INFO - Starting calculation process
2025-08-20 15:00:07,884 - cuttingstock.core - INFO - Loaded order data from cache | Details: cache_path: cache\order.db
2025-08-20 15:00:07,896 - cuttingstock.core - INFO - Loaded and sorted data successfully
2025-08-20 15:00:07,901 - cuttingstock.core - INFO - Starting calculation process
2025-08-20 15:00:07,918 - cuttingstock.core - INFO - Loaded order data from cache | Details: cache_path: cache\order.db
2025-08-20 15:00:07,927 - cuttingstock.core - INFO - Loaded and sorted data successfully
2025-08-20 15:00:07,931 - cuttingstock.core - INFO - Starting calculation process
2025-08-20 15:00:07,947 - cuttingstock.core - INFO - Loaded order data from cache | Details: cache_path: cache\order.db
2025-08-20 15:00:07,956 - cuttingstock.core - INFO - Loaded and sorted data successfully
2025-08-20 15:00:07,959 - cuttingstock.core - INFO - Starting calculation process
2025-08-20 15:00:07,974 - cuttingstock.core - INFO - Loaded order data from cache | Details: cache_path: cache\order.db
2025-08-20 15:00:07,985 - cuttingstock.core - INFO - Loaded and sorted data successfully
2025-08-20 15:00:08,289 - cuttingstock.core - INFO - Starting calculation process
2025-08-20 15:00:08,306 - cuttingstock.core - INFO - Loaded order data from cache | Details: cache_path: cache\order.db
2025-08-20 15:00:08,314 - cuttingstock.core - INFO - Loaded and sorted data successfully
2025-08-20 15:00:08,319 - cuttingstock.core - INFO - Starting calculation process
2025-08-20 15:00:08,334 - cuttingstock.core - INFO - Loaded order data from cache | Details: cache_path: cache\order.db
2025-08-20 15:00:08,342 - cuttingstock.core - INFO - Loaded and sorted data successfully
2025-08-20 15:00:08,345 - cuttingstock.core - INFO - Starting calculation process
2025-08-20 15:00:08,360 - cuttingstock.core - INFO - Loaded order data from cache | Details: cache_path: cache\order.db
2025-08-20 15:00:08,369 - cuttingstock.core - INFO - Loaded and sorted data successfully
2025-08-20 15:00:08,372 - cuttingstock.core - INFO - Starting calculation process
2025-08-20 15:00:08,388 - cuttingstock.core - INFO - Loaded order data from cache | Details: cache_path: cache\order.db
2025-08-20 15:00:08,397 - cuttingstock.core - INFO - Loaded and sorted data successfully
2025-08-20 15:00:08,585 - cuttingstock.core - ERROR - Out of stock: Not enough stock length available for material. | Details: width: 82, material: CME100, required_length: 162.00014814814813, material_specs: {'demand': 2000, 'front': 'CME100', 'back': ' CME100', 'b': 'CME100', 'die_cut': 1, 'c_type': None, 'b_type': 'B'}, known_out_of_stock: []
2025-08-20 15:00:08,585 - cuttingstock.core - INFO - Out of stock, awaiting user interaction. | Details: width: 82, material: CME100, required_length: 162.00014814814813, material_specs: {'demand': 2000, 'front': 'CME100', 'back': ' CME100', 'b': 'CME100', 'die_cut': 1, 'c_type': None, 'b_type': 'B'}
2025-08-20 15:00:11,093 - cuttingstock.core - INFO - User provided material substitution. | Details: original_specs: {'demand': 2000, 'front': 'CME100', 'back': ' CME100', 'b': 'CME100', 'die_cut': 1, 'c_type': None, 'b_type': 'B'}, new_specs: {'demand': 2000, 'front': 'CME150', 'back': 'CME100', 'b': 'CME150', 'die_cut': 1, 'c_type': None, 'b_type': 'B'}, changes: {'front': 'CME150', 'back': 'CME100', 'b': 'CME150'}
2025-08-20 15:00:11,115 - cuttingstock.core - ERROR - Out of stock: Not enough stock length available for material. | Details: width: 82, material: CME100, required_length: 162.00014814814813, material_specs: {'demand': 2000, 'front': 'CME150', 'back': 'CME100', 'b': 'CME150', 'die_cut': 1, 'c_type': None, 'b_type': 'B'}, known_out_of_stock: [('82', 'CME100')]
2025-08-20 15:00:11,143 - cuttingstock.core - INFO - Out of stock, awaiting user interaction. | Details: width: 82, material: CME100, required_length: 162.00014814814813, material_specs: {'demand': 2000, 'front': 'CME150', 'back': 'CME100', 'b': 'CME150', 'die_cut': 1, 'c_type': None, 'b_type': 'B'}
2025-08-20 15:00:14,485 - cuttingstock.core - INFO - User provided material substitution. | Details: original_specs: {'demand': 2000, 'front': 'CME150', 'back': 'CME100', 'b': 'CME150', 'die_cut': 1, 'c_type': None, 'b_type': 'B'}, new_specs: {'demand': 2000, 'front': 'CME150', 'back': 'CME150', 'b': 'CME150', 'die_cut': 1, 'c_type': None, 'b_type': 'B'}, changes: {'back': 'CME150'}
2025-08-20 15:00:14,493 - cuttingstock.core - ERROR - Out of stock: Not enough stock length available for material. | Details: width: 82, material: CME150, required_length: 218.7002, material_specs: {'demand': 2000, 'front': 'CME150', 'back': 'CME150', 'b': 'CME150', 'die_cut': 1, 'c_type': None, 'b_type': 'B'}, known_out_of_stock: [('82', 'CME100'), ('82', 'CME100')]
2025-08-20 15:00:14,504 - cuttingstock.core - INFO - Out of stock, awaiting user interaction. | Details: width: 82, material: CME150, required_length: 218.7002, material_specs: {'demand': 2000, 'front': 'CME150', 'back': 'CME150', 'b': 'CME150', 'die_cut': 1, 'c_type': None, 'b_type': 'B'}
2025-08-20 15:00:32,478 - cuttingstock.core - INFO - User provided material substitution. | Details: original_specs: {'demand': 2000, 'front': 'CME150', 'back': 'CME150', 'b': 'CME150', 'die_cut': 1, 'c_type': None, 'b_type': 'B'}, new_specs: {'demand': 2000, 'front': 'CM190', 'back': 'KA150', 'b': 'CM127', 'die_cut': 1, 'c_type': None, 'b_type': 'B'}, changes: {'front': 'CM190', 'back': 'KA150', 'b': 'CM127'}
2025-08-20 15:00:33,039 - cuttingstock.core - INFO - Starting calculation process
2025-08-20 15:00:33,055 - cuttingstock.core - INFO - Loaded order data from cache | Details: cache_path: cache\order.db
2025-08-20 15:00:33,064 - cuttingstock.core - INFO - Loaded and sorted data successfully
2025-08-20 15:00:33,068 - cuttingstock.core - INFO - Starting calculation process
2025-08-20 15:00:33,084 - cuttingstock.core - INFO - Loaded order data from cache | Details: cache_path: cache\order.db
2025-08-20 15:00:33,093 - cuttingstock.core - INFO - Loaded and sorted data successfully
2025-08-20 15:00:33,096 - cuttingstock.core - INFO - Starting calculation process
2025-08-20 15:00:33,111 - cuttingstock.core - INFO - Loaded order data from cache | Details: cache_path: cache\order.db
2025-08-20 15:00:33,121 - cuttingstock.core - INFO - Loaded and sorted data successfully
2025-08-20 15:00:33,124 - cuttingstock.core - INFO - Starting calculation process
2025-08-20 15:00:33,140 - cuttingstock.core - INFO - Loaded order data from cache | Details: cache_path: cache\order.db
2025-08-20 15:00:33,150 - cuttingstock.core - INFO - Loaded and sorted data successfully
2025-08-20 15:00:33,546 - cuttingstock.core - INFO - Starting calculation process
2025-08-20 15:00:33,602 - cuttingstock.core - INFO - Loaded order data from cache | Details: cache_path: cache\order.db
2025-08-20 15:00:33,686 - cuttingstock.core - INFO - Loaded and sorted data successfully
2025-08-20 15:00:33,690 - cuttingstock.core - INFO - Starting calculation process
2025-08-20 15:00:33,712 - cuttingstock.core - INFO - Loaded order data from cache | Details: cache_path: cache\order.db
2025-08-20 15:00:33,751 - cuttingstock.core - INFO - Loaded and sorted data successfully
2025-08-20 15:00:33,756 - cuttingstock.core - INFO - Starting calculation process
2025-08-20 15:00:33,774 - cuttingstock.core - INFO - Loaded order data from cache | Details: cache_path: cache\order.db
2025-08-20 15:00:33,813 - cuttingstock.core - INFO - Loaded and sorted data successfully
2025-08-20 15:00:34,099 - cuttingstock.core - INFO - Starting calculation process
2025-08-20 15:00:34,136 - cuttingstock.core - INFO - Loaded order data from cache | Details: cache_path: cache\order.db
2025-08-20 15:00:34,149 - cuttingstock.core - INFO - Loaded and sorted data successfully
2025-08-20 15:00:34,156 - cuttingstock.core - INFO - Starting calculation process
2025-08-20 15:00:34,187 - cuttingstock.core - INFO - Loaded order data from cache | Details: cache_path: cache\order.db
2025-08-20 15:00:34,198 - cuttingstock.core - INFO - Loaded and sorted data successfully
2025-08-20 15:00:34,207 - cuttingstock.core - INFO - Starting calculation process
2025-08-20 15:00:34,237 - cuttingstock.core - INFO - Loaded order data from cache | Details: cache_path: cache\order.db
2025-08-20 15:00:34,251 - cuttingstock.core - INFO - Loaded and sorted data successfully
2025-08-20 15:00:34,258 - cuttingstock.core - INFO - Starting calculation process
2025-08-20 15:00:34,278 - cuttingstock.core - INFO - Loaded order data from cache | Details: cache_path: cache\order.db
2025-08-20 15:00:34,288 - cuttingstock.core - INFO - Loaded and sorted data successfully
2025-08-20 15:00:34,292 - cuttingstock.core - INFO - Starting calculation process
2025-08-20 15:00:34,310 - cuttingstock.core - INFO - Loaded order data from cache | Details: cache_path: cache\order.db
2025-08-20 15:00:34,322 - cuttingstock.core - INFO - Loaded and sorted data successfully
2025-08-20 15:00:34,325 - cuttingstock.core - INFO - Starting calculation process
2025-08-20 15:00:34,341 - cuttingstock.core - INFO - Loaded order data from cache | Details: cache_path: cache\order.db
2025-08-20 15:00:34,350 - cuttingstock.core - INFO - Loaded and sorted data successfully
2025-08-20 15:25:59,007 - cuttingstock.core - INFO - Starting calculation process
2025-08-20 15:25:59,200 - cuttingstock.core - INFO - Loaded order data from cache | Details: cache_path: cache\order.db
2025-08-20 15:25:59,215 - cuttingstock.core - INFO - Loaded and sorted data successfully
2025-08-20 15:26:10,042 - cuttingstock.core - ERROR - Out of stock: Not enough stock length available for material. | Details: width: 85, material: KB160, required_length: 433.2690344827586, material_specs: {'demand': 1380, 'front': 'KS231 ', 'middle': 'CM127 ', 'back': ' KB160', 'c': 'CM127 ', 'b': 'CM127 ', 'die_cut': 1, 'c_type': 'C', 'b_type': 'B'}, known_out_of_stock: []
2025-08-20 15:26:10,042 - cuttingstock.core - INFO - Out of stock, awaiting user interaction. | Details: width: 85, material: KB160, required_length: 433.2690344827586, material_specs: {'demand': 1380, 'front': 'KS231 ', 'middle': 'CM127 ', 'back': ' KB160', 'c': 'CM127 ', 'b': 'CM127 ', 'die_cut': 1, 'c_type': 'C', 'b_type': 'B'}
2025-08-20 15:26:25,567 - cuttingstock.core - INFO - User provided material substitution. | Details: original_specs: {'demand': 1380, 'front': 'KS231 ', 'middle': 'CM127 ', 'back': ' KB160', 'c': 'CM127 ', 'b': 'CM127 ', 'die_cut': 1, 'c_type': 'C', 'b_type': 'B'}, new_specs: {'demand': 1380, 'front': 'KS231', 'middle': 'CM127', 'back': 'KS161', 'c': 'CM127', 'b': 'CM127', 'die_cut': 1, 'c_type': 'C', 'b_type': 'B'}, changes: {'front': 'KS231', 'middle': 'CM127', 'back': 'KS161', 'c': 'CM127', 'b': 'CM127'}
2025-08-20 15:26:35,571 - cuttingstock.core - ERROR - Out of stock: Not enough stock length available for material. | Details: width: 85, material: CM127, required_length: 302.7013793103448, material_specs: {'demand': 1380, 'front': 'KS231', 'middle': 'CM127', 'back': 'KS161', 'c': 'CM127', 'b': 'CM127', 'die_cut': 1, 'c_type': 'C', 'b_type': 'B'}, known_out_of_stock: []
2025-08-20 15:26:35,571 - cuttingstock.core - INFO - Out of stock, awaiting user interaction. | Details: width: 85, material: CM127, required_length: 302.7013793103448, material_specs: {'demand': 1380, 'front': 'KS231', 'middle': 'CM127', 'back': 'KS161', 'c': 'CM127', 'b': 'CM127', 'die_cut': 1, 'c_type': 'C', 'b_type': 'B'}
2025-08-20 15:26:38,781 - cuttingstock.core - INFO - User provided material substitution. | Details: original_specs: {'demand': 1380, 'front': 'KS231', 'middle': 'CM127', 'back': 'KS161', 'c': 'CM127', 'b': 'CM127', 'die_cut': 1, 'c_type': 'C', 'b_type': 'B'}, new_specs: {'demand': 1380, 'front': 'KS231', 'middle': 'CM147', 'back': 'KS161', 'c': 'CM127', 'b': 'CM127', 'die_cut': 1, 'c_type': 'C', 'b_type': 'B'}, changes: {'middle': 'CM147'}
2025-08-20 15:26:39,221 - cuttingstock.core - ERROR - Out of stock: Not enough stock length available for material. | Details: width: 85, material: CM127, required_length: 408.6468620689655, material_specs: {'demand': 1380, 'front': 'KS231', 'middle': 'CM147', 'back': 'KS161', 'c': 'CM127', 'b': 'CM127', 'die_cut': 1, 'c_type': 'C', 'b_type': 'B'}, known_out_of_stock: []
2025-08-20 15:26:39,222 - cuttingstock.core - INFO - Out of stock, awaiting user interaction. | Details: width: 85, material: CM127, required_length: 408.6468620689655, material_specs: {'demand': 1380, 'front': 'KS231', 'middle': 'CM147', 'back': 'KS161', 'c': 'CM127', 'b': 'CM127', 'die_cut': 1, 'c_type': 'C', 'b_type': 'B'}
2025-08-20 15:26:41,703 - cuttingstock.core - INFO - User provided material substitution. | Details: original_specs: {'demand': 1380, 'front': 'KS231', 'middle': 'CM147', 'back': 'KS161', 'c': 'CM127', 'b': 'CM127', 'die_cut': 1, 'c_type': 'C', 'b_type': 'B'}, new_specs: {'demand': 1380, 'front': 'KS231', 'middle': 'CM147', 'back': 'KS161', 'c': 'CM147', 'b': 'CM127', 'die_cut': 1, 'c_type': 'C', 'b_type': 'B'}, changes: {'c': 'CM147'}
2025-08-20 15:26:42,776 - cuttingstock.core - ERROR - Out of stock: Not enough stock length available for material. | Details: width: 85, material: CM127, required_length: 408.19382068965524, material_specs: {'demand': 1380, 'front': 'KS231', 'middle': 'CM147', 'back': 'KS161', 'c': 'CM147', 'b': 'CM127', 'die_cut': 1, 'c_type': 'C', 'b_type': 'B'}, known_out_of_stock: []
2025-08-20 15:26:42,777 - cuttingstock.core - INFO - Out of stock, awaiting user interaction. | Details: width: 85, material: CM127, required_length: 408.19382068965524, material_specs: {'demand': 1380, 'front': 'KS231', 'middle': 'CM147', 'back': 'KS161', 'c': 'CM147', 'b': 'CM127', 'die_cut': 1, 'c_type': 'C', 'b_type': 'B'}
2025-08-20 15:26:44,319 - cuttingstock.core - INFO - User provided material substitution. | Details: original_specs: {'demand': 1380, 'front': 'KS231', 'middle': 'CM147', 'back': 'KS161', 'c': 'CM147', 'b': 'CM127', 'die_cut': 1, 'c_type': 'C', 'b_type': 'B'}, new_specs: {'demand': 1380, 'front': 'KS231', 'middle': 'CM147', 'back': 'KS161', 'c': 'CM147', 'b': 'CM147', 'die_cut': 1, 'c_type': 'C', 'b_type': 'B'}, changes: {'b': 'CM147'}
2025-08-20 15:26:45,143 - cuttingstock.core - ERROR - Out of stock: Not enough stock length available for material. | Details: width: 85, material: CM147, required_length: 408.6468620689655, material_specs: {'demand': 1380, 'front': 'KS231', 'middle': 'CM147', 'back': 'KS161', 'c': 'CM147', 'b': 'CM147', 'die_cut': 1, 'c_type': 'C', 'b_type': 'B'}, known_out_of_stock: []
2025-08-20 15:26:45,143 - cuttingstock.core - INFO - Out of stock, awaiting user interaction. | Details: width: 85, material: CM147, required_length: 408.6468620689655, material_specs: {'demand': 1380, 'front': 'KS231', 'middle': 'CM147', 'back': 'KS161', 'c': 'CM147', 'b': 'CM147', 'die_cut': 1, 'c_type': 'C', 'b_type': 'B'}
2025-08-20 15:26:52,740 - cuttingstock.core - INFO - User provided material substitution. | Details: original_specs: {'demand': 1380, 'front': 'KS231', 'middle': 'CM147', 'back': 'KS161', 'c': 'CM147', 'b': 'CM147', 'die_cut': 1, 'c_type': 'C', 'b_type': 'B'}, new_specs: {'demand': 1380, 'front': 'KS231', 'middle': 'CM190', 'back': 'KS161', 'c': 'CM190', 'b': 'CM190', 'die_cut': 1, 'c_type': 'C', 'b_type': 'B'}, changes: {'middle': 'CM190', 'c': 'CM190', 'b': 'CM190'}
2025-08-20 15:26:53,429 - cuttingstock.core - ERROR - Out of stock: Not enough stock length available for material. | Details: width: 85, material: CM190, required_length: 291.20384482758624, material_specs: {'demand': 1380, 'front': 'KS231', 'middle': 'CM190', 'back': 'KS161', 'c': 'CM190', 'b': 'CM190', 'die_cut': 1, 'c_type': 'C', 'b_type': 'B'}, known_out_of_stock: []
2025-08-20 15:26:53,429 - cuttingstock.core - INFO - Out of stock, awaiting user interaction. | Details: width: 85, material: CM190, required_length: 291.20384482758624, material_specs: {'demand': 1380, 'front': 'KS231', 'middle': 'CM190', 'back': 'KS161', 'c': 'CM190', 'b': 'CM190', 'die_cut': 1, 'c_type': 'C', 'b_type': 'B'}
2025-08-20 15:26:58,605 - cuttingstock.core - INFO - User provided material substitution. | Details: original_specs: {'demand': 1380, 'front': 'KS231', 'middle': 'CM190', 'back': 'KS161', 'c': 'CM190', 'b': 'CM190', 'die_cut': 1, 'c_type': 'C', 'b_type': 'B'}, new_specs: {'demand': 1380, 'front': 'KS231', 'middle': 'CM127', 'back': 'KS161', 'c': 'CM127', 'b': 'CM127', 'die_cut': 1, 'c_type': 'C', 'b_type': 'B'}, changes: {'middle': 'CM127', 'c': 'CM127', 'b': 'CM127'}
2025-08-20 15:26:59,055 - cuttingstock.core - ERROR - Out of stock: Not enough stock length available for material. | Details: width: 85, material: CM127, required_length: 626.3292, material_specs: {'demand': 1380, 'front': 'KS231', 'middle': 'CM127', 'back': 'KS161', 'c': 'CM127', 'b': 'CM127', 'die_cut': 1, 'c_type': 'C', 'b_type': 'B'}, known_out_of_stock: []
2025-08-20 15:26:59,056 - cuttingstock.core - INFO - Out of stock, awaiting user interaction. | Details: width: 85, material: CM127, required_length: 626.3292, material_specs: {'demand': 1380, 'front': 'KS231', 'middle': 'CM127', 'back': 'KS161', 'c': 'CM127', 'b': 'CM127', 'die_cut': 1, 'c_type': 'C', 'b_type': 'B'}
2025-08-20 15:27:03,421 - cuttingstock.core - INFO - User provided material substitution. | Details: original_specs: {'demand': 1380, 'front': 'KS231', 'middle': 'CM127', 'back': 'KS161', 'c': 'CM127', 'b': 'CM127', 'die_cut': 1, 'c_type': 'C', 'b_type': 'B'}, new_specs: {'demand': 1380, 'front': 'KS231', 'middle': 'CM112', 'back': 'KS161', 'c': 'CM112', 'b': 'CM112', 'die_cut': 1, 'c_type': 'C', 'b_type': 'B'}, changes: {'middle': 'CM112', 'c': 'CM112', 'b': 'CM112'}
2025-08-20 15:27:04,028 - cuttingstock.core - ERROR - Out of stock: Not enough stock length available for material. | Details: width: 85, material: CM112, required_length: 281.53958620689656, material_specs: {'demand': 1380, 'front': 'KS231', 'middle': 'CM112', 'back': 'KS161', 'c': 'CM112', 'b': 'CM112', 'die_cut': 1, 'c_type': 'C', 'b_type': 'B'}, known_out_of_stock: []
2025-08-20 15:27:04,028 - cuttingstock.core - INFO - Out of stock, awaiting user interaction. | Details: width: 85, material: CM112, required_length: 281.53958620689656, material_specs: {'demand': 1380, 'front': 'KS231', 'middle': 'CM112', 'back': 'KS161', 'c': 'CM112', 'b': 'CM112', 'die_cut': 1, 'c_type': 'C', 'b_type': 'B'}
2025-08-20 15:27:07,236 - cuttingstock.core - INFO - User provided material substitution. | Details: original_specs: {'demand': 1380, 'front': 'KS231', 'middle': 'CM112', 'back': 'KS161', 'c': 'CM112', 'b': 'CM112', 'die_cut': 1, 'c_type': 'C', 'b_type': 'B'}, new_specs: {'demand': 1380, 'front': 'KS231', 'middle': 'CM127', 'back': 'KS161', 'c': 'CM127', 'b': 'CM127', 'die_cut': 1, 'c_type': 'C', 'b_type': 'B'}, changes: {'middle': 'CM127', 'c': 'CM127', 'b': 'CM127'}
2025-08-20 15:27:07,709 - cuttingstock.core - ERROR - Out of stock: Not enough stock length available for material. | Details: width: 85, material: CM127, required_length: 408.0074, material_specs: {'demand': 1380, 'front': 'KS231', 'middle': 'CM127', 'back': 'KS161', 'c': 'CM127', 'b': 'CM127', 'die_cut': 1, 'c_type': 'C', 'b_type': 'B'}, known_out_of_stock: []
2025-08-20 15:27:07,709 - cuttingstock.core - INFO - Out of stock, awaiting user interaction. | Details: width: 85, material: CM127, required_length: 408.0074, material_specs: {'demand': 1380, 'front': 'KS231', 'middle': 'CM127', 'back': 'KS161', 'c': 'CM127', 'b': 'CM127', 'die_cut': 1, 'c_type': 'C', 'b_type': 'B'}
2025-08-20 15:27:10,085 - cuttingstock.core - INFO - User provided material substitution. | Details: original_specs: {'demand': 1380, 'front': 'KS231', 'middle': 'CM127', 'back': 'KS161', 'c': 'CM127', 'b': 'CM127', 'die_cut': 1, 'c_type': 'C', 'b_type': 'B'}, new_specs: {'demand': 1380, 'front': 'KS231', 'middle': 'CM147', 'back': 'KS161', 'c': 'CM147', 'b': 'CM147', 'die_cut': 1, 'c_type': 'C', 'b_type': 'B'}, changes: {'middle': 'CM147', 'c': 'CM147', 'b': 'CM147'}
2025-08-20 15:27:10,484 - cuttingstock.core - ERROR - Out of stock: Not enough stock length available for material. | Details: width: 85, material: CM147, required_length: 291.20384482758624, material_specs: {'demand': 1380, 'front': 'KS231', 'middle': 'CM147', 'back': 'KS161', 'c': 'CM147', 'b': 'CM147', 'die_cut': 1, 'c_type': 'C', 'b_type': 'B'}, known_out_of_stock: []
2025-08-20 15:27:10,484 - cuttingstock.core - INFO - Out of stock, awaiting user interaction. | Details: width: 85, material: CM147, required_length: 291.20384482758624, material_specs: {'demand': 1380, 'front': 'KS231', 'middle': 'CM147', 'back': 'KS161', 'c': 'CM147', 'b': 'CM147', 'die_cut': 1, 'c_type': 'C', 'b_type': 'B'}
2025-08-20 15:27:13,813 - cuttingstock.core - INFO - User provided material substitution. | Details: original_specs: {'demand': 1380, 'front': 'KS231', 'middle': 'CM147', 'back': 'KS161', 'c': 'CM147', 'b': 'CM147', 'die_cut': 1, 'c_type': 'C', 'b_type': 'B'}, new_specs: {'demand': 1380, 'front': 'KS231', 'middle': 'CM190', 'back': 'KS161', 'c': 'CM190', 'b': 'CM190', 'die_cut': 1, 'c_type': 'C', 'b_type': 'B'}, changes: {'middle': 'CM190', 'c': 'CM190', 'b': 'CM190'}
2025-08-20 15:27:14,262 - cuttingstock.core - ERROR - Out of stock: Not enough stock length available for material. | Details: width: 85, material: CM190, required_length: 608.4395, material_specs: {'demand': 1380, 'front': 'KS231', 'middle': 'CM190', 'back': 'KS161', 'c': 'CM190', 'b': 'CM190', 'die_cut': 1, 'c_type': 'C', 'b_type': 'B'}, known_out_of_stock: []
2025-08-20 15:27:14,262 - cuttingstock.core - INFO - Out of stock, awaiting user interaction. | Details: width: 85, material: CM190, required_length: 608.4395, material_specs: {'demand': 1380, 'front': 'KS231', 'middle': 'CM190', 'back': 'KS161', 'c': 'CM190', 'b': 'CM190', 'die_cut': 1, 'c_type': 'C', 'b_type': 'B'}
2025-08-20 15:27:16,918 - cuttingstock.core - INFO - User provided material substitution. | Details: original_specs: {'demand': 1380, 'front': 'KS231', 'middle': 'CM190', 'back': 'KS161', 'c': 'CM190', 'b': 'CM190', 'die_cut': 1, 'c_type': 'C', 'b_type': 'B'}, new_specs: {'demand': 1380, 'front': 'KS231', 'middle': 'CM85', 'back': 'KS161', 'c': 'CM85', 'b': 'CM85', 'die_cut': 1, 'c_type': 'C', 'b_type': 'B'}, changes: {'middle': 'CM85', 'c': 'CM85', 'b': 'CM85'}
2025-08-20 15:27:28,865 - cuttingstock.core - ERROR - Out of stock: Not enough stock length available for material. | Details: width: 85, material: CM85, required_length: 540.2089, material_specs: {'demand': 1380, 'front': 'KS231', 'middle': 'CM85', 'back': 'KS161', 'c': 'CM85', 'b': 'CM85', 'die_cut': 1, 'c_type': 'C', 'b_type': 'B'}, known_out_of_stock: []
2025-08-20 15:27:28,866 - cuttingstock.core - INFO - Out of stock, awaiting user interaction. | Details: width: 85, material: CM85, required_length: 540.2089, material_specs: {'demand': 1380, 'front': 'KS231', 'middle': 'CM85', 'back': 'KS161', 'c': 'CM85', 'b': 'CM85', 'die_cut': 1, 'c_type': 'C', 'b_type': 'B'}
2025-08-20 15:27:35,637 - cuttingstock.core - WARNING - User cancelled material substitution. | Details: original_specs: {'demand': 1380, 'front': 'KS231', 'middle': 'CM85', 'back': 'KS161', 'c': 'CM85', 'b': 'CM85', 'die_cut': 1, 'c_type': 'C', 'b_type': 'B'}, out_of_stock_material: CM85
2025-08-20 15:27:36,325 - cuttingstock.core - INFO - Starting calculation process
2025-08-20 15:27:36,342 - cuttingstock.core - INFO - Loaded order data from cache | Details: cache_path: cache\order.db
2025-08-20 15:27:36,359 - cuttingstock.core - INFO - Loaded and sorted data successfully
2025-08-20 15:27:36,363 - cuttingstock.core - INFO - Starting calculation process
2025-08-20 15:27:36,379 - cuttingstock.core - INFO - Loaded order data from cache | Details: cache_path: cache\order.db
2025-08-20 15:27:36,393 - cuttingstock.core - INFO - Loaded and sorted data successfully
2025-08-20 15:27:36,396 - cuttingstock.core - INFO - Starting calculation process
2025-08-20 15:27:36,412 - cuttingstock.core - INFO - Loaded order data from cache | Details: cache_path: cache\order.db
2025-08-20 15:27:36,426 - cuttingstock.core - INFO - Loaded and sorted data successfully
2025-08-20 15:27:36,429 - cuttingstock.core - INFO - Starting calculation process
2025-08-20 15:27:36,448 - cuttingstock.core - INFO - Loaded order data from cache | Details: cache_path: cache\order.db
2025-08-20 15:27:36,470 - cuttingstock.core - INFO - Loaded and sorted data successfully
2025-08-20 15:27:36,474 - cuttingstock.core - INFO - Starting calculation process
2025-08-20 15:27:36,490 - cuttingstock.core - INFO - Loaded order data from cache | Details: cache_path: cache\order.db
2025-08-20 15:27:36,505 - cuttingstock.core - INFO - Loaded and sorted data successfully
2025-08-20 15:27:47,977 - cuttingstock.core - INFO - Starting calculation process
2025-08-20 15:27:47,992 - cuttingstock.core - INFO - Loaded order data from cache | Details: cache_path: cache\order.db
2025-08-20 15:27:48,006 - cuttingstock.core - INFO - Loaded and sorted data successfully
2025-08-20 15:27:48,009 - cuttingstock.core - INFO - Starting calculation process
2025-08-20 15:27:48,024 - cuttingstock.core - INFO - Loaded order data from cache | Details: cache_path: cache\order.db
2025-08-20 15:27:48,037 - cuttingstock.core - INFO - Loaded and sorted data successfully
2025-08-20 15:27:48,040 - cuttingstock.core - INFO - Starting calculation process
2025-08-20 15:27:48,055 - cuttingstock.core - INFO - Loaded order data from cache | Details: cache_path: cache\order.db
2025-08-20 15:27:48,068 - cuttingstock.core - INFO - Loaded and sorted data successfully
2025-08-20 15:27:48,419 - cuttingstock.core - ERROR - Out of stock: Not enough stock length available for material. | Details: width: 85, material: KB160, required_length: 764.846551724138, material_specs: {'demand': 4980, 'front': 'KS231 ', 'back': ' KB160', 'c': 'CM127 ', 'die_cut': 1, 'c_type': 'C', 'b_type': None}, known_out_of_stock: []
2025-08-20 15:27:48,419 - cuttingstock.core - INFO - Out of stock, awaiting user interaction. | Details: width: 85, material: KB160, required_length: 764.846551724138, material_specs: {'demand': 4980, 'front': 'KS231 ', 'back': ' KB160', 'c': 'CM127 ', 'die_cut': 1, 'c_type': 'C', 'b_type': None}
2025-08-20 15:28:07,147 - cuttingstock.core - WARNING - User cancelled material substitution. | Details: original_specs: {'demand': 4980, 'front': 'KS231 ', 'back': ' KB160', 'c': 'CM127 ', 'die_cut': 1, 'c_type': 'C', 'b_type': None}, out_of_stock_material: KB160
2025-08-20 15:28:07,925 - cuttingstock.core - INFO - Starting calculation process
2025-08-20 15:28:07,941 - cuttingstock.core - INFO - Loaded order data from cache | Details: cache_path: cache\order.db
2025-08-20 15:28:07,954 - cuttingstock.core - INFO - Loaded and sorted data successfully
2025-08-20 15:28:07,957 - cuttingstock.core - INFO - Starting calculation process
2025-08-20 15:28:07,972 - cuttingstock.core - INFO - Loaded order data from cache | Details: cache_path: cache\order.db
2025-08-20 15:28:07,985 - cuttingstock.core - INFO - Loaded and sorted data successfully
2025-08-20 15:28:07,988 - cuttingstock.core - INFO - Starting calculation process
2025-08-20 15:28:08,004 - cuttingstock.core - INFO - Loaded order data from cache | Details: cache_path: cache\order.db
2025-08-20 15:28:08,017 - cuttingstock.core - INFO - Loaded and sorted data successfully
2025-08-20 15:28:08,020 - cuttingstock.core - INFO - Starting calculation process
2025-08-20 15:28:08,036 - cuttingstock.core - INFO - Loaded order data from cache | Details: cache_path: cache\order.db
2025-08-20 15:28:08,050 - cuttingstock.core - INFO - Loaded and sorted data successfully
2025-08-20 15:28:08,054 - cuttingstock.core - INFO - Starting calculation process
2025-08-20 15:28:08,072 - cuttingstock.core - INFO - Loaded order data from cache | Details: cache_path: cache\order.db
2025-08-20 15:28:08,088 - cuttingstock.core - INFO - Loaded and sorted data successfully
2025-08-20 15:28:08,345 - cuttingstock.core - ERROR - Out of stock: Not enough stock length available for material. | Details: width: 82, material: KB160, required_length: 600.0749655172414, material_specs: {'demand': 1000, 'front': 'KB160 ', 'middle': 'CM127 ', 'back': ' KB160', 'c': 'CM127 ', 'b': 'CM127 ', 'die_cut': 1, 'c_type': 'C', 'b_type': 'B'}, known_out_of_stock: []
2025-08-20 15:28:08,345 - cuttingstock.core - INFO - Out of stock, awaiting user interaction. | Details: width: 82, material: KB160, required_length: 600.0749655172414, material_specs: {'demand': 1000, 'front': 'KB160 ', 'middle': 'CM127 ', 'back': ' KB160', 'c': 'CM127 ', 'b': 'CM127 ', 'die_cut': 1, 'c_type': 'C', 'b_type': 'B'}
2025-08-20 15:28:08,758 - cuttingstock.core - WARNING - User cancelled material substitution. | Details: original_specs: {'demand': 1000, 'front': 'KB160 ', 'middle': 'CM127 ', 'back': ' KB160', 'c': 'CM127 ', 'b': 'CM127 ', 'die_cut': 1, 'c_type': 'C', 'b_type': 'B'}, out_of_stock_material: KB160
2025-08-20 15:28:09,171 - cuttingstock.core - INFO - Starting calculation process
2025-08-20 15:28:09,187 - cuttingstock.core - INFO - Loaded order data from cache | Details: cache_path: cache\order.db
2025-08-20 15:28:09,202 - cuttingstock.core - INFO - Loaded and sorted data successfully
2025-08-20 15:28:09,206 - cuttingstock.core - INFO - Starting calculation process
2025-08-20 15:28:09,221 - cuttingstock.core - INFO - Loaded order data from cache | Details: cache_path: cache\order.db
2025-08-20 15:28:09,236 - cuttingstock.core - INFO - Loaded and sorted data successfully
2025-08-20 15:28:09,245 - cuttingstock.core - INFO - Starting calculation process
2025-08-20 15:28:09,260 - cuttingstock.core - INFO - Loaded order data from cache | Details: cache_path: cache\order.db
2025-08-20 15:28:09,274 - cuttingstock.core - INFO - Loaded and sorted data successfully
2025-08-20 15:28:09,277 - cuttingstock.core - INFO - Starting calculation process
2025-08-20 15:28:09,291 - cuttingstock.core - INFO - Loaded order data from cache | Details: cache_path: cache\order.db
2025-08-20 15:28:09,305 - cuttingstock.core - INFO - Loaded and sorted data successfully
2025-08-20 15:28:09,308 - cuttingstock.core - INFO - Starting calculation process
2025-08-20 15:28:09,323 - cuttingstock.core - INFO - Loaded order data from cache | Details: cache_path: cache\order.db
2025-08-20 15:28:09,336 - cuttingstock.core - INFO - Loaded and sorted data successfully
2025-08-20 15:28:09,339 - cuttingstock.core - INFO - Starting calculation process
2025-08-20 15:28:09,355 - cuttingstock.core - INFO - Loaded order data from cache | Details: cache_path: cache\order.db
2025-08-20 15:28:09,368 - cuttingstock.core - INFO - Loaded and sorted data successfully
2025-08-20 15:28:09,371 - cuttingstock.core - INFO - Starting calculation process
2025-08-20 15:28:09,386 - cuttingstock.core - INFO - Loaded order data from cache | Details: cache_path: cache\order.db
2025-08-20 15:28:09,399 - cuttingstock.core - INFO - Loaded and sorted data successfully
2025-08-20 15:39:59,115 - cuttingstock.core - INFO - Starting calculation process
2025-08-20 15:39:59,176 - cuttingstock.core - INFO - Loaded order data from cache | Details: cache_path: cache\order.db
2025-08-20 15:39:59,193 - cuttingstock.core - INFO - Loaded and sorted data successfully
2025-08-20 15:40:12,654 - cuttingstock.core - INFO - Starting calculation process
2025-08-20 15:40:12,660 - cuttingstock.core - INFO - Loaded order data from cache | Details: cache_path: cache\order.db
2025-08-20 15:40:12,678 - cuttingstock.core - INFO - Loaded and sorted data successfully
2025-08-20 15:40:12,681 - cuttingstock.core - INFO - Starting calculation process
2025-08-20 15:40:12,687 - cuttingstock.core - INFO - Loaded order data from cache | Details: cache_path: cache\order.db
2025-08-20 15:40:12,701 - cuttingstock.core - INFO - Loaded and sorted data successfully
2025-08-20 15:40:12,704 - cuttingstock.core - INFO - Starting calculation process
2025-08-20 15:40:12,710 - cuttingstock.core - INFO - Loaded order data from cache | Details: cache_path: cache\order.db
2025-08-20 15:40:12,722 - cuttingstock.core - INFO - Loaded and sorted data successfully
2025-08-20 15:40:12,725 - cuttingstock.core - INFO - Starting calculation process
2025-08-20 15:40:12,731 - cuttingstock.core - INFO - Loaded order data from cache | Details: cache_path: cache\order.db
2025-08-20 15:40:12,744 - cuttingstock.core - INFO - Loaded and sorted data successfully
2025-08-20 15:40:29,042 - cuttingstock.core - INFO - Starting calculation process
2025-08-20 15:40:29,049 - cuttingstock.core - INFO - Loaded order data from cache | Details: cache_path: cache\order.db
2025-08-20 15:40:29,062 - cuttingstock.core - INFO - Loaded and sorted data successfully
2025-08-20 15:40:29,065 - cuttingstock.core - INFO - Starting calculation process
2025-08-20 15:40:29,071 - cuttingstock.core - INFO - Loaded order data from cache | Details: cache_path: cache\order.db
2025-08-20 15:40:29,084 - cuttingstock.core - INFO - Loaded and sorted data successfully
2025-08-20 15:40:29,087 - cuttingstock.core - INFO - Starting calculation process
2025-08-20 15:40:29,093 - cuttingstock.core - INFO - Loaded order data from cache | Details: cache_path: cache\order.db
2025-08-20 15:40:29,105 - cuttingstock.core - INFO - Loaded and sorted data successfully
2025-08-20 15:40:32,182 - cuttingstock.core - INFO - Starting calculation process
2025-08-20 15:40:32,188 - cuttingstock.core - INFO - Loaded order data from cache | Details: cache_path: cache\order.db
2025-08-20 15:40:32,202 - cuttingstock.core - INFO - Loaded and sorted data successfully
2025-08-20 15:40:32,205 - cuttingstock.core - INFO - Starting calculation process
2025-08-20 15:40:32,212 - cuttingstock.core - INFO - Loaded order data from cache | Details: cache_path: cache\order.db
2025-08-20 15:40:32,226 - cuttingstock.core - INFO - Loaded and sorted data successfully
2025-08-20 15:40:32,229 - cuttingstock.core - INFO - Starting calculation process
2025-08-20 15:40:32,236 - cuttingstock.core - INFO - Loaded order data from cache | Details: cache_path: cache\order.db
2025-08-20 15:40:32,248 - cuttingstock.core - INFO - Loaded and sorted data successfully
2025-08-20 15:40:32,252 - cuttingstock.core - INFO - Starting calculation process
2025-08-20 15:40:32,258 - cuttingstock.core - INFO - Loaded order data from cache | Details: cache_path: cache\order.db
2025-08-20 15:40:32,271 - cuttingstock.core - INFO - Loaded and sorted data successfully
2025-08-20 15:40:35,179 - cuttingstock.core - INFO - Starting calculation process
2025-08-20 15:40:35,186 - cuttingstock.core - INFO - Loaded order data from cache | Details: cache_path: cache\order.db
2025-08-20 15:40:35,199 - cuttingstock.core - INFO - Loaded and sorted data successfully
2025-08-20 15:40:35,202 - cuttingstock.core - INFO - Starting calculation process
2025-08-20 15:40:35,208 - cuttingstock.core - INFO - Loaded order data from cache | Details: cache_path: cache\order.db
2025-08-20 15:40:35,220 - cuttingstock.core - INFO - Loaded and sorted data successfully
2025-08-20 15:40:35,223 - cuttingstock.core - INFO - Starting calculation process
2025-08-20 15:40:35,229 - cuttingstock.core - INFO - Loaded order data from cache | Details: cache_path: cache\order.db
2025-08-20 15:40:35,241 - cuttingstock.core - INFO - Loaded and sorted data successfully
2025-08-20 15:40:36,281 - cuttingstock.core - INFO - Starting calculation process
2025-08-20 15:40:36,287 - cuttingstock.core - INFO - Loaded order data from cache | Details: cache_path: cache\order.db
2025-08-20 15:40:36,300 - cuttingstock.core - INFO - Loaded and sorted data successfully
2025-08-20 15:40:36,303 - cuttingstock.core - INFO - Starting calculation process
2025-08-20 15:40:36,309 - cuttingstock.core - INFO - Loaded order data from cache | Details: cache_path: cache\order.db
2025-08-20 15:40:36,322 - cuttingstock.core - INFO - Loaded and sorted data successfully
2025-08-20 15:40:36,325 - cuttingstock.core - INFO - Starting calculation process
2025-08-20 15:40:36,331 - cuttingstock.core - INFO - Loaded order data from cache | Details: cache_path: cache\order.db
2025-08-20 15:40:36,343 - cuttingstock.core - INFO - Loaded and sorted data successfully
2025-08-20 15:40:36,346 - cuttingstock.core - INFO - Starting calculation process
2025-08-20 15:40:36,352 - cuttingstock.core - INFO - Loaded order data from cache | Details: cache_path: cache\order.db
2025-08-20 15:40:36,364 - cuttingstock.core - INFO - Loaded and sorted data successfully
2025-08-20 15:40:36,507 - cuttingstock.core - INFO - Starting calculation process
2025-08-20 15:40:36,513 - cuttingstock.core - INFO - Loaded order data from cache | Details: cache_path: cache\order.db
2025-08-20 15:40:36,526 - cuttingstock.core - INFO - Loaded and sorted data successfully
2025-08-20 15:40:36,529 - cuttingstock.core - INFO - Starting calculation process
2025-08-20 15:40:36,536 - cuttingstock.core - INFO - Loaded order data from cache | Details: cache_path: cache\order.db
2025-08-20 15:40:36,549 - cuttingstock.core - INFO - Loaded and sorted data successfully
2025-08-20 15:40:36,552 - cuttingstock.core - INFO - Starting calculation process
2025-08-20 15:40:36,558 - cuttingstock.core - INFO - Loaded order data from cache | Details: cache_path: cache\order.db
2025-08-20 15:40:36,572 - cuttingstock.core - INFO - Loaded and sorted data successfully
2025-08-20 15:40:36,575 - cuttingstock.core - INFO - Starting calculation process
2025-08-20 15:40:36,581 - cuttingstock.core - INFO - Loaded order data from cache | Details: cache_path: cache\order.db
2025-08-20 15:40:36,594 - cuttingstock.core - INFO - Loaded and sorted data successfully
2025-08-20 15:40:36,597 - cuttingstock.core - INFO - Starting calculation process
2025-08-20 15:40:36,603 - cuttingstock.core - INFO - Loaded order data from cache | Details: cache_path: cache\order.db
2025-08-20 15:40:36,616 - cuttingstock.core - INFO - Loaded and sorted data successfully
2025-08-20 15:40:36,620 - cuttingstock.core - INFO - Starting calculation process
2025-08-20 15:40:36,625 - cuttingstock.core - INFO - Loaded order data from cache | Details: cache_path: cache\order.db
2025-08-20 15:40:36,638 - cuttingstock.core - INFO - Loaded and sorted data successfully
2025-08-20 15:40:36,641 - cuttingstock.core - INFO - Starting calculation process
2025-08-20 15:40:36,648 - cuttingstock.core - INFO - Loaded order data from cache | Details: cache_path: cache\order.db
2025-08-20 15:40:36,661 - cuttingstock.core - INFO - Loaded and sorted data successfully
2025-08-20 15:40:36,664 - cuttingstock.core - INFO - Starting calculation process
2025-08-20 15:40:36,670 - cuttingstock.core - INFO - Loaded order data from cache | Details: cache_path: cache\order.db
2025-08-20 15:40:36,683 - cuttingstock.core - INFO - Loaded and sorted data successfully
2025-08-20 15:40:36,686 - cuttingstock.core - INFO - Starting calculation process
2025-08-20 15:40:36,692 - cuttingstock.core - INFO - Loaded order data from cache | Details: cache_path: cache\order.db
2025-08-20 15:40:36,704 - cuttingstock.core - INFO - Loaded and sorted data successfully
2025-08-20 15:40:36,836 - cuttingstock.core - INFO - Starting calculation process
2025-08-20 15:40:36,843 - cuttingstock.core - INFO - Loaded order data from cache | Details: cache_path: cache\order.db
2025-08-20 15:40:36,855 - cuttingstock.core - INFO - Loaded and sorted data successfully
2025-08-20 15:40:36,859 - cuttingstock.core - INFO - Starting calculation process
2025-08-20 15:40:36,866 - cuttingstock.core - INFO - Loaded order data from cache | Details: cache_path: cache\order.db
2025-08-20 15:40:36,878 - cuttingstock.core - INFO - Loaded and sorted data successfully
2025-08-20 15:40:36,881 - cuttingstock.core - INFO - Starting calculation process
2025-08-20 15:40:36,887 - cuttingstock.core - INFO - Loaded order data from cache | Details: cache_path: cache\order.db
2025-08-20 15:40:36,900 - cuttingstock.core - INFO - Loaded and sorted data successfully
2025-08-20 15:40:36,903 - cuttingstock.core - INFO - Starting calculation process
2025-08-20 15:40:36,909 - cuttingstock.core - INFO - Loaded order data from cache | Details: cache_path: cache\order.db
2025-08-20 15:40:36,923 - cuttingstock.core - INFO - Loaded and sorted data successfully
2025-08-20 15:40:36,926 - cuttingstock.core - INFO - Starting calculation process
2025-08-20 15:40:36,934 - cuttingstock.core - INFO - Loaded order data from cache | Details: cache_path: cache\order.db
2025-08-20 15:40:36,946 - cuttingstock.core - INFO - Loaded and sorted data successfully
2025-08-20 15:40:37,121 - cuttingstock.core - INFO - Starting calculation process
2025-08-20 15:40:37,127 - cuttingstock.core - INFO - Loaded order data from cache | Details: cache_path: cache\order.db
2025-08-20 15:40:37,140 - cuttingstock.core - INFO - Loaded and sorted data successfully
2025-08-20 15:40:37,143 - cuttingstock.core - INFO - Starting calculation process
2025-08-20 15:40:37,149 - cuttingstock.core - INFO - Loaded order data from cache | Details: cache_path: cache\order.db
2025-08-20 15:40:37,161 - cuttingstock.core - INFO - Loaded and sorted data successfully
2025-08-20 15:40:37,164 - cuttingstock.core - INFO - Starting calculation process
2025-08-20 15:40:37,170 - cuttingstock.core - INFO - Loaded order data from cache | Details: cache_path: cache\order.db
2025-08-20 15:40:37,181 - cuttingstock.core - INFO - Loaded and sorted data successfully
2025-08-20 15:40:37,185 - cuttingstock.core - INFO - Starting calculation process
2025-08-20 15:40:37,191 - cuttingstock.core - INFO - Loaded order data from cache | Details: cache_path: cache\order.db
2025-08-20 15:40:37,204 - cuttingstock.core - INFO - Loaded and sorted data successfully
2025-08-20 15:40:37,406 - cuttingstock.core - INFO - Starting calculation process
2025-08-20 15:40:37,412 - cuttingstock.core - INFO - Loaded order data from cache | Details: cache_path: cache\order.db
2025-08-20 15:40:37,425 - cuttingstock.core - INFO - Loaded and sorted data successfully
2025-08-20 15:40:37,428 - cuttingstock.core - INFO - Starting calculation process
2025-08-20 15:40:37,434 - cuttingstock.core - INFO - Loaded order data from cache | Details: cache_path: cache\order.db
2025-08-20 15:40:37,447 - cuttingstock.core - INFO - Loaded and sorted data successfully
2025-08-20 15:40:37,450 - cuttingstock.core - INFO - Starting calculation process
2025-08-20 15:40:37,456 - cuttingstock.core - INFO - Loaded order data from cache | Details: cache_path: cache\order.db
2025-08-20 15:40:37,468 - cuttingstock.core - INFO - Loaded and sorted data successfully
2025-08-20 15:40:37,606 - cuttingstock.core - INFO - Starting calculation process
2025-08-20 15:40:37,612 - cuttingstock.core - INFO - Loaded order data from cache | Details: cache_path: cache\order.db
2025-08-20 15:40:37,624 - cuttingstock.core - INFO - Loaded and sorted data successfully
2025-08-20 15:40:37,627 - cuttingstock.core - INFO - Starting calculation process
2025-08-20 15:40:37,633 - cuttingstock.core - INFO - Loaded order data from cache | Details: cache_path: cache\order.db
2025-08-20 15:40:37,645 - cuttingstock.core - INFO - Loaded and sorted data successfully
2025-08-20 15:40:37,648 - cuttingstock.core - INFO - Starting calculation process
2025-08-20 15:40:37,654 - cuttingstock.core - INFO - Loaded order data from cache | Details: cache_path: cache\order.db
2025-08-20 15:40:37,670 - cuttingstock.core - INFO - Loaded and sorted data successfully
2025-08-20 15:40:37,810 - cuttingstock.core - INFO - Starting calculation process
2025-08-20 15:40:37,817 - cuttingstock.core - INFO - Loaded order data from cache | Details: cache_path: cache\order.db
2025-08-20 15:40:37,829 - cuttingstock.core - INFO - Loaded and sorted data successfully
2025-08-20 15:40:37,833 - cuttingstock.core - INFO - Starting calculation process
2025-08-20 15:40:37,840 - cuttingstock.core - INFO - Loaded order data from cache | Details: cache_path: cache\order.db
2025-08-20 15:40:37,853 - cuttingstock.core - INFO - Loaded and sorted data successfully
2025-08-20 15:40:37,856 - cuttingstock.core - INFO - Starting calculation process
2025-08-20 15:40:37,862 - cuttingstock.core - INFO - Loaded order data from cache | Details: cache_path: cache\order.db
2025-08-20 15:40:37,876 - cuttingstock.core - INFO - Loaded and sorted data successfully
2025-08-20 15:40:37,885 - cuttingstock.core - INFO - Starting calculation process
2025-08-20 15:40:37,893 - cuttingstock.core - INFO - Loaded order data from cache | Details: cache_path: cache\order.db
2025-08-20 15:40:37,905 - cuttingstock.core - INFO - Loaded and sorted data successfully
2025-08-20 15:40:37,908 - cuttingstock.core - INFO - Starting calculation process
2025-08-20 15:40:37,914 - cuttingstock.core - INFO - Loaded order data from cache | Details: cache_path: cache\order.db
2025-08-20 15:40:37,926 - cuttingstock.core - INFO - Loaded and sorted data successfully
2025-08-20 15:40:37,929 - cuttingstock.core - INFO - Starting calculation process
2025-08-20 15:40:37,935 - cuttingstock.core - INFO - Loaded order data from cache | Details: cache_path: cache\order.db
2025-08-20 15:40:37,945 - cuttingstock.core - INFO - Loaded and sorted data successfully
2025-08-20 15:40:37,950 - cuttingstock.core - INFO - Starting calculation process
2025-08-20 15:40:37,956 - cuttingstock.core - INFO - Loaded order data from cache | Details: cache_path: cache\order.db
2025-08-20 15:40:37,970 - cuttingstock.core - INFO - Loaded and sorted data successfully
2025-08-20 15:40:37,973 - cuttingstock.core - INFO - Starting calculation process
2025-08-20 15:40:37,979 - cuttingstock.core - INFO - Loaded order data from cache | Details: cache_path: cache\order.db
2025-08-20 15:40:37,991 - cuttingstock.core - INFO - Loaded and sorted data successfully
2025-08-20 15:40:37,994 - cuttingstock.core - INFO - Starting calculation process
2025-08-20 15:40:38,000 - cuttingstock.core - INFO - Loaded order data from cache | Details: cache_path: cache\order.db
2025-08-20 15:40:38,011 - cuttingstock.core - INFO - Loaded and sorted data successfully
2025-08-20 15:40:38,166 - cuttingstock.core - INFO - Starting calculation process
2025-08-20 15:40:38,173 - cuttingstock.core - INFO - Loaded order data from cache | Details: cache_path: cache\order.db
2025-08-20 15:40:38,185 - cuttingstock.core - INFO - Loaded and sorted data successfully
2025-08-20 15:40:38,331 - cuttingstock.core - INFO - Starting calculation process
2025-08-20 15:40:38,337 - cuttingstock.core - INFO - Loaded order data from cache | Details: cache_path: cache\order.db
2025-08-20 15:40:38,347 - cuttingstock.core - INFO - Loaded and sorted data successfully
2025-08-20 15:40:38,351 - cuttingstock.core - INFO - Starting calculation process
2025-08-20 15:40:38,357 - cuttingstock.core - INFO - Loaded order data from cache | Details: cache_path: cache\order.db
2025-08-20 15:40:38,369 - cuttingstock.core - INFO - Loaded and sorted data successfully
2025-08-20 15:40:38,372 - cuttingstock.core - INFO - Starting calculation process
2025-08-20 15:40:38,378 - cuttingstock.core - INFO - Loaded order data from cache | Details: cache_path: cache\order.db
2025-08-20 15:40:38,391 - cuttingstock.core - INFO - Loaded and sorted data successfully
2025-08-20 15:40:38,537 - cuttingstock.core - INFO - Starting calculation process
2025-08-20 15:40:38,543 - cuttingstock.core - INFO - Loaded order data from cache | Details: cache_path: cache\order.db
2025-08-20 15:40:38,558 - cuttingstock.core - INFO - Loaded and sorted data successfully
2025-08-20 15:40:38,563 - cuttingstock.core - INFO - Starting calculation process
2025-08-20 15:40:38,570 - cuttingstock.core - INFO - Loaded order data from cache | Details: cache_path: cache\order.db
2025-08-20 15:40:38,584 - cuttingstock.core - INFO - Loaded and sorted data successfully
2025-08-20 15:40:38,588 - cuttingstock.core - INFO - Starting calculation process
2025-08-20 15:40:38,593 - cuttingstock.core - INFO - Loaded order data from cache | Details: cache_path: cache\order.db
2025-08-20 15:40:38,606 - cuttingstock.core - INFO - Loaded and sorted data successfully
2025-08-20 15:40:38,609 - cuttingstock.core - INFO - Starting calculation process
2025-08-20 15:40:38,615 - cuttingstock.core - INFO - Loaded order data from cache | Details: cache_path: cache\order.db
2025-08-20 15:40:38,628 - cuttingstock.core - INFO - Loaded and sorted data successfully
2025-08-20 15:40:38,633 - cuttingstock.core - INFO - Starting calculation process
2025-08-20 15:40:38,639 - cuttingstock.core - INFO - Loaded order data from cache | Details: cache_path: cache\order.db
2025-08-20 15:40:38,652 - cuttingstock.core - INFO - Loaded and sorted data successfully
2025-08-20 15:40:38,655 - cuttingstock.core - INFO - Starting calculation process
2025-08-20 15:40:38,661 - cuttingstock.core - INFO - Loaded order data from cache | Details: cache_path: cache\order.db
2025-08-20 15:40:38,671 - cuttingstock.core - INFO - Loaded and sorted data successfully
2025-08-20 15:40:38,806 - cuttingstock.core - INFO - Starting calculation process
2025-08-20 15:40:38,813 - cuttingstock.core - INFO - Loaded order data from cache | Details: cache_path: cache\order.db
2025-08-20 15:40:38,826 - cuttingstock.core - INFO - Loaded and sorted data successfully
2025-08-20 15:40:38,829 - cuttingstock.core - INFO - Starting calculation process
2025-08-20 15:40:38,835 - cuttingstock.core - INFO - Loaded order data from cache | Details: cache_path: cache\order.db
2025-08-20 15:40:38,845 - cuttingstock.core - INFO - Loaded and sorted data successfully
2025-08-20 15:40:38,981 - cuttingstock.core - INFO - Starting calculation process
2025-08-20 15:40:38,988 - cuttingstock.core - INFO - Loaded order data from cache | Details: cache_path: cache\order.db
2025-08-20 15:40:39,001 - cuttingstock.core - INFO - Loaded and sorted data successfully
2025-08-20 15:40:39,004 - cuttingstock.core - INFO - Starting calculation process
2025-08-20 15:40:39,009 - cuttingstock.core - INFO - Loaded order data from cache | Details: cache_path: cache\order.db
2025-08-20 15:40:39,021 - cuttingstock.core - INFO - Loaded and sorted data successfully
2025-08-20 15:40:39,024 - cuttingstock.core - INFO - Starting calculation process
2025-08-20 15:40:39,030 - cuttingstock.core - INFO - Loaded order data from cache | Details: cache_path: cache\order.db
2025-08-20 15:40:39,043 - cuttingstock.core - INFO - Loaded and sorted data successfully
2025-08-20 15:40:39,046 - cuttingstock.core - INFO - Starting calculation process
2025-08-20 15:40:39,052 - cuttingstock.core - INFO - Loaded order data from cache | Details: cache_path: cache\order.db
2025-08-20 15:40:39,065 - cuttingstock.core - INFO - Loaded and sorted data successfully
2025-08-20 15:40:39,201 - cuttingstock.core - INFO - Starting calculation process
2025-08-20 15:40:39,208 - cuttingstock.core - INFO - Loaded order data from cache | Details: cache_path: cache\order.db
2025-08-20 15:40:39,220 - cuttingstock.core - INFO - Loaded and sorted data successfully
2025-08-20 15:40:39,477 - cuttingstock.core - INFO - Starting calculation process
2025-08-20 15:40:39,484 - cuttingstock.core - INFO - Loaded order data from cache | Details: cache_path: cache\order.db
2025-08-20 15:40:39,497 - cuttingstock.core - INFO - Loaded and sorted data successfully
2025-08-20 15:40:39,639 - cuttingstock.core - INFO - Starting calculation process
2025-08-20 15:40:39,646 - cuttingstock.core - INFO - Loaded order data from cache | Details: cache_path: cache\order.db
2025-08-20 15:40:39,658 - cuttingstock.core - INFO - Loaded and sorted data successfully
2025-08-20 15:40:39,800 - cuttingstock.core - INFO - Starting calculation process
2025-08-20 15:40:39,806 - cuttingstock.core - INFO - Loaded order data from cache | Details: cache_path: cache\order.db
2025-08-20 15:40:39,818 - cuttingstock.core - INFO - Loaded and sorted data successfully
2025-08-20 15:40:39,822 - cuttingstock.core - INFO - Starting calculation process
2025-08-20 15:40:39,828 - cuttingstock.core - INFO - Loaded order data from cache | Details: cache_path: cache\order.db
2025-08-20 15:40:39,839 - cuttingstock.core - INFO - Loaded and sorted data successfully
2025-08-20 15:52:24,805 - cuttingstock.core - INFO - Starting calculation process
2025-08-20 15:52:24,898 - cuttingstock.core - INFO - Loaded order data from cache | Details: cache_path: cache\order.db
2025-08-20 15:52:24,916 - cuttingstock.core - INFO - Loaded and sorted data successfully
2025-08-20 15:52:38,216 - cuttingstock.core - INFO - Starting calculation process
2025-08-20 15:52:38,223 - cuttingstock.core - INFO - Loaded order data from cache | Details: cache_path: cache\order.db
2025-08-20 15:52:38,241 - cuttingstock.core - INFO - Loaded and sorted data successfully
2025-08-20 15:52:38,244 - cuttingstock.core - INFO - Starting calculation process
2025-08-20 15:52:38,250 - cuttingstock.core - INFO - Loaded order data from cache | Details: cache_path: cache\order.db
2025-08-20 15:52:38,262 - cuttingstock.core - INFO - Loaded and sorted data successfully
2025-08-20 15:52:38,266 - cuttingstock.core - INFO - Starting calculation process
2025-08-20 15:52:38,272 - cuttingstock.core - INFO - Loaded order data from cache | Details: cache_path: cache\order.db
2025-08-20 15:52:38,284 - cuttingstock.core - INFO - Loaded and sorted data successfully
2025-08-20 15:52:38,287 - cuttingstock.core - INFO - Starting calculation process
2025-08-20 15:52:38,293 - cuttingstock.core - INFO - Loaded order data from cache | Details: cache_path: cache\order.db
2025-08-20 15:52:38,306 - cuttingstock.core - INFO - Loaded and sorted data successfully
2025-08-20 15:52:54,547 - cuttingstock.core - INFO - Starting calculation process
2025-08-20 15:52:54,554 - cuttingstock.core - INFO - Loaded order data from cache | Details: cache_path: cache\order.db
2025-08-20 15:52:54,567 - cuttingstock.core - INFO - Loaded and sorted data successfully
2025-08-20 15:52:54,570 - cuttingstock.core - INFO - Starting calculation process
2025-08-20 15:52:54,576 - cuttingstock.core - INFO - Loaded order data from cache | Details: cache_path: cache\order.db
2025-08-20 15:52:54,588 - cuttingstock.core - INFO - Loaded and sorted data successfully
2025-08-20 15:52:54,591 - cuttingstock.core - INFO - Starting calculation process
2025-08-20 15:52:54,597 - cuttingstock.core - INFO - Loaded order data from cache | Details: cache_path: cache\order.db
2025-08-20 15:52:54,610 - cuttingstock.core - INFO - Loaded and sorted data successfully
2025-08-20 15:52:57,665 - cuttingstock.core - INFO - Starting calculation process
2025-08-20 15:52:57,672 - cuttingstock.core - INFO - Loaded order data from cache | Details: cache_path: cache\order.db
2025-08-20 15:52:57,685 - cuttingstock.core - INFO - Loaded and sorted data successfully
2025-08-20 15:52:57,689 - cuttingstock.core - INFO - Starting calculation process
2025-08-20 15:52:57,694 - cuttingstock.core - INFO - Loaded order data from cache | Details: cache_path: cache\order.db
2025-08-20 15:52:57,708 - cuttingstock.core - INFO - Loaded and sorted data successfully
2025-08-20 15:52:57,711 - cuttingstock.core - INFO - Starting calculation process
2025-08-20 15:52:57,718 - cuttingstock.core - INFO - Loaded order data from cache | Details: cache_path: cache\order.db
2025-08-20 15:52:57,731 - cuttingstock.core - INFO - Loaded and sorted data successfully
2025-08-20 15:52:57,735 - cuttingstock.core - INFO - Starting calculation process
2025-08-20 15:52:57,740 - cuttingstock.core - INFO - Loaded order data from cache | Details: cache_path: cache\order.db
2025-08-20 15:52:57,753 - cuttingstock.core - INFO - Loaded and sorted data successfully
2025-08-20 15:53:00,624 - cuttingstock.core - INFO - Starting calculation process
2025-08-20 15:53:00,630 - cuttingstock.core - INFO - Loaded order data from cache | Details: cache_path: cache\order.db
2025-08-20 15:53:00,643 - cuttingstock.core - INFO - Loaded and sorted data successfully
2025-08-20 15:53:00,646 - cuttingstock.core - INFO - Starting calculation process
2025-08-20 15:53:00,653 - cuttingstock.core - INFO - Loaded order data from cache | Details: cache_path: cache\order.db
2025-08-20 15:53:00,666 - cuttingstock.core - INFO - Loaded and sorted data successfully
2025-08-20 15:53:00,669 - cuttingstock.core - INFO - Starting calculation process
2025-08-20 15:53:00,675 - cuttingstock.core - INFO - Loaded order data from cache | Details: cache_path: cache\order.db
2025-08-20 15:53:00,689 - cuttingstock.core - INFO - Loaded and sorted data successfully
2025-08-20 15:53:01,637 - cuttingstock.core - INFO - Starting calculation process
2025-08-20 15:53:01,643 - cuttingstock.core - INFO - Loaded order data from cache | Details: cache_path: cache\order.db
2025-08-20 15:53:01,656 - cuttingstock.core - INFO - Loaded and sorted data successfully
2025-08-20 15:53:01,659 - cuttingstock.core - INFO - Starting calculation process
2025-08-20 15:53:01,666 - cuttingstock.core - INFO - Loaded order data from cache | Details: cache_path: cache\order.db
2025-08-20 15:53:01,679 - cuttingstock.core - INFO - Loaded and sorted data successfully
2025-08-20 15:53:01,683 - cuttingstock.core - INFO - Starting calculation process
2025-08-20 15:53:01,689 - cuttingstock.core - INFO - Loaded order data from cache | Details: cache_path: cache\order.db
2025-08-20 15:53:01,702 - cuttingstock.core - INFO - Loaded and sorted data successfully
2025-08-20 15:53:01,705 - cuttingstock.core - INFO - Starting calculation process
2025-08-20 15:53:01,710 - cuttingstock.core - INFO - Loaded order data from cache | Details: cache_path: cache\order.db
2025-08-20 15:53:01,723 - cuttingstock.core - INFO - Loaded and sorted data successfully
2025-08-20 15:53:01,858 - cuttingstock.core - INFO - Starting calculation process
2025-08-20 15:53:01,864 - cuttingstock.core - INFO - Loaded order data from cache | Details: cache_path: cache\order.db
2025-08-20 15:53:01,877 - cuttingstock.core - INFO - Loaded and sorted data successfully
2025-08-20 15:53:01,880 - cuttingstock.core - INFO - Starting calculation process
2025-08-20 15:53:01,887 - cuttingstock.core - INFO - Loaded order data from cache | Details: cache_path: cache\order.db
2025-08-20 15:53:01,900 - cuttingstock.core - INFO - Loaded and sorted data successfully
2025-08-20 15:53:01,903 - cuttingstock.core - INFO - Starting calculation process
2025-08-20 15:53:01,910 - cuttingstock.core - INFO - Loaded order data from cache | Details: cache_path: cache\order.db
2025-08-20 15:53:01,923 - cuttingstock.core - INFO - Loaded and sorted data successfully
2025-08-20 15:53:01,926 - cuttingstock.core - INFO - Starting calculation process
2025-08-20 15:53:01,932 - cuttingstock.core - INFO - Loaded order data from cache | Details: cache_path: cache\order.db
2025-08-20 15:53:01,945 - cuttingstock.core - INFO - Loaded and sorted data successfully
2025-08-20 15:53:01,949 - cuttingstock.core - INFO - Starting calculation process
2025-08-20 15:53:01,955 - cuttingstock.core - INFO - Loaded order data from cache | Details: cache_path: cache\order.db
2025-08-20 15:53:01,967 - cuttingstock.core - INFO - Loaded and sorted data successfully
2025-08-20 15:53:01,970 - cuttingstock.core - INFO - Starting calculation process
2025-08-20 15:53:01,976 - cuttingstock.core - INFO - Loaded order data from cache | Details: cache_path: cache\order.db
2025-08-20 15:53:01,988 - cuttingstock.core - INFO - Loaded and sorted data successfully
2025-08-20 15:53:01,991 - cuttingstock.core - INFO - Starting calculation process
2025-08-20 15:53:01,997 - cuttingstock.core - INFO - Loaded order data from cache | Details: cache_path: cache\order.db
2025-08-20 15:53:02,010 - cuttingstock.core - INFO - Loaded and sorted data successfully
2025-08-20 15:53:02,014 - cuttingstock.core - INFO - Starting calculation process
2025-08-20 15:53:02,020 - cuttingstock.core - INFO - Loaded order data from cache | Details: cache_path: cache\order.db
2025-08-20 15:53:02,033 - cuttingstock.core - INFO - Loaded and sorted data successfully
2025-08-20 15:53:02,036 - cuttingstock.core - INFO - Starting calculation process
2025-08-20 15:53:02,042 - cuttingstock.core - INFO - Loaded order data from cache | Details: cache_path: cache\order.db
2025-08-20 15:53:02,054 - cuttingstock.core - INFO - Loaded and sorted data successfully
2025-08-20 15:53:02,057 - cuttingstock.core - INFO - Starting calculation process
2025-08-20 15:53:02,063 - cuttingstock.core - INFO - Loaded order data from cache | Details: cache_path: cache\order.db
2025-08-20 15:53:02,075 - cuttingstock.core - INFO - Loaded and sorted data successfully
2025-08-20 15:53:02,209 - cuttingstock.core - INFO - Starting calculation process
2025-08-20 15:53:02,216 - cuttingstock.core - INFO - Loaded order data from cache | Details: cache_path: cache\order.db
2025-08-20 15:53:02,229 - cuttingstock.core - INFO - Loaded and sorted data successfully
2025-08-20 15:53:02,233 - cuttingstock.core - INFO - Starting calculation process
2025-08-20 15:53:02,241 - cuttingstock.core - INFO - Loaded order data from cache | Details: cache_path: cache\order.db
2025-08-20 15:53:02,254 - cuttingstock.core - INFO - Loaded and sorted data successfully
2025-08-20 15:53:02,257 - cuttingstock.core - INFO - Starting calculation process
2025-08-20 15:53:02,272 - cuttingstock.core - INFO - Loaded order data from cache | Details: cache_path: cache\order.db
2025-08-20 15:53:02,284 - cuttingstock.core - INFO - Loaded and sorted data successfully
2025-08-20 15:53:02,287 - cuttingstock.core - INFO - Starting calculation process
2025-08-20 15:53:02,293 - cuttingstock.core - INFO - Loaded order data from cache | Details: cache_path: cache\order.db
2025-08-20 15:53:02,307 - cuttingstock.core - INFO - Loaded and sorted data successfully
2025-08-20 15:53:02,442 - cuttingstock.core - INFO - Starting calculation process
2025-08-20 15:53:02,448 - cuttingstock.core - INFO - Loaded order data from cache | Details: cache_path: cache\order.db
2025-08-20 15:53:02,461 - cuttingstock.core - INFO - Loaded and sorted data successfully
2025-08-20 15:53:02,464 - cuttingstock.core - INFO - Starting calculation process
2025-08-20 15:53:02,471 - cuttingstock.core - INFO - Loaded order data from cache | Details: cache_path: cache\order.db
2025-08-20 15:53:02,485 - cuttingstock.core - INFO - Loaded and sorted data successfully
2025-08-20 15:53:02,488 - cuttingstock.core - INFO - Starting calculation process
2025-08-20 15:53:02,494 - cuttingstock.core - INFO - Loaded order data from cache | Details: cache_path: cache\order.db
2025-08-20 15:53:02,508 - cuttingstock.core - INFO - Loaded and sorted data successfully
2025-08-20 15:53:02,510 - cuttingstock.core - INFO - Starting calculation process
2025-08-20 15:53:02,517 - cuttingstock.core - INFO - Loaded order data from cache | Details: cache_path: cache\order.db
2025-08-20 15:53:02,530 - cuttingstock.core - INFO - Loaded and sorted data successfully
2025-08-20 15:53:02,761 - cuttingstock.core - INFO - Starting calculation process
2025-08-20 15:53:02,768 - cuttingstock.core - INFO - Loaded order data from cache | Details: cache_path: cache\order.db
2025-08-20 15:53:02,781 - cuttingstock.core - INFO - Loaded and sorted data successfully
2025-08-20 15:53:02,784 - cuttingstock.core - INFO - Starting calculation process
2025-08-20 15:53:02,790 - cuttingstock.core - INFO - Loaded order data from cache | Details: cache_path: cache\order.db
2025-08-20 15:53:02,802 - cuttingstock.core - INFO - Loaded and sorted data successfully
2025-08-20 15:53:02,805 - cuttingstock.core - INFO - Starting calculation process
2025-08-20 15:53:02,811 - cuttingstock.core - INFO - Loaded order data from cache | Details: cache_path: cache\order.db
2025-08-20 15:53:02,824 - cuttingstock.core - INFO - Loaded and sorted data successfully
2025-08-20 15:53:02,953 - cuttingstock.core - INFO - Starting calculation process
2025-08-20 15:53:02,959 - cuttingstock.core - INFO - Loaded order data from cache | Details: cache_path: cache\order.db
2025-08-20 15:53:02,972 - cuttingstock.core - INFO - Loaded and sorted data successfully
2025-08-20 15:53:02,974 - cuttingstock.core - INFO - Starting calculation process
2025-08-20 15:53:02,981 - cuttingstock.core - INFO - Loaded order data from cache | Details: cache_path: cache\order.db
2025-08-20 15:53:02,995 - cuttingstock.core - INFO - Loaded and sorted data successfully
2025-08-20 15:53:02,999 - cuttingstock.core - INFO - Starting calculation process
2025-08-20 15:53:03,006 - cuttingstock.core - INFO - Loaded order data from cache | Details: cache_path: cache\order.db
2025-08-20 15:53:03,020 - cuttingstock.core - INFO - Loaded and sorted data successfully
2025-08-20 15:53:03,023 - cuttingstock.core - INFO - Starting calculation process
2025-08-20 15:53:03,029 - cuttingstock.core - INFO - Loaded order data from cache | Details: cache_path: cache\order.db
2025-08-20 15:53:03,042 - cuttingstock.core - INFO - Loaded and sorted data successfully
2025-08-20 15:53:03,045 - cuttingstock.core - INFO - Starting calculation process
2025-08-20 15:53:03,052 - cuttingstock.core - INFO - Loaded order data from cache | Details: cache_path: cache\order.db
2025-08-20 15:53:03,064 - cuttingstock.core - INFO - Loaded and sorted data successfully
2025-08-20 15:53:03,067 - cuttingstock.core - INFO - Starting calculation process
2025-08-20 15:53:03,073 - cuttingstock.core - INFO - Loaded order data from cache | Details: cache_path: cache\order.db
2025-08-20 15:53:03,086 - cuttingstock.core - INFO - Loaded and sorted data successfully
2025-08-20 15:53:03,088 - cuttingstock.core - INFO - Starting calculation process
2025-08-20 15:53:03,094 - cuttingstock.core - INFO - Loaded order data from cache | Details: cache_path: cache\order.db
2025-08-20 15:53:03,107 - cuttingstock.core - INFO - Loaded and sorted data successfully
2025-08-20 15:53:03,110 - cuttingstock.core - INFO - Starting calculation process
2025-08-20 15:53:03,116 - cuttingstock.core - INFO - Loaded order data from cache | Details: cache_path: cache\order.db
2025-08-20 15:53:03,128 - cuttingstock.core - INFO - Loaded and sorted data successfully
2025-08-20 15:53:03,132 - cuttingstock.core - INFO - Starting calculation process
2025-08-20 15:53:03,138 - cuttingstock.core - INFO - Loaded order data from cache | Details: cache_path: cache\order.db
2025-08-20 15:53:03,150 - cuttingstock.core - INFO - Loaded and sorted data successfully
2025-08-20 15:53:03,279 - cuttingstock.core - INFO - Starting calculation process
2025-08-20 15:53:03,285 - cuttingstock.core - INFO - Loaded order data from cache | Details: cache_path: cache\order.db
2025-08-20 15:53:03,299 - cuttingstock.core - INFO - Loaded and sorted data successfully
2025-08-20 15:53:03,303 - cuttingstock.core - INFO - Starting calculation process
2025-08-20 15:53:03,310 - cuttingstock.core - INFO - Loaded order data from cache | Details: cache_path: cache\order.db
2025-08-20 15:53:03,324 - cuttingstock.core - INFO - Loaded and sorted data successfully
2025-08-20 15:53:03,327 - cuttingstock.core - INFO - Starting calculation process
2025-08-20 15:53:03,333 - cuttingstock.core - INFO - Loaded order data from cache | Details: cache_path: cache\order.db
2025-08-20 15:53:03,345 - cuttingstock.core - INFO - Loaded and sorted data successfully
2025-08-20 15:53:03,480 - cuttingstock.core - INFO - Starting calculation process
2025-08-20 15:53:03,486 - cuttingstock.core - INFO - Loaded order data from cache | Details: cache_path: cache\order.db
2025-08-20 15:53:03,498 - cuttingstock.core - INFO - Loaded and sorted data successfully
2025-08-20 15:53:03,502 - cuttingstock.core - INFO - Starting calculation process
2025-08-20 15:53:03,509 - cuttingstock.core - INFO - Loaded order data from cache | Details: cache_path: cache\order.db
2025-08-20 15:53:03,521 - cuttingstock.core - INFO - Loaded and sorted data successfully
2025-08-20 15:53:03,524 - cuttingstock.core - INFO - Starting calculation process
2025-08-20 15:53:03,530 - cuttingstock.core - INFO - Loaded order data from cache | Details: cache_path: cache\order.db
2025-08-20 15:53:03,543 - cuttingstock.core - INFO - Loaded and sorted data successfully
2025-08-20 15:53:03,546 - cuttingstock.core - INFO - Starting calculation process
2025-08-20 15:53:03,554 - cuttingstock.core - INFO - Loaded order data from cache | Details: cache_path: cache\order.db
2025-08-20 15:53:03,565 - cuttingstock.core - INFO - Loaded and sorted data successfully
2025-08-20 15:53:03,695 - cuttingstock.core - INFO - Starting calculation process
2025-08-20 15:53:03,702 - cuttingstock.core - INFO - Loaded order data from cache | Details: cache_path: cache\order.db
2025-08-20 15:53:03,713 - cuttingstock.core - INFO - Loaded and sorted data successfully
2025-08-20 15:53:03,851 - cuttingstock.core - INFO - Starting calculation process
2025-08-20 15:53:03,858 - cuttingstock.core - INFO - Loaded order data from cache | Details: cache_path: cache\order.db
2025-08-20 15:53:03,869 - cuttingstock.core - INFO - Loaded and sorted data successfully
2025-08-20 15:53:04,000 - cuttingstock.core - INFO - Starting calculation process
2025-08-20 15:53:04,007 - cuttingstock.core - INFO - Loaded order data from cache | Details: cache_path: cache\order.db
2025-08-20 15:53:04,018 - cuttingstock.core - INFO - Loaded and sorted data successfully
2025-08-20 15:53:04,153 - cuttingstock.core - INFO - Starting calculation process
2025-08-20 15:53:04,159 - cuttingstock.core - INFO - Loaded order data from cache | Details: cache_path: cache\order.db
2025-08-20 15:53:04,172 - cuttingstock.core - INFO - Loaded and sorted data successfully
2025-08-20 15:53:04,175 - cuttingstock.core - INFO - Starting calculation process
2025-08-20 15:53:04,183 - cuttingstock.core - INFO - Loaded order data from cache | Details: cache_path: cache\order.db
2025-08-20 15:53:04,195 - cuttingstock.core - INFO - Loaded and sorted data successfully
2025-08-20 15:53:04,199 - cuttingstock.core - INFO - Starting calculation process
2025-08-20 15:53:04,205 - cuttingstock.core - INFO - Loaded order data from cache | Details: cache_path: cache\order.db
2025-08-20 15:53:04,218 - cuttingstock.core - INFO - Loaded and sorted data successfully
2025-08-20 15:53:04,389 - cuttingstock.core - INFO - Starting calculation process
2025-08-20 15:53:04,395 - cuttingstock.core - INFO - Loaded order data from cache | Details: cache_path: cache\order.db
2025-08-20 15:53:04,407 - cuttingstock.core - INFO - Loaded and sorted data successfully
2025-08-20 15:53:04,410 - cuttingstock.core - INFO - Starting calculation process
2025-08-20 15:53:04,416 - cuttingstock.core - INFO - Loaded order data from cache | Details: cache_path: cache\order.db
2025-08-20 15:53:04,427 - cuttingstock.core - INFO - Loaded and sorted data successfully
2025-08-20 15:53:04,430 - cuttingstock.core - INFO - Starting calculation process
2025-08-20 15:53:04,436 - cuttingstock.core - INFO - Loaded order data from cache | Details: cache_path: cache\order.db
2025-08-20 15:53:04,448 - cuttingstock.core - INFO - Loaded and sorted data successfully
2025-08-20 15:53:04,592 - cuttingstock.core - INFO - Starting calculation process
2025-08-20 15:53:04,599 - cuttingstock.core - INFO - Loaded order data from cache | Details: cache_path: cache\order.db
2025-08-20 15:53:04,610 - cuttingstock.core - INFO - Loaded and sorted data successfully
2025-08-20 15:53:04,613 - cuttingstock.core - INFO - Starting calculation process
2025-08-20 15:53:04,622 - cuttingstock.core - INFO - Loaded order data from cache | Details: cache_path: cache\order.db
2025-08-20 15:53:04,634 - cuttingstock.core - INFO - Loaded and sorted data successfully
2025-08-20 15:53:04,768 - cuttingstock.core - INFO - Starting calculation process
2025-08-20 15:53:04,774 - cuttingstock.core - INFO - Loaded order data from cache | Details: cache_path: cache\order.db
2025-08-20 15:53:04,789 - cuttingstock.core - INFO - Loaded and sorted data successfully
2025-08-20 15:53:04,931 - cuttingstock.core - INFO - Starting calculation process
2025-08-20 15:53:04,937 - cuttingstock.core - INFO - Loaded order data from cache | Details: cache_path: cache\order.db
2025-08-20 15:53:04,951 - cuttingstock.core - INFO - Loaded and sorted data successfully
2025-08-20 15:53:04,954 - cuttingstock.core - INFO - Starting calculation process
2025-08-20 15:53:04,960 - cuttingstock.core - INFO - Loaded order data from cache | Details: cache_path: cache\order.db
2025-08-20 15:53:04,974 - cuttingstock.core - INFO - Loaded and sorted data successfully
2025-08-20 15:53:04,977 - cuttingstock.core - INFO - Starting calculation process
2025-08-20 15:53:04,984 - cuttingstock.core - INFO - Loaded order data from cache | Details: cache_path: cache\order.db
2025-08-20 15:53:04,998 - cuttingstock.core - INFO - Loaded and sorted data successfully
2025-08-20 15:53:05,002 - cuttingstock.core - INFO - Starting calculation process
2025-08-20 15:53:05,008 - cuttingstock.core - INFO - Loaded order data from cache | Details: cache_path: cache\order.db
2025-08-20 15:53:05,022 - cuttingstock.core - INFO - Loaded and sorted data successfully
2025-08-20 15:53:05,025 - cuttingstock.core - INFO - Starting calculation process
2025-08-20 15:53:05,032 - cuttingstock.core - INFO - Loaded order data from cache | Details: cache_path: cache\order.db
2025-08-20 15:53:05,044 - cuttingstock.core - INFO - Loaded and sorted data successfully
2025-08-20 15:54:58,944 - cuttingstock.core - INFO - Starting calculation process
2025-08-20 15:54:58,956 - cuttingstock.core - INFO - Loaded order data from cache | Details: cache_path: cache\order.db
2025-08-20 15:54:58,968 - cuttingstock.core - INFO - Loaded and sorted data successfully
2025-08-20 15:55:12,145 - cuttingstock.core - INFO - Starting calculation process
2025-08-20 15:55:12,152 - cuttingstock.core - INFO - Loaded order data from cache | Details: cache_path: cache\order.db
2025-08-20 15:55:12,166 - cuttingstock.core - INFO - Loaded and sorted data successfully
2025-08-20 15:55:12,170 - cuttingstock.core - INFO - Starting calculation process
2025-08-20 15:55:12,176 - cuttingstock.core - INFO - Loaded order data from cache | Details: cache_path: cache\order.db
2025-08-20 15:55:12,190 - cuttingstock.core - INFO - Loaded and sorted data successfully
2025-08-20 15:55:12,193 - cuttingstock.core - INFO - Starting calculation process
2025-08-20 15:55:12,201 - cuttingstock.core - INFO - Loaded order data from cache | Details: cache_path: cache\order.db
2025-08-20 15:55:12,214 - cuttingstock.core - INFO - Loaded and sorted data successfully
2025-08-20 15:55:12,217 - cuttingstock.core - INFO - Starting calculation process
2025-08-20 15:55:12,223 - cuttingstock.core - INFO - Loaded order data from cache | Details: cache_path: cache\order.db
2025-08-20 15:55:12,236 - cuttingstock.core - INFO - Loaded and sorted data successfully
2025-08-20 15:55:28,758 - cuttingstock.core - INFO - Starting calculation process
2025-08-20 15:55:28,764 - cuttingstock.core - INFO - Loaded order data from cache | Details: cache_path: cache\order.db
2025-08-20 15:55:28,777 - cuttingstock.core - INFO - Loaded and sorted data successfully
2025-08-20 15:55:28,780 - cuttingstock.core - INFO - Starting calculation process
2025-08-20 15:55:28,786 - cuttingstock.core - INFO - Loaded order data from cache | Details: cache_path: cache\order.db
2025-08-20 15:55:28,798 - cuttingstock.core - INFO - Loaded and sorted data successfully
2025-08-20 15:55:28,802 - cuttingstock.core - INFO - Starting calculation process
2025-08-20 15:55:28,809 - cuttingstock.core - INFO - Loaded order data from cache | Details: cache_path: cache\order.db
2025-08-20 15:55:28,822 - cuttingstock.core - INFO - Loaded and sorted data successfully
2025-08-20 15:55:31,911 - cuttingstock.core - INFO - Starting calculation process
2025-08-20 15:55:31,918 - cuttingstock.core - INFO - Loaded order data from cache | Details: cache_path: cache\order.db
2025-08-20 15:55:31,932 - cuttingstock.core - INFO - Loaded and sorted data successfully
2025-08-20 15:55:31,935 - cuttingstock.core - INFO - Starting calculation process
2025-08-20 15:55:31,941 - cuttingstock.core - INFO - Loaded order data from cache | Details: cache_path: cache\order.db
2025-08-20 15:55:31,955 - cuttingstock.core - INFO - Loaded and sorted data successfully
2025-08-20 15:55:31,958 - cuttingstock.core - INFO - Starting calculation process
2025-08-20 15:55:31,965 - cuttingstock.core - INFO - Loaded order data from cache | Details: cache_path: cache\order.db
2025-08-20 15:55:31,978 - cuttingstock.core - INFO - Loaded and sorted data successfully
2025-08-20 15:55:31,982 - cuttingstock.core - INFO - Starting calculation process
2025-08-20 15:55:31,988 - cuttingstock.core - INFO - Loaded order data from cache | Details: cache_path: cache\order.db
2025-08-20 15:55:32,000 - cuttingstock.core - INFO - Loaded and sorted data successfully
2025-08-20 15:55:34,918 - cuttingstock.core - INFO - Starting calculation process
2025-08-20 15:55:34,924 - cuttingstock.core - INFO - Loaded order data from cache | Details: cache_path: cache\order.db
2025-08-20 15:55:34,937 - cuttingstock.core - INFO - Loaded and sorted data successfully
2025-08-20 15:55:34,940 - cuttingstock.core - INFO - Starting calculation process
2025-08-20 15:55:34,946 - cuttingstock.core - INFO - Loaded order data from cache | Details: cache_path: cache\order.db
2025-08-20 15:55:34,958 - cuttingstock.core - INFO - Loaded and sorted data successfully
2025-08-20 15:55:34,961 - cuttingstock.core - INFO - Starting calculation process
2025-08-20 15:55:34,968 - cuttingstock.core - INFO - Loaded order data from cache | Details: cache_path: cache\order.db
2025-08-20 15:55:34,980 - cuttingstock.core - INFO - Loaded and sorted data successfully
2025-08-20 15:55:35,952 - cuttingstock.core - INFO - Starting calculation process
2025-08-20 15:55:35,959 - cuttingstock.core - INFO - Loaded order data from cache | Details: cache_path: cache\order.db
2025-08-20 15:55:35,973 - cuttingstock.core - INFO - Loaded and sorted data successfully
2025-08-20 15:55:35,976 - cuttingstock.core - INFO - Starting calculation process
2025-08-20 15:55:35,982 - cuttingstock.core - INFO - Loaded order data from cache | Details: cache_path: cache\order.db
2025-08-20 15:55:35,997 - cuttingstock.core - INFO - Loaded and sorted data successfully
2025-08-20 15:55:36,000 - cuttingstock.core - INFO - Starting calculation process
2025-08-20 15:55:36,007 - cuttingstock.core - INFO - Loaded order data from cache | Details: cache_path: cache\order.db
2025-08-20 15:55:36,020 - cuttingstock.core - INFO - Loaded and sorted data successfully
2025-08-20 15:55:36,024 - cuttingstock.core - INFO - Starting calculation process
2025-08-20 15:55:36,030 - cuttingstock.core - INFO - Loaded order data from cache | Details: cache_path: cache\order.db
2025-08-20 15:55:36,043 - cuttingstock.core - INFO - Loaded and sorted data successfully
2025-08-20 15:55:36,186 - cuttingstock.core - INFO - Starting calculation process
2025-08-20 15:55:36,192 - cuttingstock.core - INFO - Loaded order data from cache | Details: cache_path: cache\order.db
2025-08-20 15:55:36,206 - cuttingstock.core - INFO - Loaded and sorted data successfully
2025-08-20 15:55:36,208 - cuttingstock.core - INFO - Starting calculation process
2025-08-20 15:55:36,215 - cuttingstock.core - INFO - Loaded order data from cache | Details: cache_path: cache\order.db
2025-08-20 15:55:36,230 - cuttingstock.core - INFO - Loaded and sorted data successfully
2025-08-20 15:55:36,234 - cuttingstock.core - INFO - Starting calculation process
2025-08-20 15:55:36,242 - cuttingstock.core - INFO - Loaded order data from cache | Details: cache_path: cache\order.db
2025-08-20 15:55:36,256 - cuttingstock.core - INFO - Loaded and sorted data successfully
2025-08-20 15:55:36,259 - cuttingstock.core - INFO - Starting calculation process
2025-08-20 15:55:36,265 - cuttingstock.core - INFO - Loaded order data from cache | Details: cache_path: cache\order.db
2025-08-20 15:55:36,278 - cuttingstock.core - INFO - Loaded and sorted data successfully
2025-08-20 15:55:36,281 - cuttingstock.core - INFO - Starting calculation process
2025-08-20 15:55:36,287 - cuttingstock.core - INFO - Loaded order data from cache | Details: cache_path: cache\order.db
2025-08-20 15:55:36,301 - cuttingstock.core - INFO - Loaded and sorted data successfully
2025-08-20 15:55:36,303 - cuttingstock.core - INFO - Starting calculation process
2025-08-20 15:55:36,309 - cuttingstock.core - INFO - Loaded order data from cache | Details: cache_path: cache\order.db
2025-08-20 15:55:36,322 - cuttingstock.core - INFO - Loaded and sorted data successfully
2025-08-20 15:55:36,325 - cuttingstock.core - INFO - Starting calculation process
2025-08-20 15:55:36,330 - cuttingstock.core - INFO - Loaded order data from cache | Details: cache_path: cache\order.db
2025-08-20 15:55:36,343 - cuttingstock.core - INFO - Loaded and sorted data successfully
2025-08-20 15:55:36,346 - cuttingstock.core - INFO - Starting calculation process
2025-08-20 15:55:36,352 - cuttingstock.core - INFO - Loaded order data from cache | Details: cache_path: cache\order.db
2025-08-20 15:55:36,364 - cuttingstock.core - INFO - Loaded and sorted data successfully
2025-08-20 15:55:36,367 - cuttingstock.core - INFO - Starting calculation process
2025-08-20 15:55:36,373 - cuttingstock.core - INFO - Loaded order data from cache | Details: cache_path: cache\order.db
2025-08-20 15:55:36,386 - cuttingstock.core - INFO - Loaded and sorted data successfully
2025-08-20 15:55:36,524 - cuttingstock.core - INFO - Starting calculation process
2025-08-20 15:55:36,530 - cuttingstock.core - INFO - Loaded order data from cache | Details: cache_path: cache\order.db
2025-08-20 15:55:36,545 - cuttingstock.core - INFO - Loaded and sorted data successfully
2025-08-20 15:55:36,551 - cuttingstock.core - INFO - Starting calculation process
2025-08-20 15:55:36,557 - cuttingstock.core - INFO - Loaded order data from cache | Details: cache_path: cache\order.db
2025-08-20 15:55:36,571 - cuttingstock.core - INFO - Loaded and sorted data successfully
2025-08-20 15:55:36,574 - cuttingstock.core - INFO - Starting calculation process
2025-08-20 15:55:36,580 - cuttingstock.core - INFO - Loaded order data from cache | Details: cache_path: cache\order.db
2025-08-20 15:55:36,594 - cuttingstock.core - INFO - Loaded and sorted data successfully
2025-08-20 15:55:36,597 - cuttingstock.core - INFO - Starting calculation process
2025-08-20 15:55:36,603 - cuttingstock.core - INFO - Loaded order data from cache | Details: cache_path: cache\order.db
2025-08-20 15:55:36,616 - cuttingstock.core - INFO - Loaded and sorted data successfully
2025-08-20 15:55:36,619 - cuttingstock.core - INFO - Starting calculation process
2025-08-20 15:55:36,625 - cuttingstock.core - INFO - Loaded order data from cache | Details: cache_path: cache\order.db
2025-08-20 15:55:36,637 - cuttingstock.core - INFO - Loaded and sorted data successfully
2025-08-20 15:55:36,776 - cuttingstock.core - INFO - Starting calculation process
2025-08-20 15:55:36,783 - cuttingstock.core - INFO - Loaded order data from cache | Details: cache_path: cache\order.db
2025-08-20 15:55:36,796 - cuttingstock.core - INFO - Loaded and sorted data successfully
2025-08-20 15:55:36,800 - cuttingstock.core - INFO - Starting calculation process
2025-08-20 15:55:36,806 - cuttingstock.core - INFO - Loaded order data from cache | Details: cache_path: cache\order.db
2025-08-20 15:55:36,820 - cuttingstock.core - INFO - Loaded and sorted data successfully
2025-08-20 15:55:36,823 - cuttingstock.core - INFO - Starting calculation process
2025-08-20 15:55:36,831 - cuttingstock.core - INFO - Loaded order data from cache | Details: cache_path: cache\order.db
2025-08-20 15:55:36,845 - cuttingstock.core - INFO - Loaded and sorted data successfully
2025-08-20 15:55:36,848 - cuttingstock.core - INFO - Starting calculation process
2025-08-20 15:55:36,855 - cuttingstock.core - INFO - Loaded order data from cache | Details: cache_path: cache\order.db
2025-08-20 15:55:36,868 - cuttingstock.core - INFO - Loaded and sorted data successfully
2025-08-20 15:55:37,090 - cuttingstock.core - INFO - Starting calculation process
2025-08-20 15:55:37,096 - cuttingstock.core - INFO - Loaded order data from cache | Details: cache_path: cache\order.db
2025-08-20 15:55:37,109 - cuttingstock.core - INFO - Loaded and sorted data successfully
2025-08-20 15:55:37,112 - cuttingstock.core - INFO - Starting calculation process
2025-08-20 15:55:37,118 - cuttingstock.core - INFO - Loaded order data from cache | Details: cache_path: cache\order.db
2025-08-20 15:55:37,130 - cuttingstock.core - INFO - Loaded and sorted data successfully
2025-08-20 15:55:37,134 - cuttingstock.core - INFO - Starting calculation process
2025-08-20 15:55:37,139 - cuttingstock.core - INFO - Loaded order data from cache | Details: cache_path: cache\order.db
2025-08-20 15:55:37,152 - cuttingstock.core - INFO - Loaded and sorted data successfully
2025-08-20 15:55:37,290 - cuttingstock.core - INFO - Starting calculation process
2025-08-20 15:55:37,296 - cuttingstock.core - INFO - Loaded order data from cache | Details: cache_path: cache\order.db
2025-08-20 15:55:37,309 - cuttingstock.core - INFO - Loaded and sorted data successfully
2025-08-20 15:55:37,312 - cuttingstock.core - INFO - Starting calculation process
2025-08-20 15:55:37,318 - cuttingstock.core - INFO - Loaded order data from cache | Details: cache_path: cache\order.db
2025-08-20 15:55:37,329 - cuttingstock.core - INFO - Loaded and sorted data successfully
2025-08-20 15:55:37,333 - cuttingstock.core - INFO - Starting calculation process
2025-08-20 15:55:37,339 - cuttingstock.core - INFO - Loaded order data from cache | Details: cache_path: cache\order.db
2025-08-20 15:55:37,351 - cuttingstock.core - INFO - Loaded and sorted data successfully
2025-08-20 15:55:37,354 - cuttingstock.core - INFO - Starting calculation process
2025-08-20 15:55:37,360 - cuttingstock.core - INFO - Loaded order data from cache | Details: cache_path: cache\order.db
2025-08-20 15:55:37,374 - cuttingstock.core - INFO - Loaded and sorted data successfully
2025-08-20 15:55:37,377 - cuttingstock.core - INFO - Starting calculation process
2025-08-20 15:55:37,383 - cuttingstock.core - INFO - Loaded order data from cache | Details: cache_path: cache\order.db
2025-08-20 15:55:37,396 - cuttingstock.core - INFO - Loaded and sorted data successfully
2025-08-20 15:55:37,400 - cuttingstock.core - INFO - Starting calculation process
2025-08-20 15:55:37,407 - cuttingstock.core - INFO - Loaded order data from cache | Details: cache_path: cache\order.db
2025-08-20 15:55:37,420 - cuttingstock.core - INFO - Loaded and sorted data successfully
2025-08-20 15:55:37,423 - cuttingstock.core - INFO - Starting calculation process
2025-08-20 15:55:37,429 - cuttingstock.core - INFO - Loaded order data from cache | Details: cache_path: cache\order.db
2025-08-20 15:55:37,442 - cuttingstock.core - INFO - Loaded and sorted data successfully
2025-08-20 15:55:37,445 - cuttingstock.core - INFO - Starting calculation process
2025-08-20 15:55:37,452 - cuttingstock.core - INFO - Loaded order data from cache | Details: cache_path: cache\order.db
2025-08-20 15:55:37,463 - cuttingstock.core - INFO - Loaded and sorted data successfully
2025-08-20 15:55:37,467 - cuttingstock.core - INFO - Starting calculation process
2025-08-20 15:55:37,473 - cuttingstock.core - INFO - Loaded order data from cache | Details: cache_path: cache\order.db
2025-08-20 15:55:37,485 - cuttingstock.core - INFO - Loaded and sorted data successfully
2025-08-20 15:55:37,619 - cuttingstock.core - INFO - Starting calculation process
2025-08-20 15:55:37,626 - cuttingstock.core - INFO - Loaded order data from cache | Details: cache_path: cache\order.db
2025-08-20 15:55:37,639 - cuttingstock.core - INFO - Loaded and sorted data successfully
2025-08-20 15:55:37,643 - cuttingstock.core - INFO - Starting calculation process
2025-08-20 15:55:37,650 - cuttingstock.core - INFO - Loaded order data from cache | Details: cache_path: cache\order.db
2025-08-20 15:55:37,663 - cuttingstock.core - INFO - Loaded and sorted data successfully
2025-08-20 15:55:37,667 - cuttingstock.core - INFO - Starting calculation process
2025-08-20 15:55:37,673 - cuttingstock.core - INFO - Loaded order data from cache | Details: cache_path: cache\order.db
2025-08-20 15:55:37,687 - cuttingstock.core - INFO - Loaded and sorted data successfully
2025-08-20 15:55:37,831 - cuttingstock.core - INFO - Starting calculation process
2025-08-20 15:55:37,837 - cuttingstock.core - INFO - Loaded order data from cache | Details: cache_path: cache\order.db
2025-08-20 15:55:37,849 - cuttingstock.core - INFO - Loaded and sorted data successfully
2025-08-20 15:55:38,012 - cuttingstock.core - INFO - Starting calculation process
2025-08-20 15:55:38,018 - cuttingstock.core - INFO - Loaded order data from cache | Details: cache_path: cache\order.db
2025-08-20 15:55:38,029 - cuttingstock.core - INFO - Loaded and sorted data successfully
2025-08-20 15:55:38,173 - cuttingstock.core - INFO - Starting calculation process
2025-08-20 15:55:38,180 - cuttingstock.core - INFO - Loaded order data from cache | Details: cache_path: cache\order.db
2025-08-20 15:55:38,192 - cuttingstock.core - INFO - Loaded and sorted data successfully
2025-08-20 15:55:38,195 - cuttingstock.core - INFO - Starting calculation process
2025-08-20 15:55:38,201 - cuttingstock.core - INFO - Loaded order data from cache | Details: cache_path: cache\order.db
2025-08-20 15:55:38,212 - cuttingstock.core - INFO - Loaded and sorted data successfully
2025-08-20 15:55:38,215 - cuttingstock.core - INFO - Starting calculation process
2025-08-20 15:55:38,222 - cuttingstock.core - INFO - Loaded order data from cache | Details: cache_path: cache\order.db
2025-08-20 15:55:38,234 - cuttingstock.core - INFO - Loaded and sorted data successfully
2025-08-20 15:55:38,366 - cuttingstock.core - INFO - Starting calculation process
2025-08-20 15:55:38,373 - cuttingstock.core - INFO - Loaded order data from cache | Details: cache_path: cache\order.db
2025-08-20 15:55:38,384 - cuttingstock.core - INFO - Loaded and sorted data successfully
2025-08-20 15:55:38,523 - cuttingstock.core - INFO - Starting calculation process
2025-08-20 15:55:38,530 - cuttingstock.core - INFO - Loaded order data from cache | Details: cache_path: cache\order.db
2025-08-20 15:55:38,542 - cuttingstock.core - INFO - Loaded and sorted data successfully
2025-08-20 15:55:38,545 - cuttingstock.core - INFO - Starting calculation process
2025-08-20 15:55:38,551 - cuttingstock.core - INFO - Loaded order data from cache | Details: cache_path: cache\order.db
2025-08-20 15:55:38,562 - cuttingstock.core - INFO - Loaded and sorted data successfully
2025-08-20 15:55:38,565 - cuttingstock.core - INFO - Starting calculation process
2025-08-20 15:55:38,572 - cuttingstock.core - INFO - Loaded order data from cache | Details: cache_path: cache\order.db
2025-08-20 15:55:38,585 - cuttingstock.core - INFO - Loaded and sorted data successfully
2025-08-20 15:55:38,762 - cuttingstock.core - INFO - Starting calculation process
2025-08-20 15:55:38,769 - cuttingstock.core - INFO - Loaded order data from cache | Details: cache_path: cache\order.db
2025-08-20 15:55:38,781 - cuttingstock.core - INFO - Loaded and sorted data successfully
2025-08-20 15:55:38,785 - cuttingstock.core - INFO - Starting calculation process
2025-08-20 15:55:38,791 - cuttingstock.core - INFO - Loaded order data from cache | Details: cache_path: cache\order.db
2025-08-20 15:55:38,804 - cuttingstock.core - INFO - Loaded and sorted data successfully
2025-08-20 15:55:38,807 - cuttingstock.core - INFO - Starting calculation process
2025-08-20 15:55:38,812 - cuttingstock.core - INFO - Loaded order data from cache | Details: cache_path: cache\order.db
2025-08-20 15:55:38,825 - cuttingstock.core - INFO - Loaded and sorted data successfully
2025-08-20 15:55:38,828 - cuttingstock.core - INFO - Starting calculation process
2025-08-20 15:55:38,834 - cuttingstock.core - INFO - Loaded order data from cache | Details: cache_path: cache\order.db
2025-08-20 15:55:38,846 - cuttingstock.core - INFO - Loaded and sorted data successfully
2025-08-20 15:55:38,850 - cuttingstock.core - INFO - Starting calculation process
2025-08-20 15:55:38,856 - cuttingstock.core - INFO - Loaded order data from cache | Details: cache_path: cache\order.db
2025-08-20 15:55:38,868 - cuttingstock.core - INFO - Loaded and sorted data successfully
2025-08-20 15:55:38,871 - cuttingstock.core - INFO - Starting calculation process
2025-08-20 15:55:38,877 - cuttingstock.core - INFO - Loaded order data from cache | Details: cache_path: cache\order.db
2025-08-20 15:55:38,890 - cuttingstock.core - INFO - Loaded and sorted data successfully
2025-08-20 15:55:39,027 - cuttingstock.core - INFO - Starting calculation process
2025-08-20 15:55:39,034 - cuttingstock.core - INFO - Loaded order data from cache | Details: cache_path: cache\order.db
2025-08-20 15:55:39,044 - cuttingstock.core - INFO - Loaded and sorted data successfully
2025-08-20 15:55:39,048 - cuttingstock.core - INFO - Starting calculation process
2025-08-20 15:55:39,056 - cuttingstock.core - INFO - Loaded order data from cache | Details: cache_path: cache\order.db
2025-08-20 15:55:39,068 - cuttingstock.core - INFO - Loaded and sorted data successfully
2025-08-20 15:55:39,072 - cuttingstock.core - INFO - Starting calculation process
2025-08-20 15:55:39,078 - cuttingstock.core - INFO - Loaded order data from cache | Details: cache_path: cache\order.db
2025-08-20 15:55:39,089 - cuttingstock.core - INFO - Loaded and sorted data successfully
2025-08-20 15:55:39,093 - cuttingstock.core - INFO - Starting calculation process
2025-08-20 15:55:39,099 - cuttingstock.core - INFO - Loaded order data from cache | Details: cache_path: cache\order.db
2025-08-20 15:55:39,111 - cuttingstock.core - INFO - Loaded and sorted data successfully
2025-08-20 15:55:39,114 - cuttingstock.core - INFO - Starting calculation process
2025-08-20 15:55:39,121 - cuttingstock.core - INFO - Loaded order data from cache | Details: cache_path: cache\order.db
2025-08-20 15:55:39,132 - cuttingstock.core - INFO - Loaded and sorted data successfully
2025-08-20 15:55:39,266 - cuttingstock.core - INFO - Starting calculation process
2025-08-20 15:55:39,272 - cuttingstock.core - INFO - Loaded order data from cache | Details: cache_path: cache\order.db
2025-08-20 15:55:39,283 - cuttingstock.core - INFO - Loaded and sorted data successfully
2025-08-20 16:02:15,005 - cuttingstock.core - INFO - Starting calculation process
2025-08-20 16:02:15,070 - cuttingstock.core - INFO - Loaded order data from cache | Details: cache_path: cache\order.db
2025-08-20 16:02:15,086 - cuttingstock.core - INFO - Loaded and sorted data successfully
2025-08-20 16:02:28,346 - cuttingstock.core - INFO - Starting calculation process
2025-08-20 16:02:28,353 - cuttingstock.core - INFO - Loaded order data from cache | Details: cache_path: cache\order.db
2025-08-20 16:02:28,371 - cuttingstock.core - INFO - Loaded and sorted data successfully
2025-08-20 16:02:28,374 - cuttingstock.core - INFO - Starting calculation process
2025-08-20 16:02:28,380 - cuttingstock.core - INFO - Loaded order data from cache | Details: cache_path: cache\order.db
2025-08-20 16:02:28,393 - cuttingstock.core - INFO - Loaded and sorted data successfully
2025-08-20 16:02:28,396 - cuttingstock.core - INFO - Starting calculation process
2025-08-20 16:02:28,402 - cuttingstock.core - INFO - Loaded order data from cache | Details: cache_path: cache\order.db
2025-08-20 16:02:28,414 - cuttingstock.core - INFO - Loaded and sorted data successfully
2025-08-20 16:02:28,417 - cuttingstock.core - INFO - Starting calculation process
2025-08-20 16:02:28,423 - cuttingstock.core - INFO - Loaded order data from cache | Details: cache_path: cache\order.db
2025-08-20 16:02:28,435 - cuttingstock.core - INFO - Loaded and sorted data successfully
2025-08-20 16:02:44,715 - cuttingstock.core - INFO - Starting calculation process
2025-08-20 16:02:44,721 - cuttingstock.core - INFO - Loaded order data from cache | Details: cache_path: cache\order.db
2025-08-20 16:02:44,734 - cuttingstock.core - INFO - Loaded and sorted data successfully
2025-08-20 16:02:44,737 - cuttingstock.core - INFO - Starting calculation process
2025-08-20 16:02:44,743 - cuttingstock.core - INFO - Loaded order data from cache | Details: cache_path: cache\order.db
2025-08-20 16:02:44,755 - cuttingstock.core - INFO - Loaded and sorted data successfully
2025-08-20 16:02:44,758 - cuttingstock.core - INFO - Starting calculation process
2025-08-20 16:02:44,764 - cuttingstock.core - INFO - Loaded order data from cache | Details: cache_path: cache\order.db
2025-08-20 16:02:44,776 - cuttingstock.core - INFO - Loaded and sorted data successfully
2025-08-20 16:02:47,858 - cuttingstock.core - INFO - Starting calculation process
2025-08-20 16:02:47,864 - cuttingstock.core - INFO - Loaded order data from cache | Details: cache_path: cache\order.db
2025-08-20 16:02:47,877 - cuttingstock.core - INFO - Loaded and sorted data successfully
2025-08-20 16:02:47,880 - cuttingstock.core - INFO - Starting calculation process
2025-08-20 16:02:47,885 - cuttingstock.core - INFO - Loaded order data from cache | Details: cache_path: cache\order.db
2025-08-20 16:02:47,898 - cuttingstock.core - INFO - Loaded and sorted data successfully
2025-08-20 16:02:47,901 - cuttingstock.core - INFO - Starting calculation process
2025-08-20 16:02:47,907 - cuttingstock.core - INFO - Loaded order data from cache | Details: cache_path: cache\order.db
2025-08-20 16:02:47,920 - cuttingstock.core - INFO - Loaded and sorted data successfully
2025-08-20 16:02:47,923 - cuttingstock.core - INFO - Starting calculation process
2025-08-20 16:02:47,928 - cuttingstock.core - INFO - Loaded order data from cache | Details: cache_path: cache\order.db
2025-08-20 16:02:47,941 - cuttingstock.core - INFO - Loaded and sorted data successfully
2025-08-20 16:02:50,833 - cuttingstock.core - INFO - Starting calculation process
2025-08-20 16:02:50,840 - cuttingstock.core - INFO - Loaded order data from cache | Details: cache_path: cache\order.db
2025-08-20 16:02:50,852 - cuttingstock.core - INFO - Loaded and sorted data successfully
2025-08-20 16:02:50,855 - cuttingstock.core - INFO - Starting calculation process
2025-08-20 16:02:50,860 - cuttingstock.core - INFO - Loaded order data from cache | Details: cache_path: cache\order.db
2025-08-20 16:02:50,873 - cuttingstock.core - INFO - Loaded and sorted data successfully
2025-08-20 16:02:50,876 - cuttingstock.core - INFO - Starting calculation process
2025-08-20 16:02:50,882 - cuttingstock.core - INFO - Loaded order data from cache | Details: cache_path: cache\order.db
2025-08-20 16:02:50,895 - cuttingstock.core - INFO - Loaded and sorted data successfully
2025-08-20 16:02:51,824 - cuttingstock.core - INFO - Starting calculation process
2025-08-20 16:02:51,830 - cuttingstock.core - INFO - Loaded order data from cache | Details: cache_path: cache\order.db
2025-08-20 16:02:51,843 - cuttingstock.core - INFO - Loaded and sorted data successfully
2025-08-20 16:02:51,846 - cuttingstock.core - INFO - Starting calculation process
2025-08-20 16:02:51,853 - cuttingstock.core - INFO - Loaded order data from cache | Details: cache_path: cache\order.db
2025-08-20 16:02:51,866 - cuttingstock.core - INFO - Loaded and sorted data successfully
2025-08-20 16:02:51,869 - cuttingstock.core - INFO - Starting calculation process
2025-08-20 16:02:51,875 - cuttingstock.core - INFO - Loaded order data from cache | Details: cache_path: cache\order.db
2025-08-20 16:02:51,888 - cuttingstock.core - INFO - Loaded and sorted data successfully
2025-08-20 16:02:51,891 - cuttingstock.core - INFO - Starting calculation process
2025-08-20 16:02:51,897 - cuttingstock.core - INFO - Loaded order data from cache | Details: cache_path: cache\order.db
2025-08-20 16:02:51,909 - cuttingstock.core - INFO - Loaded and sorted data successfully
2025-08-20 16:02:52,048 - cuttingstock.core - INFO - Starting calculation process
2025-08-20 16:02:52,054 - cuttingstock.core - INFO - Loaded order data from cache | Details: cache_path: cache\order.db
2025-08-20 16:02:52,066 - cuttingstock.core - INFO - Loaded and sorted data successfully
2025-08-20 16:02:52,070 - cuttingstock.core - INFO - Starting calculation process
2025-08-20 16:02:52,075 - cuttingstock.core - INFO - Loaded order data from cache | Details: cache_path: cache\order.db
2025-08-20 16:02:52,087 - cuttingstock.core - INFO - Loaded and sorted data successfully
2025-08-20 16:02:52,090 - cuttingstock.core - INFO - Starting calculation process
2025-08-20 16:02:52,096 - cuttingstock.core - INFO - Loaded order data from cache | Details: cache_path: cache\order.db
2025-08-20 16:02:52,108 - cuttingstock.core - INFO - Loaded and sorted data successfully
2025-08-20 16:02:52,111 - cuttingstock.core - INFO - Starting calculation process
2025-08-20 16:02:52,117 - cuttingstock.core - INFO - Loaded order data from cache | Details: cache_path: cache\order.db
2025-08-20 16:02:52,129 - cuttingstock.core - INFO - Loaded and sorted data successfully
2025-08-20 16:02:52,132 - cuttingstock.core - INFO - Starting calculation process
2025-08-20 16:02:52,138 - cuttingstock.core - INFO - Loaded order data from cache | Details: cache_path: cache\order.db
2025-08-20 16:02:52,150 - cuttingstock.core - INFO - Loaded and sorted data successfully
2025-08-20 16:02:52,154 - cuttingstock.core - INFO - Starting calculation process
2025-08-20 16:02:52,160 - cuttingstock.core - INFO - Loaded order data from cache | Details: cache_path: cache\order.db
2025-08-20 16:02:52,174 - cuttingstock.core - INFO - Loaded and sorted data successfully
2025-08-20 16:02:52,177 - cuttingstock.core - INFO - Starting calculation process
2025-08-20 16:02:52,184 - cuttingstock.core - INFO - Loaded order data from cache | Details: cache_path: cache\order.db
2025-08-20 16:02:52,197 - cuttingstock.core - INFO - Loaded and sorted data successfully
2025-08-20 16:02:52,201 - cuttingstock.core - INFO - Starting calculation process
2025-08-20 16:02:52,207 - cuttingstock.core - INFO - Loaded order data from cache | Details: cache_path: cache\order.db
2025-08-20 16:02:52,220 - cuttingstock.core - INFO - Loaded and sorted data successfully
2025-08-20 16:02:52,223 - cuttingstock.core - INFO - Starting calculation process
2025-08-20 16:02:52,229 - cuttingstock.core - INFO - Loaded order data from cache | Details: cache_path: cache\order.db
2025-08-20 16:02:52,241 - cuttingstock.core - INFO - Loaded and sorted data successfully
2025-08-20 16:02:52,244 - cuttingstock.core - INFO - Starting calculation process
2025-08-20 16:02:52,251 - cuttingstock.core - INFO - Loaded order data from cache | Details: cache_path: cache\order.db
2025-08-20 16:02:52,262 - cuttingstock.core - INFO - Loaded and sorted data successfully
2025-08-20 16:02:52,400 - cuttingstock.core - INFO - Starting calculation process
2025-08-20 16:02:52,406 - cuttingstock.core - INFO - Loaded order data from cache | Details: cache_path: cache\order.db
2025-08-20 16:02:52,419 - cuttingstock.core - INFO - Loaded and sorted data successfully
2025-08-20 16:02:52,422 - cuttingstock.core - INFO - Starting calculation process
2025-08-20 16:02:52,427 - cuttingstock.core - INFO - Loaded order data from cache | Details: cache_path: cache\order.db
2025-08-20 16:02:52,440 - cuttingstock.core - INFO - Loaded and sorted data successfully
2025-08-20 16:02:52,443 - cuttingstock.core - INFO - Starting calculation process
2025-08-20 16:02:52,449 - cuttingstock.core - INFO - Loaded order data from cache | Details: cache_path: cache\order.db
2025-08-20 16:02:52,461 - cuttingstock.core - INFO - Loaded and sorted data successfully
2025-08-20 16:02:52,465 - cuttingstock.core - INFO - Starting calculation process
2025-08-20 16:02:52,471 - cuttingstock.core - INFO - Loaded order data from cache | Details: cache_path: cache\order.db
2025-08-20 16:02:52,483 - cuttingstock.core - INFO - Loaded and sorted data successfully
2025-08-20 16:02:52,661 - cuttingstock.core - INFO - Starting calculation process
2025-08-20 16:02:52,667 - cuttingstock.core - INFO - Loaded order data from cache | Details: cache_path: cache\order.db
2025-08-20 16:02:52,680 - cuttingstock.core - INFO - Loaded and sorted data successfully
2025-08-20 16:02:52,683 - cuttingstock.core - INFO - Starting calculation process
2025-08-20 16:02:52,689 - cuttingstock.core - INFO - Loaded order data from cache | Details: cache_path: cache\order.db
2025-08-20 16:02:52,701 - cuttingstock.core - INFO - Loaded and sorted data successfully
2025-08-20 16:02:52,704 - cuttingstock.core - INFO - Starting calculation process
2025-08-20 16:02:52,710 - cuttingstock.core - INFO - Loaded order data from cache | Details: cache_path: cache\order.db
2025-08-20 16:02:52,723 - cuttingstock.core - INFO - Loaded and sorted data successfully
2025-08-20 16:02:52,726 - cuttingstock.core - INFO - Starting calculation process
2025-08-20 16:02:52,731 - cuttingstock.core - INFO - Loaded order data from cache | Details: cache_path: cache\order.db
2025-08-20 16:02:52,744 - cuttingstock.core - INFO - Loaded and sorted data successfully
2025-08-20 16:02:52,933 - cuttingstock.core - INFO - Starting calculation process
2025-08-20 16:02:52,941 - cuttingstock.core - INFO - Loaded order data from cache | Details: cache_path: cache\order.db
2025-08-20 16:02:52,955 - cuttingstock.core - INFO - Loaded and sorted data successfully
2025-08-20 16:02:52,958 - cuttingstock.core - INFO - Starting calculation process
2025-08-20 16:02:52,963 - cuttingstock.core - INFO - Loaded order data from cache | Details: cache_path: cache\order.db
2025-08-20 16:02:52,976 - cuttingstock.core - INFO - Loaded and sorted data successfully
2025-08-20 16:02:52,979 - cuttingstock.core - INFO - Starting calculation process
2025-08-20 16:02:52,984 - cuttingstock.core - INFO - Loaded order data from cache | Details: cache_path: cache\order.db
2025-08-20 16:02:52,998 - cuttingstock.core - INFO - Loaded and sorted data successfully
2025-08-20 16:02:53,138 - cuttingstock.core - INFO - Starting calculation process
2025-08-20 16:02:53,144 - cuttingstock.core - INFO - Loaded order data from cache | Details: cache_path: cache\order.db
2025-08-20 16:02:53,158 - cuttingstock.core - INFO - Loaded and sorted data successfully
2025-08-20 16:02:53,162 - cuttingstock.core - INFO - Starting calculation process
2025-08-20 16:02:53,170 - cuttingstock.core - INFO - Loaded order data from cache | Details: cache_path: cache\order.db
2025-08-20 16:02:53,183 - cuttingstock.core - INFO - Loaded and sorted data successfully
2025-08-20 16:02:53,188 - cuttingstock.core - INFO - Starting calculation process
2025-08-20 16:02:53,195 - cuttingstock.core - INFO - Loaded order data from cache | Details: cache_path: cache\order.db
2025-08-20 16:02:53,209 - cuttingstock.core - INFO - Loaded and sorted data successfully
2025-08-20 16:02:53,212 - cuttingstock.core - INFO - Starting calculation process
2025-08-20 16:02:53,217 - cuttingstock.core - INFO - Loaded order data from cache | Details: cache_path: cache\order.db
2025-08-20 16:02:53,229 - cuttingstock.core - INFO - Loaded and sorted data successfully
2025-08-20 16:02:53,233 - cuttingstock.core - INFO - Starting calculation process
2025-08-20 16:02:53,239 - cuttingstock.core - INFO - Loaded order data from cache | Details: cache_path: cache\order.db
2025-08-20 16:02:53,251 - cuttingstock.core - INFO - Loaded and sorted data successfully
2025-08-20 16:02:53,254 - cuttingstock.core - INFO - Starting calculation process
2025-08-20 16:02:53,259 - cuttingstock.core - INFO - Loaded order data from cache | Details: cache_path: cache\order.db
2025-08-20 16:02:53,272 - cuttingstock.core - INFO - Loaded and sorted data successfully
2025-08-20 16:02:53,274 - cuttingstock.core - INFO - Starting calculation process
2025-08-20 16:02:53,280 - cuttingstock.core - INFO - Loaded order data from cache | Details: cache_path: cache\order.db
2025-08-20 16:02:53,292 - cuttingstock.core - INFO - Loaded and sorted data successfully
2025-08-20 16:02:53,295 - cuttingstock.core - INFO - Starting calculation process
2025-08-20 16:02:53,302 - cuttingstock.core - INFO - Loaded order data from cache | Details: cache_path: cache\order.db
2025-08-20 16:02:53,313 - cuttingstock.core - INFO - Loaded and sorted data successfully
2025-08-20 16:02:53,317 - cuttingstock.core - INFO - Starting calculation process
2025-08-20 16:02:53,323 - cuttingstock.core - INFO - Loaded order data from cache | Details: cache_path: cache\order.db
2025-08-20 16:02:53,335 - cuttingstock.core - INFO - Loaded and sorted data successfully
2025-08-20 16:02:53,465 - cuttingstock.core - INFO - Starting calculation process
2025-08-20 16:02:53,471 - cuttingstock.core - INFO - Loaded order data from cache | Details: cache_path: cache\order.db
2025-08-20 16:02:53,483 - cuttingstock.core - INFO - Loaded and sorted data successfully
2025-08-20 16:02:53,486 - cuttingstock.core - INFO - Starting calculation process
2025-08-20 16:02:53,492 - cuttingstock.core - INFO - Loaded order data from cache | Details: cache_path: cache\order.db
2025-08-20 16:02:53,504 - cuttingstock.core - INFO - Loaded and sorted data successfully
2025-08-20 16:02:53,507 - cuttingstock.core - INFO - Starting calculation process
2025-08-20 16:02:53,513 - cuttingstock.core - INFO - Loaded order data from cache | Details: cache_path: cache\order.db
2025-08-20 16:02:53,524 - cuttingstock.core - INFO - Loaded and sorted data successfully
2025-08-20 16:02:53,666 - cuttingstock.core - INFO - Starting calculation process
2025-08-20 16:02:53,672 - cuttingstock.core - INFO - Loaded order data from cache | Details: cache_path: cache\order.db
2025-08-20 16:02:53,683 - cuttingstock.core - INFO - Loaded and sorted data successfully
2025-08-20 16:02:53,821 - cuttingstock.core - INFO - Starting calculation process
2025-08-20 16:02:53,827 - cuttingstock.core - INFO - Loaded order data from cache | Details: cache_path: cache\order.db
2025-08-20 16:02:53,838 - cuttingstock.core - INFO - Loaded and sorted data successfully
2025-08-20 16:02:53,982 - cuttingstock.core - INFO - Starting calculation process
2025-08-20 16:02:53,988 - cuttingstock.core - INFO - Loaded order data from cache | Details: cache_path: cache\order.db
2025-08-20 16:02:54,000 - cuttingstock.core - INFO - Loaded and sorted data successfully
2025-08-20 16:02:54,003 - cuttingstock.core - INFO - Starting calculation process
2025-08-20 16:02:54,010 - cuttingstock.core - INFO - Loaded order data from cache | Details: cache_path: cache\order.db
2025-08-20 16:02:54,021 - cuttingstock.core - INFO - Loaded and sorted data successfully
2025-08-20 16:02:54,024 - cuttingstock.core - INFO - Starting calculation process
2025-08-20 16:02:54,030 - cuttingstock.core - INFO - Loaded order data from cache | Details: cache_path: cache\order.db
2025-08-20 16:02:54,043 - cuttingstock.core - INFO - Loaded and sorted data successfully
2025-08-20 16:02:54,046 - cuttingstock.core - INFO - Starting calculation process
2025-08-20 16:02:54,052 - cuttingstock.core - INFO - Loaded order data from cache | Details: cache_path: cache\order.db
2025-08-20 16:02:54,063 - cuttingstock.core - INFO - Loaded and sorted data successfully
2025-08-20 16:02:54,199 - cuttingstock.core - INFO - Starting calculation process
2025-08-20 16:02:54,205 - cuttingstock.core - INFO - Loaded order data from cache | Details: cache_path: cache\order.db
2025-08-20 16:02:54,216 - cuttingstock.core - INFO - Loaded and sorted data successfully
2025-08-20 16:02:54,220 - cuttingstock.core - INFO - Starting calculation process
2025-08-20 16:02:54,225 - cuttingstock.core - INFO - Loaded order data from cache | Details: cache_path: cache\order.db
2025-08-20 16:02:54,237 - cuttingstock.core - INFO - Loaded and sorted data successfully
2025-08-20 16:02:54,240 - cuttingstock.core - INFO - Starting calculation process
2025-08-20 16:02:54,246 - cuttingstock.core - INFO - Loaded order data from cache | Details: cache_path: cache\order.db
2025-08-20 16:02:54,257 - cuttingstock.core - INFO - Loaded and sorted data successfully
2025-08-20 16:02:54,393 - cuttingstock.core - INFO - Starting calculation process
2025-08-20 16:02:54,399 - cuttingstock.core - INFO - Loaded order data from cache | Details: cache_path: cache\order.db
2025-08-20 16:02:54,410 - cuttingstock.core - INFO - Loaded and sorted data successfully
2025-08-20 16:02:54,414 - cuttingstock.core - INFO - Starting calculation process
2025-08-20 16:02:54,420 - cuttingstock.core - INFO - Loaded order data from cache | Details: cache_path: cache\order.db
2025-08-20 16:02:54,431 - cuttingstock.core - INFO - Loaded and sorted data successfully
2025-08-20 16:02:54,435 - cuttingstock.core - INFO - Starting calculation process
2025-08-20 16:02:54,441 - cuttingstock.core - INFO - Loaded order data from cache | Details: cache_path: cache\order.db
2025-08-20 16:02:54,453 - cuttingstock.core - INFO - Loaded and sorted data successfully
2025-08-20 16:02:54,632 - cuttingstock.core - INFO - Starting calculation process
2025-08-20 16:02:54,638 - cuttingstock.core - INFO - Loaded order data from cache | Details: cache_path: cache\order.db
2025-08-20 16:02:54,649 - cuttingstock.core - INFO - Loaded and sorted data successfully
2025-08-20 16:02:54,785 - cuttingstock.core - INFO - Starting calculation process
2025-08-20 16:02:54,792 - cuttingstock.core - INFO - Loaded order data from cache | Details: cache_path: cache\order.db
2025-08-20 16:02:54,806 - cuttingstock.core - INFO - Loaded and sorted data successfully
2025-08-20 16:02:54,945 - cuttingstock.core - INFO - Starting calculation process
2025-08-20 16:02:54,951 - cuttingstock.core - INFO - Loaded order data from cache | Details: cache_path: cache\order.db
2025-08-20 16:02:54,963 - cuttingstock.core - INFO - Loaded and sorted data successfully
2025-08-20 16:02:54,966 - cuttingstock.core - INFO - Starting calculation process
2025-08-20 16:02:54,973 - cuttingstock.core - INFO - Loaded order data from cache | Details: cache_path: cache\order.db
2025-08-20 16:02:54,987 - cuttingstock.core - INFO - Loaded and sorted data successfully
2025-08-20 16:02:55,126 - cuttingstock.core - INFO - Starting calculation process
2025-08-20 16:02:55,133 - cuttingstock.core - INFO - Loaded order data from cache | Details: cache_path: cache\order.db
2025-08-20 16:02:55,146 - cuttingstock.core - INFO - Loaded and sorted data successfully
2025-08-20 16:02:55,150 - cuttingstock.core - INFO - Starting calculation process
2025-08-20 16:02:55,155 - cuttingstock.core - INFO - Loaded order data from cache | Details: cache_path: cache\order.db
2025-08-20 16:02:55,168 - cuttingstock.core - INFO - Loaded and sorted data successfully
2025-08-20 16:02:55,171 - cuttingstock.core - INFO - Starting calculation process
2025-08-20 16:02:55,176 - cuttingstock.core - INFO - Loaded order data from cache | Details: cache_path: cache\order.db
2025-08-20 16:02:55,189 - cuttingstock.core - INFO - Loaded and sorted data successfully
2025-08-20 16:02:55,193 - cuttingstock.core - INFO - Starting calculation process
2025-08-20 16:02:55,199 - cuttingstock.core - INFO - Loaded order data from cache | Details: cache_path: cache\order.db
2025-08-20 16:02:55,211 - cuttingstock.core - INFO - Loaded and sorted data successfully
2025-08-20 16:02:55,214 - cuttingstock.core - INFO - Starting calculation process
2025-08-20 16:02:55,220 - cuttingstock.core - INFO - Loaded order data from cache | Details: cache_path: cache\order.db
2025-08-20 16:02:55,232 - cuttingstock.core - INFO - Loaded and sorted data successfully
2025-08-20 16:04:51,618 - cuttingstock.core - INFO - Starting calculation process
2025-08-20 16:04:51,630 - cuttingstock.core - INFO - Loaded order data from cache | Details: cache_path: cache\order.db
2025-08-20 16:04:51,643 - cuttingstock.core - INFO - Loaded and sorted data successfully
2025-08-20 16:05:04,792 - cuttingstock.core - INFO - Starting calculation process
2025-08-20 16:05:04,798 - cuttingstock.core - INFO - Loaded order data from cache | Details: cache_path: cache\order.db
2025-08-20 16:05:04,811 - cuttingstock.core - INFO - Loaded and sorted data successfully
2025-08-20 16:05:04,814 - cuttingstock.core - INFO - Starting calculation process
2025-08-20 16:05:04,820 - cuttingstock.core - INFO - Loaded order data from cache | Details: cache_path: cache\order.db
2025-08-20 16:05:04,832 - cuttingstock.core - INFO - Loaded and sorted data successfully
2025-08-20 16:05:04,836 - cuttingstock.core - INFO - Starting calculation process
2025-08-20 16:05:04,842 - cuttingstock.core - INFO - Loaded order data from cache | Details: cache_path: cache\order.db
2025-08-20 16:05:04,854 - cuttingstock.core - INFO - Loaded and sorted data successfully
2025-08-20 16:05:04,857 - cuttingstock.core - INFO - Starting calculation process
2025-08-20 16:05:04,863 - cuttingstock.core - INFO - Loaded order data from cache | Details: cache_path: cache\order.db
2025-08-20 16:05:04,876 - cuttingstock.core - INFO - Loaded and sorted data successfully
2025-08-20 16:05:21,185 - cuttingstock.core - INFO - Starting calculation process
2025-08-20 16:05:21,192 - cuttingstock.core - INFO - Loaded order data from cache | Details: cache_path: cache\order.db
2025-08-20 16:05:21,205 - cuttingstock.core - INFO - Loaded and sorted data successfully
2025-08-20 16:05:21,209 - cuttingstock.core - INFO - Starting calculation process
2025-08-20 16:05:21,214 - cuttingstock.core - INFO - Loaded order data from cache | Details: cache_path: cache\order.db
2025-08-20 16:05:21,227 - cuttingstock.core - INFO - Loaded and sorted data successfully
2025-08-20 16:05:21,230 - cuttingstock.core - INFO - Starting calculation process
2025-08-20 16:05:21,237 - cuttingstock.core - INFO - Loaded order data from cache | Details: cache_path: cache\order.db
2025-08-20 16:05:21,249 - cuttingstock.core - INFO - Loaded and sorted data successfully
2025-08-20 16:05:24,321 - cuttingstock.core - INFO - Starting calculation process
2025-08-20 16:05:24,327 - cuttingstock.core - INFO - Loaded order data from cache | Details: cache_path: cache\order.db
2025-08-20 16:05:24,342 - cuttingstock.core - INFO - Loaded and sorted data successfully
2025-08-20 16:05:24,344 - cuttingstock.core - INFO - Starting calculation process
2025-08-20 16:05:24,350 - cuttingstock.core - INFO - Loaded order data from cache | Details: cache_path: cache\order.db
2025-08-20 16:05:24,363 - cuttingstock.core - INFO - Loaded and sorted data successfully
2025-08-20 16:05:24,366 - cuttingstock.core - INFO - Starting calculation process
2025-08-20 16:05:24,372 - cuttingstock.core - INFO - Loaded order data from cache | Details: cache_path: cache\order.db
2025-08-20 16:05:24,385 - cuttingstock.core - INFO - Loaded and sorted data successfully
2025-08-20 16:05:24,388 - cuttingstock.core - INFO - Starting calculation process
2025-08-20 16:05:24,393 - cuttingstock.core - INFO - Loaded order data from cache | Details: cache_path: cache\order.db
2025-08-20 16:05:24,406 - cuttingstock.core - INFO - Loaded and sorted data successfully
2025-08-20 16:05:27,282 - cuttingstock.core - INFO - Starting calculation process
2025-08-20 16:05:27,288 - cuttingstock.core - INFO - Loaded order data from cache | Details: cache_path: cache\order.db
2025-08-20 16:05:27,301 - cuttingstock.core - INFO - Loaded and sorted data successfully
2025-08-20 16:05:27,304 - cuttingstock.core - INFO - Starting calculation process
2025-08-20 16:05:27,310 - cuttingstock.core - INFO - Loaded order data from cache | Details: cache_path: cache\order.db
2025-08-20 16:05:27,323 - cuttingstock.core - INFO - Loaded and sorted data successfully
2025-08-20 16:05:27,326 - cuttingstock.core - INFO - Starting calculation process
2025-08-20 16:05:27,331 - cuttingstock.core - INFO - Loaded order data from cache | Details: cache_path: cache\order.db
2025-08-20 16:05:27,344 - cuttingstock.core - INFO - Loaded and sorted data successfully
2025-08-20 16:05:28,249 - cuttingstock.core - INFO - Starting calculation process
2025-08-20 16:05:28,255 - cuttingstock.core - INFO - Loaded order data from cache | Details: cache_path: cache\order.db
2025-08-20 16:05:28,267 - cuttingstock.core - INFO - Loaded and sorted data successfully
2025-08-20 16:05:28,270 - cuttingstock.core - INFO - Starting calculation process
2025-08-20 16:05:28,276 - cuttingstock.core - INFO - Loaded order data from cache | Details: cache_path: cache\order.db
2025-08-20 16:05:28,289 - cuttingstock.core - INFO - Loaded and sorted data successfully
2025-08-20 16:05:28,292 - cuttingstock.core - INFO - Starting calculation process
2025-08-20 16:05:28,298 - cuttingstock.core - INFO - Loaded order data from cache | Details: cache_path: cache\order.db
2025-08-20 16:05:28,310 - cuttingstock.core - INFO - Loaded and sorted data successfully
2025-08-20 16:05:28,313 - cuttingstock.core - INFO - Starting calculation process
2025-08-20 16:05:28,319 - cuttingstock.core - INFO - Loaded order data from cache | Details: cache_path: cache\order.db
2025-08-20 16:05:28,331 - cuttingstock.core - INFO - Loaded and sorted data successfully
2025-08-20 16:05:28,470 - cuttingstock.core - INFO - Starting calculation process
2025-08-20 16:05:28,476 - cuttingstock.core - INFO - Loaded order data from cache | Details: cache_path: cache\order.db
2025-08-20 16:05:28,489 - cuttingstock.core - INFO - Loaded and sorted data successfully
2025-08-20 16:05:28,492 - cuttingstock.core - INFO - Starting calculation process
2025-08-20 16:05:28,498 - cuttingstock.core - INFO - Loaded order data from cache | Details: cache_path: cache\order.db
2025-08-20 16:05:28,511 - cuttingstock.core - INFO - Loaded and sorted data successfully
2025-08-20 16:05:28,513 - cuttingstock.core - INFO - Starting calculation process
2025-08-20 16:05:28,519 - cuttingstock.core - INFO - Loaded order data from cache | Details: cache_path: cache\order.db
2025-08-20 16:05:28,532 - cuttingstock.core - INFO - Loaded and sorted data successfully
2025-08-20 16:05:28,536 - cuttingstock.core - INFO - Starting calculation process
2025-08-20 16:05:28,542 - cuttingstock.core - INFO - Loaded order data from cache | Details: cache_path: cache\order.db
2025-08-20 16:05:28,554 - cuttingstock.core - INFO - Loaded and sorted data successfully
2025-08-20 16:05:28,557 - cuttingstock.core - INFO - Starting calculation process
2025-08-20 16:05:28,563 - cuttingstock.core - INFO - Loaded order data from cache | Details: cache_path: cache\order.db
2025-08-20 16:05:28,575 - cuttingstock.core - INFO - Loaded and sorted data successfully
2025-08-20 16:05:28,578 - cuttingstock.core - INFO - Starting calculation process
2025-08-20 16:05:28,585 - cuttingstock.core - INFO - Loaded order data from cache | Details: cache_path: cache\order.db
2025-08-20 16:05:28,598 - cuttingstock.core - INFO - Loaded and sorted data successfully
2025-08-20 16:05:28,602 - cuttingstock.core - INFO - Starting calculation process
2025-08-20 16:05:28,608 - cuttingstock.core - INFO - Loaded order data from cache | Details: cache_path: cache\order.db
2025-08-20 16:05:28,621 - cuttingstock.core - INFO - Loaded and sorted data successfully
2025-08-20 16:05:28,624 - cuttingstock.core - INFO - Starting calculation process
2025-08-20 16:05:28,631 - cuttingstock.core - INFO - Loaded order data from cache | Details: cache_path: cache\order.db
2025-08-20 16:05:28,644 - cuttingstock.core - INFO - Loaded and sorted data successfully
2025-08-20 16:05:28,647 - cuttingstock.core - INFO - Starting calculation process
2025-08-20 16:05:28,654 - cuttingstock.core - INFO - Loaded order data from cache | Details: cache_path: cache\order.db
2025-08-20 16:05:28,667 - cuttingstock.core - INFO - Loaded and sorted data successfully
2025-08-20 16:05:28,830 - cuttingstock.core - INFO - Starting calculation process
2025-08-20 16:05:28,837 - cuttingstock.core - INFO - Loaded order data from cache | Details: cache_path: cache\order.db
2025-08-20 16:05:28,850 - cuttingstock.core - INFO - Loaded and sorted data successfully
2025-08-20 16:05:28,853 - cuttingstock.core - INFO - Starting calculation process
2025-08-20 16:05:28,859 - cuttingstock.core - INFO - Loaded order data from cache | Details: cache_path: cache\order.db
2025-08-20 16:05:28,872 - cuttingstock.core - INFO - Loaded and sorted data successfully
2025-08-20 16:05:28,875 - cuttingstock.core - INFO - Starting calculation process
2025-08-20 16:05:28,881 - cuttingstock.core - INFO - Loaded order data from cache | Details: cache_path: cache\order.db
2025-08-20 16:05:28,893 - cuttingstock.core - INFO - Loaded and sorted data successfully
2025-08-20 16:05:28,896 - cuttingstock.core - INFO - Starting calculation process
2025-08-20 16:05:28,902 - cuttingstock.core - INFO - Loaded order data from cache | Details: cache_path: cache\order.db
2025-08-20 16:05:28,914 - cuttingstock.core - INFO - Loaded and sorted data successfully
2025-08-20 16:05:28,917 - cuttingstock.core - INFO - Starting calculation process
2025-08-20 16:05:28,923 - cuttingstock.core - INFO - Loaded order data from cache | Details: cache_path: cache\order.db
2025-08-20 16:05:28,936 - cuttingstock.core - INFO - Loaded and sorted data successfully
2025-08-20 16:05:29,083 - cuttingstock.core - INFO - Starting calculation process
2025-08-20 16:05:29,090 - cuttingstock.core - INFO - Loaded order data from cache | Details: cache_path: cache\order.db
2025-08-20 16:05:29,103 - cuttingstock.core - INFO - Loaded and sorted data successfully
2025-08-20 16:05:29,106 - cuttingstock.core - INFO - Starting calculation process
2025-08-20 16:05:29,111 - cuttingstock.core - INFO - Loaded order data from cache | Details: cache_path: cache\order.db
2025-08-20 16:05:29,125 - cuttingstock.core - INFO - Loaded and sorted data successfully
2025-08-20 16:05:29,128 - cuttingstock.core - INFO - Starting calculation process
2025-08-20 16:05:29,135 - cuttingstock.core - INFO - Loaded order data from cache | Details: cache_path: cache\order.db
2025-08-20 16:05:29,152 - cuttingstock.core - INFO - Loaded and sorted data successfully
2025-08-20 16:05:29,155 - cuttingstock.core - INFO - Starting calculation process
2025-08-20 16:05:29,161 - cuttingstock.core - INFO - Loaded order data from cache | Details: cache_path: cache\order.db
2025-08-20 16:05:29,175 - cuttingstock.core - INFO - Loaded and sorted data successfully
2025-08-20 16:05:29,397 - cuttingstock.core - INFO - Starting calculation process
2025-08-20 16:05:29,403 - cuttingstock.core - INFO - Loaded order data from cache | Details: cache_path: cache\order.db
2025-08-20 16:05:29,416 - cuttingstock.core - INFO - Loaded and sorted data successfully
2025-08-20 16:05:29,420 - cuttingstock.core - INFO - Starting calculation process
2025-08-20 16:05:29,425 - cuttingstock.core - INFO - Loaded order data from cache | Details: cache_path: cache\order.db
2025-08-20 16:05:29,438 - cuttingstock.core - INFO - Loaded and sorted data successfully
2025-08-20 16:05:29,441 - cuttingstock.core - INFO - Starting calculation process
2025-08-20 16:05:29,447 - cuttingstock.core - INFO - Loaded order data from cache | Details: cache_path: cache\order.db
2025-08-20 16:05:29,459 - cuttingstock.core - INFO - Loaded and sorted data successfully
2025-08-20 16:05:29,595 - cuttingstock.core - INFO - Starting calculation process
2025-08-20 16:05:29,602 - cuttingstock.core - INFO - Loaded order data from cache | Details: cache_path: cache\order.db
2025-08-20 16:05:29,614 - cuttingstock.core - INFO - Loaded and sorted data successfully
2025-08-20 16:05:29,618 - cuttingstock.core - INFO - Starting calculation process
2025-08-20 16:05:29,624 - cuttingstock.core - INFO - Loaded order data from cache | Details: cache_path: cache\order.db
2025-08-20 16:05:29,638 - cuttingstock.core - INFO - Loaded and sorted data successfully
2025-08-20 16:05:29,641 - cuttingstock.core - INFO - Starting calculation process
2025-08-20 16:05:29,648 - cuttingstock.core - INFO - Loaded order data from cache | Details: cache_path: cache\order.db
2025-08-20 16:05:29,661 - cuttingstock.core - INFO - Loaded and sorted data successfully
2025-08-20 16:05:29,796 - cuttingstock.core - INFO - Starting calculation process
2025-08-20 16:05:29,803 - cuttingstock.core - INFO - Loaded order data from cache | Details: cache_path: cache\order.db
2025-08-20 16:05:29,815 - cuttingstock.core - INFO - Loaded and sorted data successfully
2025-08-20 16:05:29,819 - cuttingstock.core - INFO - Starting calculation process
2025-08-20 16:05:29,825 - cuttingstock.core - INFO - Loaded order data from cache | Details: cache_path: cache\order.db
2025-08-20 16:05:29,837 - cuttingstock.core - INFO - Loaded and sorted data successfully
2025-08-20 16:05:29,840 - cuttingstock.core - INFO - Starting calculation process
2025-08-20 16:05:29,846 - cuttingstock.core - INFO - Loaded order data from cache | Details: cache_path: cache\order.db
2025-08-20 16:05:29,858 - cuttingstock.core - INFO - Loaded and sorted data successfully
2025-08-20 16:05:29,861 - cuttingstock.core - INFO - Starting calculation process
2025-08-20 16:05:29,867 - cuttingstock.core - INFO - Loaded order data from cache | Details: cache_path: cache\order.db
2025-08-20 16:05:29,879 - cuttingstock.core - INFO - Loaded and sorted data successfully
2025-08-20 16:05:29,882 - cuttingstock.core - INFO - Starting calculation process
2025-08-20 16:05:29,888 - cuttingstock.core - INFO - Loaded order data from cache | Details: cache_path: cache\order.db
2025-08-20 16:05:29,900 - cuttingstock.core - INFO - Loaded and sorted data successfully
2025-08-20 16:05:29,903 - cuttingstock.core - INFO - Starting calculation process
2025-08-20 16:05:29,909 - cuttingstock.core - INFO - Loaded order data from cache | Details: cache_path: cache\order.db
2025-08-20 16:05:29,923 - cuttingstock.core - INFO - Loaded and sorted data successfully
2025-08-20 16:05:29,927 - cuttingstock.core - INFO - Starting calculation process
2025-08-20 16:05:29,934 - cuttingstock.core - INFO - Loaded order data from cache | Details: cache_path: cache\order.db
2025-08-20 16:05:29,946 - cuttingstock.core - INFO - Loaded and sorted data successfully
2025-08-20 16:05:29,951 - cuttingstock.core - INFO - Starting calculation process
2025-08-20 16:05:29,959 - cuttingstock.core - INFO - Loaded order data from cache | Details: cache_path: cache\order.db
2025-08-20 16:05:29,972 - cuttingstock.core - INFO - Loaded and sorted data successfully
2025-08-20 16:05:29,975 - cuttingstock.core - INFO - Starting calculation process
2025-08-20 16:05:29,981 - cuttingstock.core - INFO - Loaded order data from cache | Details: cache_path: cache\order.db
2025-08-20 16:05:29,992 - cuttingstock.core - INFO - Loaded and sorted data successfully
2025-08-20 16:05:30,120 - cuttingstock.core - INFO - Starting calculation process
2025-08-20 16:05:30,127 - cuttingstock.core - INFO - Loaded order data from cache | Details: cache_path: cache\order.db
2025-08-20 16:05:30,138 - cuttingstock.core - INFO - Loaded and sorted data successfully
2025-08-20 16:05:30,141 - cuttingstock.core - INFO - Starting calculation process
2025-08-20 16:05:30,147 - cuttingstock.core - INFO - Loaded order data from cache | Details: cache_path: cache\order.db
2025-08-20 16:05:30,158 - cuttingstock.core - INFO - Loaded and sorted data successfully
2025-08-20 16:05:30,161 - cuttingstock.core - INFO - Starting calculation process
2025-08-20 16:05:30,168 - cuttingstock.core - INFO - Loaded order data from cache | Details: cache_path: cache\order.db
2025-08-20 16:05:30,178 - cuttingstock.core - INFO - Loaded and sorted data successfully
2025-08-20 16:05:30,315 - cuttingstock.core - INFO - Starting calculation process
2025-08-20 16:05:30,321 - cuttingstock.core - INFO - Loaded order data from cache | Details: cache_path: cache\order.db
2025-08-20 16:05:30,332 - cuttingstock.core - INFO - Loaded and sorted data successfully
2025-08-20 16:05:30,467 - cuttingstock.core - INFO - Starting calculation process
2025-08-20 16:05:30,473 - cuttingstock.core - INFO - Loaded order data from cache | Details: cache_path: cache\order.db
2025-08-20 16:05:30,484 - cuttingstock.core - INFO - Loaded and sorted data successfully
2025-08-20 16:05:30,487 - cuttingstock.core - INFO - Starting calculation process
2025-08-20 16:05:30,493 - cuttingstock.core - INFO - Loaded order data from cache | Details: cache_path: cache\order.db
2025-08-20 16:05:30,504 - cuttingstock.core - INFO - Loaded and sorted data successfully
2025-08-20 16:05:30,507 - cuttingstock.core - INFO - Starting calculation process
2025-08-20 16:05:30,515 - cuttingstock.core - INFO - Loaded order data from cache | Details: cache_path: cache\order.db
2025-08-20 16:05:30,526 - cuttingstock.core - INFO - Loaded and sorted data successfully
2025-08-20 16:05:30,657 - cuttingstock.core - INFO - Starting calculation process
2025-08-20 16:05:30,663 - cuttingstock.core - INFO - Loaded order data from cache | Details: cache_path: cache\order.db
2025-08-20 16:05:30,675 - cuttingstock.core - INFO - Loaded and sorted data successfully
2025-08-20 16:05:30,831 - cuttingstock.core - INFO - Starting calculation process
2025-08-20 16:05:30,838 - cuttingstock.core - INFO - Loaded order data from cache | Details: cache_path: cache\order.db
2025-08-20 16:05:30,851 - cuttingstock.core - INFO - Loaded and sorted data successfully
2025-08-20 16:05:31,015 - cuttingstock.core - INFO - Starting calculation process
2025-08-20 16:05:31,021 - cuttingstock.core - INFO - Loaded order data from cache | Details: cache_path: cache\order.db
2025-08-20 16:05:31,034 - cuttingstock.core - INFO - Loaded and sorted data successfully
2025-08-20 16:05:31,037 - cuttingstock.core - INFO - Starting calculation process
2025-08-20 16:05:31,043 - cuttingstock.core - INFO - Loaded order data from cache | Details: cache_path: cache\order.db
2025-08-20 16:05:31,056 - cuttingstock.core - INFO - Loaded and sorted data successfully
2025-08-20 16:05:31,059 - cuttingstock.core - INFO - Starting calculation process
2025-08-20 16:05:31,065 - cuttingstock.core - INFO - Loaded order data from cache | Details: cache_path: cache\order.db
2025-08-20 16:05:31,079 - cuttingstock.core - INFO - Loaded and sorted data successfully
2025-08-20 16:05:31,083 - cuttingstock.core - INFO - Starting calculation process
2025-08-20 16:05:31,089 - cuttingstock.core - INFO - Loaded order data from cache | Details: cache_path: cache\order.db
2025-08-20 16:05:31,103 - cuttingstock.core - INFO - Loaded and sorted data successfully
2025-08-20 16:05:31,106 - cuttingstock.core - INFO - Starting calculation process
2025-08-20 16:05:31,113 - cuttingstock.core - INFO - Loaded order data from cache | Details: cache_path: cache\order.db
2025-08-20 16:05:31,127 - cuttingstock.core - INFO - Loaded and sorted data successfully
2025-08-20 16:05:31,130 - cuttingstock.core - INFO - Starting calculation process
2025-08-20 16:05:31,137 - cuttingstock.core - INFO - Loaded order data from cache | Details: cache_path: cache\order.db
2025-08-20 16:05:31,149 - cuttingstock.core - INFO - Loaded and sorted data successfully
2025-08-20 16:05:31,327 - cuttingstock.core - INFO - Starting calculation process
2025-08-20 16:05:31,333 - cuttingstock.core - INFO - Loaded order data from cache | Details: cache_path: cache\order.db
2025-08-20 16:05:31,345 - cuttingstock.core - INFO - Loaded and sorted data successfully
2025-08-20 16:05:31,501 - cuttingstock.core - INFO - Starting calculation process
2025-08-20 16:05:31,508 - cuttingstock.core - INFO - Loaded order data from cache | Details: cache_path: cache\order.db
2025-08-20 16:05:31,521 - cuttingstock.core - INFO - Loaded and sorted data successfully
2025-08-20 16:05:31,524 - cuttingstock.core - INFO - Starting calculation process
2025-08-20 16:05:31,530 - cuttingstock.core - INFO - Loaded order data from cache | Details: cache_path: cache\order.db
2025-08-20 16:05:31,541 - cuttingstock.core - INFO - Loaded and sorted data successfully
2025-08-20 16:05:31,544 - cuttingstock.core - INFO - Starting calculation process
2025-08-20 16:05:31,553 - cuttingstock.core - INFO - Loaded order data from cache | Details: cache_path: cache\order.db
2025-08-20 16:05:31,566 - cuttingstock.core - INFO - Loaded and sorted data successfully
2025-08-20 16:05:31,570 - cuttingstock.core - INFO - Starting calculation process
2025-08-20 16:05:31,576 - cuttingstock.core - INFO - Loaded order data from cache | Details: cache_path: cache\order.db
2025-08-20 16:05:31,590 - cuttingstock.core - INFO - Loaded and sorted data successfully
2025-08-20 16:05:31,733 - cuttingstock.core - INFO - Starting calculation process
2025-08-20 16:05:31,740 - cuttingstock.core - INFO - Loaded order data from cache | Details: cache_path: cache\order.db
2025-08-20 16:05:31,751 - cuttingstock.core - INFO - Loaded and sorted data successfully
2025-08-22 13:01:08,006 - cuttingstock.core - INFO - Starting calculation process
2025-08-22 13:01:08,110 - cuttingstock.core - INFO - Loaded order data from cache | Details: cache_path: cache\order.db
2025-08-22 13:01:08,130 - cuttingstock.core - INFO - Loaded and sorted data successfully
2025-08-22 13:01:08,909 - cuttingstock.core - ERROR - Out of stock: Not enough stock length available for material. | Details: width: 82, material: CM127, required_length: 502.95311379310346, material_specs: {'demand': 1380, 'front': 'KS231 ', 'middle': 'CM127 ', 'back': ' KB160', 'c': 'CM127 ', 'b': 'CM127 ', 'die_cut': 1, 'c_type': 'C', 'b_type': 'B'}, known_out_of_stock: []
2025-08-22 13:01:08,909 - cuttingstock.core - INFO - Out of stock, awaiting user interaction. | Details: width: 82, material: CM127, required_length: 502.95311379310346, material_specs: {'demand': 1380, 'front': 'KS231 ', 'middle': 'CM127 ', 'back': ' KB160', 'c': 'CM127 ', 'b': 'CM127 ', 'die_cut': 1, 'c_type': 'C', 'b_type': 'B'}
2025-08-22 13:01:21,445 - cuttingstock.core - INFO - User provided material substitution. | Details: original_specs: {'demand': 1380, 'front': 'KS231 ', 'middle': 'CM127 ', 'back': ' KB160', 'c': 'CM127 ', 'b': 'CM127 ', 'die_cut': 1, 'c_type': 'C', 'b_type': 'B'}, new_specs: {'demand': 1380, 'front': 'KS231', 'middle': 'CM112', 'back': 'KB160', 'c': 'CM112', 'b': 'CM112', 'die_cut': 1, 'c_type': 'C', 'b_type': 'B'}, changes: {'front': 'KS231', 'middle': 'CM112', 'back': 'KB160', 'c': 'CM112', 'b': 'CM112'}
2025-08-22 13:01:35,119 - cuttingstock.core - ERROR - Out of stock: Not enough stock length available for material. | Details: width: 82, material: CM112, required_length: 724.8022068965516, material_specs: {'demand': 1380, 'front': 'KS231', 'middle': 'CM112', 'back': 'KB160', 'c': 'CM112', 'b': 'CM112', 'die_cut': 1, 'c_type': 'C', 'b_type': 'B'}, known_out_of_stock: []
2025-08-22 13:01:35,120 - cuttingstock.core - INFO - Out of stock, awaiting user interaction. | Details: width: 82, material: CM112, required_length: 724.8022068965516, material_specs: {'demand': 1380, 'front': 'KS231', 'middle': 'CM112', 'back': 'KB160', 'c': 'CM112', 'b': 'CM112', 'die_cut': 1, 'c_type': 'C', 'b_type': 'B'}
2025-08-22 13:01:44,667 - cuttingstock.core - INFO - User provided material substitution. | Details: original_specs: {'demand': 1380, 'front': 'KS231', 'middle': 'CM112', 'back': 'KB160', 'c': 'CM112', 'b': 'CM112', 'die_cut': 1, 'c_type': 'C', 'b_type': 'B'}, new_specs: {'demand': 1380, 'front': 'KS231', 'middle': 'CM127', 'back': 'KB160', 'c': 'CM127', 'b': 'CM127', 'die_cut': 1, 'c_type': 'C', 'b_type': 'B'}, changes: {'middle': 'CM127', 'c': 'CM127', 'b': 'CM127'}
2025-08-22 13:01:44,670 - cuttingstock.core - ERROR - Out of stock: Not enough stock length available for material. | Details: width: 82, material: CM127, required_length: 978.4829793103448, material_specs: {'demand': 1380, 'front': 'KS231', 'middle': 'CM127', 'back': 'KB160', 'c': 'CM127', 'b': 'CM127', 'die_cut': 1, 'c_type': 'C', 'b_type': 'B'}, known_out_of_stock: [('82', 'CM112')]
2025-08-22 13:01:44,671 - cuttingstock.core - INFO - Out of stock, awaiting user interaction. | Details: width: 82, material: CM127, required_length: 978.4829793103448, material_specs: {'demand': 1380, 'front': 'KS231', 'middle': 'CM127', 'back': 'KB160', 'c': 'CM127', 'b': 'CM127', 'die_cut': 1, 'c_type': 'C', 'b_type': 'B'}
2025-08-22 13:01:51,668 - cuttingstock.core - INFO - User provided material substitution. | Details: original_specs: {'demand': 1380, 'front': 'KS231', 'middle': 'CM127', 'back': 'KB160', 'c': 'CM127', 'b': 'CM127', 'die_cut': 1, 'c_type': 'C', 'b_type': 'B'}, new_specs: {'demand': 1380, 'front': 'KS231', 'middle': 'CM190', 'back': 'KB160', 'c': 'CM190', 'b': 'CM127', 'die_cut': 1, 'c_type': 'C', 'b_type': 'B'}, changes: {'middle': 'CM190', 'c': 'CM190'}
2025-08-22 13:01:59,601 - cuttingstock.core - ERROR - Out of stock: Not enough stock length available for material. | Details: width: 82, material: CM127, required_length: 884.3725241379311, material_specs: {'demand': 1380, 'front': 'KS231', 'middle': 'CM190', 'back': 'KB160', 'c': 'CM190', 'b': 'CM127', 'die_cut': 1, 'c_type': 'C', 'b_type': 'B'}, known_out_of_stock: []
2025-08-22 13:01:59,602 - cuttingstock.core - INFO - Out of stock, awaiting user interaction. | Details: width: 82, material: CM127, required_length: 884.3725241379311, material_specs: {'demand': 1380, 'front': 'KS231', 'middle': 'CM190', 'back': 'KB160', 'c': 'CM190', 'b': 'CM127', 'die_cut': 1, 'c_type': 'C', 'b_type': 'B'}
2025-08-22 13:02:11,141 - cuttingstock.core - INFO - User provided material substitution. | Details: original_specs: {'demand': 1380, 'front': 'KS231', 'middle': 'CM190', 'back': 'KB160', 'c': 'CM190', 'b': 'CM127', 'die_cut': 1, 'c_type': 'C', 'b_type': 'B'}, new_specs: {'demand': 1380, 'front': 'KS231', 'middle': 'CM190', 'back': 'KB160', 'c': 'CM190', 'b': 'CM112', 'die_cut': 1, 'c_type': 'C', 'b_type': 'B'}, changes: {'b': 'CM112'}
2025-08-22 13:02:11,636 - cuttingstock.core - ERROR - Out of stock: Not enough stock length available for material. | Details: width: 82, material: KB160, required_length: 276.5938620689655, material_specs: {'demand': 1380, 'front': 'KS231', 'middle': 'CM190', 'back': 'KB160', 'c': 'CM190', 'b': 'CM112', 'die_cut': 1, 'c_type': 'C', 'b_type': 'B'}, known_out_of_stock: []
2025-08-22 13:02:11,637 - cuttingstock.core - INFO - Out of stock, awaiting user interaction. | Details: width: 82, material: KB160, required_length: 276.5938620689655, material_specs: {'demand': 1380, 'front': 'KS231', 'middle': 'CM190', 'back': 'KB160', 'c': 'CM190', 'b': 'CM112', 'die_cut': 1, 'c_type': 'C', 'b_type': 'B'}
2025-08-22 13:02:16,501 - cuttingstock.core - INFO - User provided material substitution. | Details: original_specs: {'demand': 1380, 'front': 'KS231', 'middle': 'CM190', 'back': 'KB160', 'c': 'CM190', 'b': 'CM112', 'die_cut': 1, 'c_type': 'C', 'b_type': 'B'}, new_specs: {'demand': 1380, 'front': 'KS231', 'middle': 'CM190', 'back': 'KS161', 'c': 'CM190', 'b': 'CM112', 'die_cut': 1, 'c_type': 'C', 'b_type': 'B'}, changes: {'back': 'KS161'}
2025-08-22 13:02:17,045 - cuttingstock.core - ERROR - Out of stock: Not enough stock length available for material. | Details: width: 82, material: CM112, required_length: 814.5109551724138, material_specs: {'demand': 1380, 'front': 'KS231', 'middle': 'CM190', 'back': 'KS161', 'c': 'CM190', 'b': 'CM112', 'die_cut': 1, 'c_type': 'C', 'b_type': 'B'}, known_out_of_stock: []
2025-08-22 13:02:17,045 - cuttingstock.core - INFO - Out of stock, awaiting user interaction. | Details: width: 82, material: CM112, required_length: 814.5109551724138, material_specs: {'demand': 1380, 'front': 'KS231', 'middle': 'CM190', 'back': 'KS161', 'c': 'CM190', 'b': 'CM112', 'die_cut': 1, 'c_type': 'C', 'b_type': 'B'}
2025-08-22 13:02:21,828 - cuttingstock.core - INFO - User provided material substitution. | Details: original_specs: {'demand': 1380, 'front': 'KS231', 'middle': 'CM190', 'back': 'KS161', 'c': 'CM190', 'b': 'CM112', 'die_cut': 1, 'c_type': 'C', 'b_type': 'B'}, new_specs: {'demand': 1380, 'front': 'KS231', 'middle': 'CM190', 'back': 'KS161', 'c': 'CM190', 'b': 'CM127', 'die_cut': 1, 'c_type': 'C', 'b_type': 'B'}, changes: {'b': 'CM127'}
2025-08-22 13:02:21,832 - cuttingstock.core - ERROR - Out of stock: Not enough stock length available for material. | Details: width: 82, material: CM127, required_length: 814.5109551724138, material_specs: {'demand': 1380, 'front': 'KS231', 'middle': 'CM190', 'back': 'KS161', 'c': 'CM190', 'b': 'CM127', 'die_cut': 1, 'c_type': 'C', 'b_type': 'B'}, known_out_of_stock: [('82', 'CM112')]
2025-08-22 13:02:21,832 - cuttingstock.core - INFO - Out of stock, awaiting user interaction. | Details: width: 82, material: CM127, required_length: 814.5109551724138, material_specs: {'demand': 1380, 'front': 'KS231', 'middle': 'CM190', 'back': 'KS161', 'c': 'CM190', 'b': 'CM127', 'die_cut': 1, 'c_type': 'C', 'b_type': 'B'}
2025-08-22 13:02:25,586 - cuttingstock.core - INFO - User provided material substitution. | Details: original_specs: {'demand': 1380, 'front': 'KS231', 'middle': 'CM190', 'back': 'KS161', 'c': 'CM190', 'b': 'CM127', 'die_cut': 1, 'c_type': 'C', 'b_type': 'B'}, new_specs: {'demand': 1380, 'front': 'KS231', 'middle': 'CM190', 'back': 'KS161', 'c': 'CM190', 'b': 'CM190', 'die_cut': 1, 'c_type': 'C', 'b_type': 'B'}, changes: {'b': 'CM190'}
2025-08-22 13:02:26,734 - cuttingstock.core - ERROR - Out of stock: Not enough stock length available for material. | Details: width: 82, material: CM190, required_length: 436.28517241379313, material_specs: {'demand': 1380, 'front': 'KS231', 'middle': 'CM190', 'back': 'KS161', 'c': 'CM190', 'b': 'CM190', 'die_cut': 1, 'c_type': 'C', 'b_type': 'B'}, known_out_of_stock: []
2025-08-22 13:02:26,734 - cuttingstock.core - INFO - Out of stock, awaiting user interaction. | Details: width: 82, material: CM190, required_length: 436.28517241379313, material_specs: {'demand': 1380, 'front': 'KS231', 'middle': 'CM190', 'back': 'KS161', 'c': 'CM190', 'b': 'CM190', 'die_cut': 1, 'c_type': 'C', 'b_type': 'B'}
2025-08-22 13:02:42,627 - cuttingstock.core - INFO - User provided material substitution. | Details: original_specs: {'demand': 1380, 'front': 'KS231', 'middle': 'CM190', 'back': 'KS161', 'c': 'CM190', 'b': 'CM190', 'die_cut': 1, 'c_type': 'C', 'b_type': 'B'}, new_specs: {'demand': 1380, 'front': 'KS231', 'middle': 'CME150', 'back': 'KS161', 'c': 'CME150', 'b': 'CME150', 'die_cut': 1, 'c_type': 'C', 'b_type': 'B'}, changes: {'middle': 'CME150', 'c': 'CME150', 'b': 'CME150'}
2025-08-22 13:02:47,234 - cuttingstock.core - ERROR - Out of stock: Not enough stock length available for material. | Details: width: 82, material: CME150, required_length: 501.1444862068966, material_specs: {'demand': 1380, 'front': 'KS231', 'middle': 'CME150', 'back': 'KS161', 'c': 'CME150', 'b': 'CME150', 'die_cut': 1, 'c_type': 'C', 'b_type': 'B'}, known_out_of_stock: []
2025-08-22 13:02:47,234 - cuttingstock.core - INFO - Out of stock, awaiting user interaction. | Details: width: 82, material: CME150, required_length: 501.1444862068966, material_specs: {'demand': 1380, 'front': 'KS231', 'middle': 'CME150', 'back': 'KS161', 'c': 'CME150', 'b': 'CME150', 'die_cut': 1, 'c_type': 'C', 'b_type': 'B'}
2025-08-22 13:03:09,434 - cuttingstock.core - INFO - User provided material substitution. | Details: original_specs: {'demand': 1380, 'front': 'KS231', 'middle': 'CME150', 'back': 'KS161', 'c': 'CME150', 'b': 'CME150', 'die_cut': 1, 'c_type': 'C', 'b_type': 'B'}, new_specs: {'demand': 1380, 'front': 'KS231', 'middle': 'CME100', 'back': 'KS161', 'c': 'CME100', 'b': 'CME150', 'die_cut': 1, 'c_type': 'C', 'b_type': 'B'}, changes: {'middle': 'CME100', 'c': 'CME100'}
2025-08-22 13:03:10,362 - cuttingstock.core - ERROR - Out of stock: Not enough stock length available for material. | Details: width: 82, material: CME100, required_length: 177.04075862068964, material_specs: {'demand': 1380, 'front': 'KS231', 'middle': 'CME100', 'back': 'KS161', 'c': 'CME100', 'b': 'CME150', 'die_cut': 1, 'c_type': 'C', 'b_type': 'B'}, known_out_of_stock: []
2025-08-22 13:03:10,362 - cuttingstock.core - INFO - Out of stock, awaiting user interaction. | Details: width: 82, material: CME100, required_length: 177.04075862068964, material_specs: {'demand': 1380, 'front': 'KS231', 'middle': 'CME100', 'back': 'KS161', 'c': 'CME100', 'b': 'CME150', 'die_cut': 1, 'c_type': 'C', 'b_type': 'B'}
2025-08-22 13:03:17,330 - cuttingstock.core - INFO - User provided material substitution. | Details: original_specs: {'demand': 1380, 'front': 'KS231', 'middle': 'CME100', 'back': 'KS161', 'c': 'CME100', 'b': 'CME150', 'die_cut': 1, 'c_type': 'C', 'b_type': 'B'}, new_specs: {'demand': 1380, 'front': 'KS231', 'middle': 'CME150', 'back': 'KS161', 'c': 'CM190', 'b': 'CME150', 'die_cut': 1, 'c_type': 'C', 'b_type': 'B'}, changes: {'middle': 'CME150', 'c': 'CM190'}
2025-08-22 13:03:18,583 - cuttingstock.core - ERROR - Out of stock: Not enough stock length available for material. | Details: width: 82, material: CME150, required_length: 499.87979310344826, material_specs: {'demand': 1380, 'front': 'KS231', 'middle': 'CME150', 'back': 'KS161', 'c': 'CM190', 'b': 'CME150', 'die_cut': 1, 'c_type': 'C', 'b_type': 'B'}, known_out_of_stock: []
2025-08-22 13:03:18,583 - cuttingstock.core - INFO - Out of stock, awaiting user interaction. | Details: width: 82, material: CME150, required_length: 499.87979310344826, material_specs: {'demand': 1380, 'front': 'KS231', 'middle': 'CME150', 'back': 'KS161', 'c': 'CM190', 'b': 'CME150', 'die_cut': 1, 'c_type': 'C', 'b_type': 'B'}
2025-08-22 13:03:28,450 - cuttingstock.core - INFO - User provided material substitution. | Details: original_specs: {'demand': 1380, 'front': 'KS231', 'middle': 'CME150', 'back': 'KS161', 'c': 'CM190', 'b': 'CME150', 'die_cut': 1, 'c_type': 'C', 'b_type': 'B'}, new_specs: {'demand': 1380, 'front': 'KS231', 'middle': 'CM127', 'back': 'KS161', 'c': 'CM127', 'b': 'CM127', 'die_cut': 1, 'c_type': 'C', 'b_type': 'B'}, changes: {'middle': 'CM127', 'c': 'CM127', 'b': 'CM127'}
2025-08-22 13:03:28,453 - cuttingstock.core - ERROR - Out of stock: Not enough stock length available for material. | Details: width: 82, material: CM127, required_length: 724.8257, material_specs: {'demand': 1380, 'front': 'KS231', 'middle': 'CM127', 'back': 'KS161', 'c': 'CM127', 'b': 'CM127', 'die_cut': 1, 'c_type': 'C', 'b_type': 'B'}, known_out_of_stock: [('82', 'CME150')]
2025-08-22 13:03:28,453 - cuttingstock.core - INFO - Out of stock, awaiting user interaction. | Details: width: 82, material: CM127, required_length: 724.8257, material_specs: {'demand': 1380, 'front': 'KS231', 'middle': 'CM127', 'back': 'KS161', 'c': 'CM127', 'b': 'CM127', 'die_cut': 1, 'c_type': 'C', 'b_type': 'B'}
2025-08-22 13:03:32,905 - cuttingstock.core - INFO - User provided material substitution. | Details: original_specs: {'demand': 1380, 'front': 'KS231', 'middle': 'CM127', 'back': 'KS161', 'c': 'CM127', 'b': 'CM127', 'die_cut': 1, 'c_type': 'C', 'b_type': 'B'}, new_specs: {'demand': 1380, 'front': 'KS231', 'middle': 'CM112', 'back': 'KS161', 'c': 'CM112', 'b': 'CM112', 'die_cut': 1, 'c_type': 'C', 'b_type': 'B'}, changes: {'middle': 'CM112', 'c': 'CM112', 'b': 'CM112'}
2025-08-22 13:03:32,908 - cuttingstock.core - ERROR - Out of stock: Not enough stock length available for material. | Details: width: 82, material: CM112, required_length: 724.8257, material_specs: {'demand': 1380, 'front': 'KS231', 'middle': 'CM112', 'back': 'KS161', 'c': 'CM112', 'b': 'CM112', 'die_cut': 1, 'c_type': 'C', 'b_type': 'B'}, known_out_of_stock: [('82', 'CME150'), ('82', 'CM127')]
2025-08-22 13:03:32,909 - cuttingstock.core - INFO - Out of stock, awaiting user interaction. | Details: width: 82, material: CM112, required_length: 724.8257, material_specs: {'demand': 1380, 'front': 'KS231', 'middle': 'CM112', 'back': 'KS161', 'c': 'CM112', 'b': 'CM112', 'die_cut': 1, 'c_type': 'C', 'b_type': 'B'}
2025-08-22 13:03:39,643 - cuttingstock.core - INFO - User provided material substitution. | Details: original_specs: {'demand': 1380, 'front': 'KS231', 'middle': 'CM112', 'back': 'KS161', 'c': 'CM112', 'b': 'CM112', 'die_cut': 1, 'c_type': 'C', 'b_type': 'B'}, new_specs: {'demand': 1380, 'front': 'KS231', 'middle': 'CM190', 'back': 'KS161', 'c': 'CM190', 'b': 'CM190', 'die_cut': 1, 'c_type': 'C', 'b_type': 'B'}, changes: {'middle': 'CM190', 'c': 'CM190', 'b': 'CM190'}
2025-08-22 13:03:40,516 - cuttingstock.core - ERROR - Out of stock: Not enough stock length available for material. | Details: width: 82, material: CM190, required_length: 395.1307, material_specs: {'demand': 1380, 'front': 'KS231', 'middle': 'CM190', 'back': 'KS161', 'c': 'CM190', 'b': 'CM190', 'die_cut': 1, 'c_type': 'C', 'b_type': 'B'}, known_out_of_stock: []
2025-08-22 13:03:40,516 - cuttingstock.core - INFO - Out of stock, awaiting user interaction. | Details: width: 82, material: CM190, required_length: 395.1307, material_specs: {'demand': 1380, 'front': 'KS231', 'middle': 'CM190', 'back': 'KS161', 'c': 'CM190', 'b': 'CM190', 'die_cut': 1, 'c_type': 'C', 'b_type': 'B'}
2025-08-22 13:03:43,738 - cuttingstock.core - INFO - User provided material substitution. | Details: original_specs: {'demand': 1380, 'front': 'KS231', 'middle': 'CM190', 'back': 'KS161', 'c': 'CM190', 'b': 'CM190', 'die_cut': 1, 'c_type': 'C', 'b_type': 'B'}, new_specs: {'demand': 1380, 'front': 'KS231', 'middle': 'CME100', 'back': 'KS161', 'c': 'CME100', 'b': 'CM190', 'die_cut': 1, 'c_type': 'C', 'b_type': 'B'}, changes: {'middle': 'CME100', 'c': 'CME100'}
2025-08-22 13:03:43,742 - cuttingstock.core - ERROR - Out of stock: Not enough stock length available for material. | Details: width: 82, material: CM190, required_length: 367.88030689655176, material_specs: {'demand': 1380, 'front': 'KS231', 'middle': 'CME100', 'back': 'KS161', 'c': 'CME100', 'b': 'CM190', 'die_cut': 1, 'c_type': 'C', 'b_type': 'B'}, known_out_of_stock: [('82', 'CM190')]
2025-08-22 13:03:43,743 - cuttingstock.core - INFO - Out of stock, awaiting user interaction. | Details: width: 82, material: CM190, required_length: 367.88030689655176, material_specs: {'demand': 1380, 'front': 'KS231', 'middle': 'CME100', 'back': 'KS161', 'c': 'CME100', 'b': 'CM190', 'die_cut': 1, 'c_type': 'C', 'b_type': 'B'}
2025-08-22 13:03:46,329 - cuttingstock.core - INFO - User provided material substitution. | Details: original_specs: {'demand': 1380, 'front': 'KS231', 'middle': 'CME100', 'back': 'KS161', 'c': 'CME100', 'b': 'CM190', 'die_cut': 1, 'c_type': 'C', 'b_type': 'B'}, new_specs: {'demand': 1380, 'front': 'KS231', 'middle': 'CME100', 'back': 'KS161', 'c': 'CME100', 'b': 'CME100', 'die_cut': 1, 'c_type': 'C', 'b_type': 'B'}, changes: {'b': 'CME100'}
2025-08-22 13:03:46,333 - cuttingstock.core - ERROR - Out of stock: Not enough stock length available for material. | Details: width: 82, material: CME100, required_length: 367.88030689655176, material_specs: {'demand': 1380, 'front': 'KS231', 'middle': 'CME100', 'back': 'KS161', 'c': 'CME100', 'b': 'CME100', 'die_cut': 1, 'c_type': 'C', 'b_type': 'B'}, known_out_of_stock: [('82', 'CM190'), ('82', 'CM190')]
2025-08-22 13:03:46,333 - cuttingstock.core - INFO - Out of stock, awaiting user interaction. | Details: width: 82, material: CME100, required_length: 367.88030689655176, material_specs: {'demand': 1380, 'front': 'KS231', 'middle': 'CME100', 'back': 'KS161', 'c': 'CME100', 'b': 'CME100', 'die_cut': 1, 'c_type': 'C', 'b_type': 'B'}
2025-08-22 13:03:53,770 - cuttingstock.core - INFO - User provided material substitution. | Details: original_specs: {'demand': 1380, 'front': 'KS231', 'middle': 'CME100', 'back': 'KS161', 'c': 'CME100', 'b': 'CME100', 'die_cut': 1, 'c_type': 'C', 'b_type': 'B'}, new_specs: {'demand': 1380, 'front': 'KS231', 'middle': 'CME150', 'back': 'KS161', 'c': 'CME150', 'b': 'CME100', 'die_cut': 1, 'c_type': 'C', 'b_type': 'B'}, changes: {'middle': 'CME150', 'c': 'CME150'}
2025-08-22 13:03:57,253 - cuttingstock.core - ERROR - Out of stock: Not enough stock length available for material. | Details: width: 82, material: CME150, required_length: 543.2721379310345, material_specs: {'demand': 1380, 'front': 'KS231', 'middle': 'CME150', 'back': 'KS161', 'c': 'CME150', 'b': 'CME100', 'die_cut': 1, 'c_type': 'C', 'b_type': 'B'}, known_out_of_stock: []
2025-08-22 13:03:57,253 - cuttingstock.core - INFO - Out of stock, awaiting user interaction. | Details: width: 82, material: CME150, required_length: 543.2721379310345, material_specs: {'demand': 1380, 'front': 'KS231', 'middle': 'CME150', 'back': 'KS161', 'c': 'CME150', 'b': 'CME100', 'die_cut': 1, 'c_type': 'C', 'b_type': 'B'}
2025-08-22 13:04:01,778 - cuttingstock.core - INFO - User provided material substitution. | Details: original_specs: {'demand': 1380, 'front': 'KS231', 'middle': 'CME150', 'back': 'KS161', 'c': 'CME150', 'b': 'CME100', 'die_cut': 1, 'c_type': 'C', 'b_type': 'B'}, new_specs: {'demand': 1380, 'front': 'KS231', 'middle': 'KA150', 'back': 'KS161', 'c': 'KA150', 'b': 'CME100', 'die_cut': 1, 'c_type': 'C', 'b_type': 'B'}, changes: {'middle': 'KA150', 'c': 'KA150'}
2025-08-22 13:04:04,972 - cuttingstock.core - ERROR - Out of stock: Not enough stock length available for material. | Details: width: 82, material: CME100, required_length: 1473.8643620689656, material_specs: {'demand': 1380, 'front': 'KS231', 'middle': 'KA150', 'back': 'KS161', 'c': 'KA150', 'b': 'CME100', 'die_cut': 1, 'c_type': 'C', 'b_type': 'B'}, known_out_of_stock: []
2025-08-22 13:04:04,972 - cuttingstock.core - INFO - Out of stock, awaiting user interaction. | Details: width: 82, material: CME100, required_length: 1473.8643620689656, material_specs: {'demand': 1380, 'front': 'KS231', 'middle': 'KA150', 'back': 'KS161', 'c': 'KA150', 'b': 'CME100', 'die_cut': 1, 'c_type': 'C', 'b_type': 'B'}
2025-08-22 13:04:07,409 - cuttingstock.core - INFO - User provided material substitution. | Details: original_specs: {'demand': 1380, 'front': 'KS231', 'middle': 'KA150', 'back': 'KS161', 'c': 'KA150', 'b': 'CME100', 'die_cut': 1, 'c_type': 'C', 'b_type': 'B'}, new_specs: {'demand': 1380, 'front': 'KS231', 'middle': 'KA150', 'back': 'KS161', 'c': 'KA150', 'b': 'CME150', 'die_cut': 1, 'c_type': 'C', 'b_type': 'B'}, changes: {'b': 'CME150'}
2025-08-22 13:04:07,414 - cuttingstock.core - ERROR - Out of stock: Not enough stock length available for material. | Details: width: 82, material: CME150, required_length: 1473.8643620689656, material_specs: {'demand': 1380, 'front': 'KS231', 'middle': 'KA150', 'back': 'KS161', 'c': 'KA150', 'b': 'CME150', 'die_cut': 1, 'c_type': 'C', 'b_type': 'B'}, known_out_of_stock: [('82', 'CME100')]
2025-08-22 13:04:07,414 - cuttingstock.core - INFO - Out of stock, awaiting user interaction. | Details: width: 82, material: CME150, required_length: 1473.8643620689656, material_specs: {'demand': 1380, 'front': 'KS231', 'middle': 'KA150', 'back': 'KS161', 'c': 'KA150', 'b': 'CME150', 'die_cut': 1, 'c_type': 'C', 'b_type': 'B'}
2025-08-22 13:04:10,376 - cuttingstock.core - INFO - User provided material substitution. | Details: original_specs: {'demand': 1380, 'front': 'KS231', 'middle': 'KA150', 'back': 'KS161', 'c': 'KA150', 'b': 'CME150', 'die_cut': 1, 'c_type': 'C', 'b_type': 'B'}, new_specs: {'demand': 1380, 'front': 'KS231', 'middle': 'KA150', 'back': 'KS161', 'c': 'KA150', 'b': 'KA150', 'die_cut': 1, 'c_type': 'C', 'b_type': 'B'}, changes: {'b': 'KA150'}
2025-08-22 13:04:14,209 - cuttingstock.core - INFO - Starting calculation process
2025-08-22 13:04:14,222 - cuttingstock.core - INFO - Loaded order data from cache | Details: cache_path: cache\order.db
2025-08-22 13:04:14,243 - cuttingstock.core - INFO - Loaded and sorted data successfully
2025-08-22 13:04:14,246 - cuttingstock.core - INFO - Starting calculation process
2025-08-22 13:04:14,256 - cuttingstock.core - INFO - Loaded order data from cache | Details: cache_path: cache\order.db
2025-08-22 13:04:14,268 - cuttingstock.core - INFO - Loaded and sorted data successfully
2025-08-22 13:04:14,271 - cuttingstock.core - INFO - Starting calculation process
2025-08-22 13:04:14,282 - cuttingstock.core - INFO - Loaded order data from cache | Details: cache_path: cache\order.db
2025-08-22 13:04:14,293 - cuttingstock.core - INFO - Loaded and sorted data successfully
2025-08-22 13:04:14,298 - cuttingstock.core - INFO - Starting calculation process
2025-08-22 13:04:14,310 - cuttingstock.core - INFO - Loaded order data from cache | Details: cache_path: cache\order.db
2025-08-22 13:04:14,321 - cuttingstock.core - INFO - Loaded and sorted data successfully
2025-08-22 13:04:14,328 - cuttingstock.core - INFO - Starting calculation process
2025-08-22 13:04:14,341 - cuttingstock.core - INFO - Loaded order data from cache | Details: cache_path: cache\order.db
2025-08-22 13:04:14,352 - cuttingstock.core - INFO - Loaded and sorted data successfully
2025-08-22 13:04:14,355 - cuttingstock.core - INFO - Starting calculation process
2025-08-22 13:04:14,373 - cuttingstock.core - INFO - Loaded order data from cache | Details: cache_path: cache\order.db
2025-08-22 13:04:14,385 - cuttingstock.core - INFO - Loaded and sorted data successfully
2025-08-22 13:04:14,390 - cuttingstock.core - INFO - Starting calculation process
2025-08-22 13:04:14,401 - cuttingstock.core - INFO - Loaded order data from cache | Details: cache_path: cache\order.db
2025-08-22 13:04:14,413 - cuttingstock.core - INFO - Loaded and sorted data successfully
2025-08-22 13:04:14,742 - cuttingstock.core - ERROR - Out of stock: Not enough stock length available for material. | Details: width: 82, material: CM127, required_length: 901.7899, material_specs: {'demand': 2000, 'front': 'KS161 ', 'middle': 'CM127 ', 'back': ' KB160', 'c': 'CM127 ', 'b': 'CM127 ', 'die_cut': 1, 'c_type': 'C', 'b_type': 'B'}, known_out_of_stock: []
2025-08-22 13:04:14,742 - cuttingstock.core - INFO - Out of stock, awaiting user interaction. | Details: width: 82, material: CM127, required_length: 901.7899, material_specs: {'demand': 2000, 'front': 'KS161 ', 'middle': 'CM127 ', 'back': ' KB160', 'c': 'CM127 ', 'b': 'CM127 ', 'die_cut': 1, 'c_type': 'C', 'b_type': 'B'}
2025-08-22 13:04:28,096 - cuttingstock.core - INFO - User provided material substitution. | Details: original_specs: {'demand': 2000, 'front': 'KS161 ', 'middle': 'CM127 ', 'back': ' KB160', 'c': 'CM127 ', 'b': 'CM127 ', 'die_cut': 1, 'c_type': 'C', 'b_type': 'B'}, new_specs: {'demand': 2000, 'front': 'KS161', 'middle': 'CM112', 'back': 'KB160', 'c': 'CM112', 'b': 'CM127', 'die_cut': 1, 'c_type': 'C', 'b_type': 'B'}, changes: {'front': 'KS161', 'middle': 'CM112', 'back': 'KB160', 'c': 'CM112', 'b': 'CM127'}
2025-08-22 13:04:28,099 - cuttingstock.core - ERROR - Out of stock: Not enough stock length available for material. | Details: width: 82, material: CM112, required_length: 901.7899, material_specs: {'demand': 2000, 'front': 'KS161', 'middle': 'CM112', 'back': 'KB160', 'c': 'CM112', 'b': 'CM127', 'die_cut': 1, 'c_type': 'C', 'b_type': 'B'}, known_out_of_stock: [('82', 'CM127')]
2025-08-22 13:04:28,099 - cuttingstock.core - INFO - Out of stock, awaiting user interaction. | Details: width: 82, material: CM112, required_length: 901.7899, material_specs: {'demand': 2000, 'front': 'KS161', 'middle': 'CM112', 'back': 'KB160', 'c': 'CM112', 'b': 'CM127', 'die_cut': 1, 'c_type': 'C', 'b_type': 'B'}
2025-08-22 13:04:31,167 - cuttingstock.core - INFO - User provided material substitution. | Details: original_specs: {'demand': 2000, 'front': 'KS161', 'middle': 'CM112', 'back': 'KB160', 'c': 'CM112', 'b': 'CM127', 'die_cut': 1, 'c_type': 'C', 'b_type': 'B'}, new_specs: {'demand': 2000, 'front': 'KS161', 'middle': 'CM190', 'back': 'KB160', 'c': 'CM190', 'b': 'CM127', 'die_cut': 1, 'c_type': 'C', 'b_type': 'B'}, changes: {'middle': 'CM190', 'c': 'CM190'}
2025-08-22 13:04:31,171 - cuttingstock.core - ERROR - Out of stock: Not enough stock length available for material. | Details: width: 82, material: CM190, required_length: 901.7899, material_specs: {'demand': 2000, 'front': 'KS161', 'middle': 'CM190', 'back': 'KB160', 'c': 'CM190', 'b': 'CM127', 'die_cut': 1, 'c_type': 'C', 'b_type': 'B'}, known_out_of_stock: [('82', 'CM127'), ('82', 'CM112')]
2025-08-22 13:04:31,171 - cuttingstock.core - INFO - Out of stock, awaiting user interaction. | Details: width: 82, material: CM190, required_length: 901.7899, material_specs: {'demand': 2000, 'front': 'KS161', 'middle': 'CM190', 'back': 'KB160', 'c': 'CM190', 'b': 'CM127', 'die_cut': 1, 'c_type': 'C', 'b_type': 'B'}
2025-08-22 13:04:37,825 - cuttingstock.core - INFO - User provided material substitution. | Details: original_specs: {'demand': 2000, 'front': 'KS161', 'middle': 'CM190', 'back': 'KB160', 'c': 'CM190', 'b': 'CM127', 'die_cut': 1, 'c_type': 'C', 'b_type': 'B'}, new_specs: {'demand': 2000, 'front': 'KS161', 'middle': 'CME100', 'back': 'KB160', 'c': 'CM190', 'b': 'CM127', 'die_cut': 1, 'c_type': 'C', 'b_type': 'B'}, changes: {'middle': 'CME100'}
2025-08-22 13:04:37,829 - cuttingstock.core - ERROR - Out of stock: Not enough stock length available for material. | Details: width: 82, material: CM190, required_length: 901.7899, material_specs: {'demand': 2000, 'front': 'KS161', 'middle': 'CME100', 'back': 'KB160', 'c': 'CM190', 'b': 'CM127', 'die_cut': 1, 'c_type': 'C', 'b_type': 'B'}, known_out_of_stock: [('82', 'CM127'), ('82', 'CM112'), ('82', 'CM190')]
2025-08-22 13:04:37,830 - cuttingstock.core - INFO - Out of stock, awaiting user interaction. | Details: width: 82, material: CM190, required_length: 901.7899, material_specs: {'demand': 2000, 'front': 'KS161', 'middle': 'CME100', 'back': 'KB160', 'c': 'CM190', 'b': 'CM127', 'die_cut': 1, 'c_type': 'C', 'b_type': 'B'}
2025-08-22 13:04:40,455 - cuttingstock.core - INFO - User provided material substitution. | Details: original_specs: {'demand': 2000, 'front': 'KS161', 'middle': 'CME100', 'back': 'KB160', 'c': 'CM190', 'b': 'CM127', 'die_cut': 1, 'c_type': 'C', 'b_type': 'B'}, new_specs: {'demand': 2000, 'front': 'KS161', 'middle': 'CME100', 'back': 'KB160', 'c': 'CME100', 'b': 'CM127', 'die_cut': 1, 'c_type': 'C', 'b_type': 'B'}, changes: {'c': 'CME100'}
2025-08-22 13:04:40,459 - cuttingstock.core - ERROR - Out of stock: Not enough stock length available for material. | Details: width: 82, material: CME100, required_length: 621.9240689655172, material_specs: {'demand': 2000, 'front': 'KS161', 'middle': 'CME100', 'back': 'KB160', 'c': 'CME100', 'b': 'CM127', 'die_cut': 1, 'c_type': 'C', 'b_type': 'B'}, known_out_of_stock: [('82', 'CM127'), ('82', 'CM112'), ('82', 'CM190'), ('82', 'CM190')]
2025-08-22 13:04:40,460 - cuttingstock.core - INFO - Out of stock, awaiting user interaction. | Details: width: 82, material: CME100, required_length: 621.9240689655172, material_specs: {'demand': 2000, 'front': 'KS161', 'middle': 'CME100', 'back': 'KB160', 'c': 'CME100', 'b': 'CM127', 'die_cut': 1, 'c_type': 'C', 'b_type': 'B'}
2025-08-22 13:04:43,775 - cuttingstock.core - INFO - User provided material substitution. | Details: original_specs: {'demand': 2000, 'front': 'KS161', 'middle': 'CME100', 'back': 'KB160', 'c': 'CME100', 'b': 'CM127', 'die_cut': 1, 'c_type': 'C', 'b_type': 'B'}, new_specs: {'demand': 2000, 'front': 'KS161', 'middle': 'CME150', 'back': 'KB160', 'c': 'CME150', 'b': 'CM127', 'die_cut': 1, 'c_type': 'C', 'b_type': 'B'}, changes: {'middle': 'CME150', 'c': 'CME150'}
2025-08-22 13:04:43,778 - cuttingstock.core - ERROR - Out of stock: Not enough stock length available for material. | Details: width: 82, material: CME150, required_length: 621.9240689655172, material_specs: {'demand': 2000, 'front': 'KS161', 'middle': 'CME150', 'back': 'KB160', 'c': 'CME150', 'b': 'CM127', 'die_cut': 1, 'c_type': 'C', 'b_type': 'B'}, known_out_of_stock: [('82', 'CM127'), ('82', 'CM112'), ('82', 'CM190'), ('82', 'CM190'), ('82', 'CME100')]
2025-08-22 13:04:43,778 - cuttingstock.core - INFO - Out of stock, awaiting user interaction. | Details: width: 82, material: CME150, required_length: 621.9240689655172, material_specs: {'demand': 2000, 'front': 'KS161', 'middle': 'CME150', 'back': 'KB160', 'c': 'CME150', 'b': 'CM127', 'die_cut': 1, 'c_type': 'C', 'b_type': 'B'}
2025-08-22 13:04:48,193 - cuttingstock.core - INFO - User provided material substitution. | Details: original_specs: {'demand': 2000, 'front': 'KS161', 'middle': 'CME150', 'back': 'KB160', 'c': 'CME150', 'b': 'CM127', 'die_cut': 1, 'c_type': 'C', 'b_type': 'B'}, new_specs: {'demand': 2000, 'front': 'KS161', 'middle': 'KA150', 'back': 'KB160', 'c': 'KA150', 'b': 'CM127', 'die_cut': 1, 'c_type': 'C', 'b_type': 'B'}, changes: {'middle': 'KA150', 'c': 'KA150'}
2025-08-22 13:04:48,196 - cuttingstock.core - ERROR - Out of stock: Not enough stock length available for material. | Details: width: 82, material: CM127, required_length: 839.5974931034483, material_specs: {'demand': 2000, 'front': 'KS161', 'middle': 'KA150', 'back': 'KB160', 'c': 'KA150', 'b': 'CM127', 'die_cut': 1, 'c_type': 'C', 'b_type': 'B'}, known_out_of_stock: [('82', 'CM127'), ('82', 'CM112'), ('82', 'CM190'), ('82', 'CM190'), ('82', 'CME100'), ('82', 'CME150')]
2025-08-22 13:04:48,196 - cuttingstock.core - INFO - Out of stock, awaiting user interaction. | Details: width: 82, material: CM127, required_length: 839.5974931034483, material_specs: {'demand': 2000, 'front': 'KS161', 'middle': 'KA150', 'back': 'KB160', 'c': 'KA150', 'b': 'CM127', 'die_cut': 1, 'c_type': 'C', 'b_type': 'B'}
2025-08-22 13:04:51,457 - cuttingstock.core - INFO - User provided material substitution. | Details: original_specs: {'demand': 2000, 'front': 'KS161', 'middle': 'KA150', 'back': 'KB160', 'c': 'KA150', 'b': 'CM127', 'die_cut': 1, 'c_type': 'C', 'b_type': 'B'}, new_specs: {'demand': 2000, 'front': 'KS161', 'middle': 'KA150', 'back': 'KB160', 'c': 'KA150', 'b': 'KA150', 'die_cut': 1, 'c_type': 'C', 'b_type': 'B'}, changes: {'b': 'KA150'}
2025-08-22 13:04:51,461 - cuttingstock.core - ERROR - Out of stock: Not enough stock length available for material. | Details: width: 82, material: KB160, required_length: 621.9240689655172, material_specs: {'demand': 2000, 'front': 'KS161', 'middle': 'KA150', 'back': 'KB160', 'c': 'KA150', 'b': 'KA150', 'die_cut': 1, 'c_type': 'C', 'b_type': 'B'}, known_out_of_stock: [('82', 'CM127'), ('82', 'CM112'), ('82', 'CM190'), ('82', 'CM190'), ('82', 'CME100'), ('82', 'CME150'), ('82', 'CM127')]
2025-08-22 13:04:51,461 - cuttingstock.core - INFO - Out of stock, awaiting user interaction. | Details: width: 82, material: KB160, required_length: 621.9240689655172, material_specs: {'demand': 2000, 'front': 'KS161', 'middle': 'KA150', 'back': 'KB160', 'c': 'KA150', 'b': 'KA150', 'die_cut': 1, 'c_type': 'C', 'b_type': 'B'}
2025-08-22 13:04:56,967 - cuttingstock.core - INFO - User provided material substitution. | Details: original_specs: {'demand': 2000, 'front': 'KS161', 'middle': 'KA150', 'back': 'KB160', 'c': 'KA150', 'b': 'KA150', 'die_cut': 1, 'c_type': 'C', 'b_type': 'B'}, new_specs: {'demand': 2000, 'front': 'KS161', 'middle': 'KA150', 'back': 'KS161', 'c': 'KA150', 'b': 'KA150', 'die_cut': 1, 'c_type': 'C', 'b_type': 'B'}, changes: {'back': 'KS161'}
2025-08-22 13:04:58,809 - cuttingstock.core - ERROR - Out of stock: Not enough stock length available for material. | Details: width: 82, material: KA150, required_length: 4030.0680413793107, material_specs: {'demand': 2000, 'front': 'KS161', 'middle': 'KA150', 'back': 'KS161', 'c': 'KA150', 'b': 'KA150', 'die_cut': 1, 'c_type': 'C', 'b_type': 'B'}, known_out_of_stock: []
2025-08-22 13:04:58,810 - cuttingstock.core - INFO - Out of stock, awaiting user interaction. | Details: width: 82, material: KA150, required_length: 4030.0680413793107, material_specs: {'demand': 2000, 'front': 'KS161', 'middle': 'KA150', 'back': 'KS161', 'c': 'KA150', 'b': 'KA150', 'die_cut': 1, 'c_type': 'C', 'b_type': 'B'}
2025-08-22 13:05:06,274 - cuttingstock.core - WARNING - User cancelled material substitution. | Details: original_specs: {'demand': 2000, 'front': 'KS161', 'middle': 'KA150', 'back': 'KS161', 'c': 'KA150', 'b': 'KA150', 'die_cut': 1, 'c_type': 'C', 'b_type': 'B'}, out_of_stock_material: KA150
2025-08-22 13:05:06,435 - cuttingstock.core - INFO - Starting calculation process
2025-08-22 13:05:06,447 - cuttingstock.core - INFO - Loaded order data from cache | Details: cache_path: cache\order.db
2025-08-22 13:05:06,456 - cuttingstock.core - INFO - Loaded and sorted data successfully
2025-08-22 13:05:06,460 - cuttingstock.core - INFO - Starting calculation process
2025-08-22 13:05:06,470 - cuttingstock.core - INFO - Loaded order data from cache | Details: cache_path: cache\order.db
2025-08-22 13:05:06,481 - cuttingstock.core - INFO - Loaded and sorted data successfully
2025-08-22 13:05:06,484 - cuttingstock.core - INFO - Starting calculation process
2025-08-22 13:05:06,495 - cuttingstock.core - INFO - Loaded order data from cache | Details: cache_path: cache\order.db
2025-08-22 13:05:06,503 - cuttingstock.core - INFO - Loaded and sorted data successfully
2025-08-22 13:05:06,506 - cuttingstock.core - INFO - Starting calculation process
2025-08-22 13:05:06,516 - cuttingstock.core - INFO - Loaded order data from cache | Details: cache_path: cache\order.db
2025-08-22 13:05:06,525 - cuttingstock.core - INFO - Loaded and sorted data successfully
2025-08-22 13:05:06,529 - cuttingstock.core - INFO - Starting calculation process
2025-08-22 13:05:06,539 - cuttingstock.core - INFO - Loaded order data from cache | Details: cache_path: cache\order.db
2025-08-22 13:05:06,549 - cuttingstock.core - INFO - Loaded and sorted data successfully
2025-08-22 13:05:06,551 - cuttingstock.core - INFO - Starting calculation process
2025-08-22 13:05:06,562 - cuttingstock.core - INFO - Loaded order data from cache | Details: cache_path: cache\order.db
2025-08-22 13:05:06,570 - cuttingstock.core - INFO - Loaded and sorted data successfully
2025-08-22 13:05:06,573 - cuttingstock.core - INFO - Starting calculation process
2025-08-22 13:05:06,584 - cuttingstock.core - INFO - Loaded order data from cache | Details: cache_path: cache\order.db
2025-08-22 13:05:06,592 - cuttingstock.core - INFO - Loaded and sorted data successfully
2025-08-22 13:05:10,975 - cuttingstock.core - INFO - Starting calculation process
2025-08-22 13:05:10,984 - cuttingstock.core - INFO - Loaded order data from cache | Details: cache_path: cache\order.db
2025-08-22 13:05:10,994 - cuttingstock.core - INFO - Loaded and sorted data successfully
2025-08-22 13:05:10,997 - cuttingstock.core - INFO - Starting calculation process
2025-08-22 13:05:11,007 - cuttingstock.core - INFO - Loaded order data from cache | Details: cache_path: cache\order.db
2025-08-22 13:05:11,016 - cuttingstock.core - INFO - Loaded and sorted data successfully
2025-08-22 13:05:11,591 - cuttingstock.core - INFO - Starting calculation process
2025-08-22 13:05:11,601 - cuttingstock.core - INFO - Loaded order data from cache | Details: cache_path: cache\order.db
2025-08-22 13:05:11,610 - cuttingstock.core - INFO - Loaded and sorted data successfully
2025-08-22 13:05:11,614 - cuttingstock.core - INFO - Starting calculation process
2025-08-22 13:05:11,624 - cuttingstock.core - INFO - Loaded order data from cache | Details: cache_path: cache\order.db
2025-08-22 13:05:11,633 - cuttingstock.core - INFO - Loaded and sorted data successfully
2025-08-22 13:05:11,636 - cuttingstock.core - INFO - Starting calculation process
2025-08-22 13:05:11,645 - cuttingstock.core - INFO - Loaded order data from cache | Details: cache_path: cache\order.db
2025-08-22 13:05:11,654 - cuttingstock.core - INFO - Loaded and sorted data successfully
2025-08-22 13:05:11,657 - cuttingstock.core - INFO - Starting calculation process
2025-08-22 13:05:11,667 - cuttingstock.core - INFO - Loaded order data from cache | Details: cache_path: cache\order.db
2025-08-22 13:05:11,676 - cuttingstock.core - INFO - Loaded and sorted data successfully
2025-08-22 13:05:11,679 - cuttingstock.core - INFO - Starting calculation process
2025-08-22 13:05:11,689 - cuttingstock.core - INFO - Loaded order data from cache | Details: cache_path: cache\order.db
2025-08-22 13:05:11,698 - cuttingstock.core - INFO - Loaded and sorted data successfully
2025-08-22 13:05:11,701 - cuttingstock.core - INFO - Starting calculation process
2025-08-22 13:05:11,711 - cuttingstock.core - INFO - Loaded order data from cache | Details: cache_path: cache\order.db
2025-08-22 13:05:11,719 - cuttingstock.core - INFO - Loaded and sorted data successfully
2025-08-22 13:05:11,721 - cuttingstock.core - INFO - Starting calculation process
2025-08-22 13:05:11,731 - cuttingstock.core - INFO - Loaded order data from cache | Details: cache_path: cache\order.db
2025-08-22 13:05:11,740 - cuttingstock.core - INFO - Loaded and sorted data successfully
2025-08-22 13:05:12,139 - cuttingstock.core - ERROR - Out of stock: Not enough stock length available for material. | Details: width: 82, material: KB160, required_length: 177.98758620689657, material_specs: {'demand': 580, 'front': 'KS231 ', 'back': ' KB160', 'c': 'CM127 ', 'die_cut': 1, 'c_type': 'C', 'b_type': None}, known_out_of_stock: []
2025-08-22 13:05:12,139 - cuttingstock.core - INFO - Out of stock, awaiting user interaction. | Details: width: 82, material: KB160, required_length: 177.98758620689657, material_specs: {'demand': 580, 'front': 'KS231 ', 'back': ' KB160', 'c': 'CM127 ', 'die_cut': 1, 'c_type': 'C', 'b_type': None}
2025-08-22 13:05:22,283 - cuttingstock.core - INFO - User provided material substitution. | Details: original_specs: {'demand': 580, 'front': 'KS231 ', 'back': ' KB160', 'c': 'CM127 ', 'die_cut': 1, 'c_type': 'C', 'b_type': None}, new_specs: {'demand': 580, 'front': 'KS231', 'back': 'KS161', 'c': 'CM127', 'die_cut': 1, 'c_type': 'C', 'b_type': None}, changes: {'front': 'KS231', 'back': 'KS161', 'c': 'CM127'}
2025-08-22 13:05:23,202 - cuttingstock.core - ERROR - Out of stock: Not enough stock length available for material. | Details: width: 82, material: CM127, required_length: 258.082, material_specs: {'demand': 580, 'front': 'KS231', 'back': 'KS161', 'c': 'CM127', 'die_cut': 1, 'c_type': 'C', 'b_type': None}, known_out_of_stock: []
2025-08-22 13:05:23,202 - cuttingstock.core - INFO - Out of stock, awaiting user interaction. | Details: width: 82, material: CM127, required_length: 258.082, material_specs: {'demand': 580, 'front': 'KS231', 'back': 'KS161', 'c': 'CM127', 'die_cut': 1, 'c_type': 'C', 'b_type': None}
2025-08-22 13:05:29,322 - cuttingstock.core - INFO - User provided material substitution. | Details: original_specs: {'demand': 580, 'front': 'KS231', 'back': 'KS161', 'c': 'CM127', 'die_cut': 1, 'c_type': 'C', 'b_type': None}, new_specs: {'demand': 580, 'front': 'KS231', 'back': 'KS161', 'c': 'CM190', 'die_cut': 1, 'c_type': 'C', 'b_type': None}, changes: {'c': 'CM190'}
2025-08-22 13:05:29,850 - cuttingstock.core - ERROR - Out of stock: Not enough stock length available for material. | Details: width: 82, material: CM190, required_length: 364.3316, material_specs: {'demand': 580, 'front': 'KS231', 'back': 'KS161', 'c': 'CM190', 'die_cut': 1, 'c_type': 'C', 'b_type': None}, known_out_of_stock: []
2025-08-22 13:05:29,850 - cuttingstock.core - INFO - Out of stock, awaiting user interaction. | Details: width: 82, material: CM190, required_length: 364.3316, material_specs: {'demand': 580, 'front': 'KS231', 'back': 'KS161', 'c': 'CM190', 'die_cut': 1, 'c_type': 'C', 'b_type': None}
2025-08-22 13:05:32,532 - cuttingstock.core - INFO - User provided material substitution. | Details: original_specs: {'demand': 580, 'front': 'KS231', 'back': 'KS161', 'c': 'CM190', 'die_cut': 1, 'c_type': 'C', 'b_type': None}, new_specs: {'demand': 580, 'front': 'KS231', 'back': 'KS161', 'c': 'CM112', 'die_cut': 1, 'c_type': 'C', 'b_type': None}, changes: {'c': 'CM112'}
2025-08-22 13:05:33,408 - cuttingstock.core - ERROR - Out of stock: Not enough stock length available for material. | Details: width: 82, material: CM112, required_length: 374.3863, material_specs: {'demand': 580, 'front': 'KS231', 'back': 'KS161', 'c': 'CM112', 'die_cut': 1, 'c_type': 'C', 'b_type': None}, known_out_of_stock: []
2025-08-22 13:05:33,408 - cuttingstock.core - INFO - Out of stock, awaiting user interaction. | Details: width: 82, material: CM112, required_length: 374.3863, material_specs: {'demand': 580, 'front': 'KS231', 'back': 'KS161', 'c': 'CM112', 'die_cut': 1, 'c_type': 'C', 'b_type': None}
2025-08-22 13:05:40,451 - cuttingstock.core - INFO - User provided material substitution. | Details: original_specs: {'demand': 580, 'front': 'KS231', 'back': 'KS161', 'c': 'CM112', 'die_cut': 1, 'c_type': 'C', 'b_type': None}, new_specs: {'demand': 580, 'front': 'KS231', 'back': 'KS161', 'c': 'CME150', 'die_cut': 1, 'c_type': 'C', 'b_type': None}, changes: {'c': 'CME150'}
2025-08-22 13:05:42,567 - cuttingstock.core - ERROR - Out of stock: Not enough stock length available for material. | Details: width: 82, material: CME150, required_length: 210.0216, material_specs: {'demand': 580, 'front': 'KS231', 'back': 'KS161', 'c': 'CME150', 'die_cut': 1, 'c_type': 'C', 'b_type': None}, known_out_of_stock: []
2025-08-22 13:05:42,567 - cuttingstock.core - INFO - Out of stock, awaiting user interaction. | Details: width: 82, material: CME150, required_length: 210.0216, material_specs: {'demand': 580, 'front': 'KS231', 'back': 'KS161', 'c': 'CME150', 'die_cut': 1, 'c_type': 'C', 'b_type': None}
2025-08-22 13:05:47,243 - cuttingstock.core - WARNING - User cancelled material substitution. | Details: original_specs: {'demand': 580, 'front': 'KS231', 'back': 'KS161', 'c': 'CME150', 'die_cut': 1, 'c_type': 'C', 'b_type': None}, out_of_stock_material: CME150
2025-08-22 13:05:47,445 - cuttingstock.core - INFO - Starting calculation process
2025-08-22 13:05:47,456 - cuttingstock.core - INFO - Loaded order data from cache | Details: cache_path: cache\order.db
2025-08-22 13:05:47,467 - cuttingstock.core - INFO - Loaded and sorted data successfully
2025-08-22 13:05:47,469 - cuttingstock.core - INFO - Starting calculation process
2025-08-22 13:05:47,479 - cuttingstock.core - INFO - Loaded order data from cache | Details: cache_path: cache\order.db
2025-08-22 13:05:47,488 - cuttingstock.core - INFO - Loaded and sorted data successfully
2025-08-22 13:05:47,492 - cuttingstock.core - INFO - Starting calculation process
2025-08-22 13:05:47,501 - cuttingstock.core - INFO - Loaded order data from cache | Details: cache_path: cache\order.db
2025-08-22 13:05:47,511 - cuttingstock.core - INFO - Loaded and sorted data successfully
2025-08-22 13:05:47,514 - cuttingstock.core - INFO - Starting calculation process
2025-08-22 13:05:47,524 - cuttingstock.core - INFO - Loaded order data from cache | Details: cache_path: cache\order.db
2025-08-22 13:05:47,533 - cuttingstock.core - INFO - Loaded and sorted data successfully
2025-08-22 13:05:47,536 - cuttingstock.core - INFO - Starting calculation process
2025-08-22 13:05:47,547 - cuttingstock.core - INFO - Loaded order data from cache | Details: cache_path: cache\order.db
2025-08-22 13:05:47,555 - cuttingstock.core - INFO - Loaded and sorted data successfully
2025-08-22 13:05:47,559 - cuttingstock.core - INFO - Starting calculation process
2025-08-22 13:05:47,568 - cuttingstock.core - INFO - Loaded order data from cache | Details: cache_path: cache\order.db
2025-08-22 13:05:47,578 - cuttingstock.core - INFO - Loaded and sorted data successfully
2025-08-22 13:05:47,581 - cuttingstock.core - INFO - Starting calculation process
2025-08-22 13:05:47,592 - cuttingstock.core - INFO - Loaded order data from cache | Details: cache_path: cache\order.db
2025-08-22 13:05:47,601 - cuttingstock.core - INFO - Loaded and sorted data successfully
2025-08-22 13:05:47,700 - cuttingstock.core - ERROR - Out of stock: Not enough stock length available for material. | Details: width: 82, material: CM127, required_length: 47.3668, material_specs: {'demand': 500, 'front': 'CM127 ', 'middle': 'CM127 ', 'back': ' CM127', 'c': 'CM127 ', 'b': 'CM127 ', 'die_cut': 1, 'c_type': 'C', 'b_type': 'B'}, known_out_of_stock: []
2025-08-22 13:05:47,700 - cuttingstock.core - INFO - Out of stock, awaiting user interaction. | Details: width: 82, material: CM127, required_length: 47.3668, material_specs: {'demand': 500, 'front': 'CM127 ', 'middle': 'CM127 ', 'back': ' CM127', 'c': 'CM127 ', 'b': 'CM127 ', 'die_cut': 1, 'c_type': 'C', 'b_type': 'B'}
2025-08-22 13:05:49,812 - cuttingstock.core - WARNING - User cancelled material substitution. | Details: original_specs: {'demand': 500, 'front': 'CM127 ', 'middle': 'CM127 ', 'back': ' CM127', 'c': 'CM127 ', 'b': 'CM127 ', 'die_cut': 1, 'c_type': 'C', 'b_type': 'B'}, out_of_stock_material: CM127
2025-08-22 13:05:49,949 - cuttingstock.core - INFO - Starting calculation process
2025-08-22 13:05:49,960 - cuttingstock.core - INFO - Loaded order data from cache | Details: cache_path: cache\order.db
2025-08-22 13:05:49,970 - cuttingstock.core - INFO - Loaded and sorted data successfully
2025-08-22 13:05:49,973 - cuttingstock.core - INFO - Starting calculation process
2025-08-22 13:05:49,983 - cuttingstock.core - INFO - Loaded order data from cache | Details: cache_path: cache\order.db
2025-08-22 13:05:49,992 - cuttingstock.core - INFO - Loaded and sorted data successfully
2025-08-22 13:05:49,996 - cuttingstock.core - INFO - Starting calculation process
2025-08-22 13:05:50,008 - cuttingstock.core - INFO - Loaded order data from cache | Details: cache_path: cache\order.db
2025-08-22 13:05:50,017 - cuttingstock.core - INFO - Loaded and sorted data successfully
2025-08-22 13:05:50,020 - cuttingstock.core - INFO - Starting calculation process
2025-08-22 13:05:50,031 - cuttingstock.core - INFO - Loaded order data from cache | Details: cache_path: cache\order.db
2025-08-22 13:05:50,039 - cuttingstock.core - INFO - Loaded and sorted data successfully
2025-08-22 13:05:50,043 - cuttingstock.core - INFO - Starting calculation process
2025-08-22 13:05:50,054 - cuttingstock.core - INFO - Loaded order data from cache | Details: cache_path: cache\order.db
2025-08-22 13:05:50,065 - cuttingstock.core - INFO - Loaded and sorted data successfully
2025-08-22 13:05:50,068 - cuttingstock.core - INFO - Starting calculation process
2025-08-22 13:05:50,078 - cuttingstock.core - INFO - Loaded order data from cache | Details: cache_path: cache\order.db
2025-08-22 13:05:50,086 - cuttingstock.core - INFO - Loaded and sorted data successfully
2025-08-22 13:05:50,089 - cuttingstock.core - INFO - Starting calculation process
2025-08-22 13:05:50,099 - cuttingstock.core - INFO - Loaded order data from cache | Details: cache_path: cache\order.db
2025-08-22 13:05:50,108 - cuttingstock.core - INFO - Loaded and sorted data successfully
2025-08-22 13:05:50,112 - cuttingstock.core - INFO - Starting calculation process
2025-08-22 13:05:50,121 - cuttingstock.core - INFO - Loaded order data from cache | Details: cache_path: cache\order.db
2025-08-22 13:05:50,131 - cuttingstock.core - INFO - Loaded and sorted data successfully
2025-08-22 13:05:50,134 - cuttingstock.core - INFO - Starting calculation process
2025-08-22 13:05:50,144 - cuttingstock.core - INFO - Loaded order data from cache | Details: cache_path: cache\order.db
2025-08-22 13:05:50,152 - cuttingstock.core - INFO - Loaded and sorted data successfully
2025-08-22 13:05:50,327 - cuttingstock.core - INFO - Starting calculation process
2025-08-22 13:05:50,337 - cuttingstock.core - INFO - Loaded order data from cache | Details: cache_path: cache\order.db
2025-08-22 13:05:50,346 - cuttingstock.core - INFO - Loaded and sorted data successfully
2025-08-22 13:05:50,349 - cuttingstock.core - INFO - Starting calculation process
2025-08-22 13:05:50,359 - cuttingstock.core - INFO - Loaded order data from cache | Details: cache_path: cache\order.db
2025-08-22 13:05:50,368 - cuttingstock.core - INFO - Loaded and sorted data successfully
2025-08-22 13:05:51,415 - cuttingstock.core - INFO - Starting calculation process
2025-08-22 13:05:51,425 - cuttingstock.core - INFO - Loaded order data from cache | Details: cache_path: cache\order.db
2025-08-22 13:05:51,435 - cuttingstock.core - INFO - Loaded and sorted data successfully
2025-08-22 13:05:51,438 - cuttingstock.core - INFO - Starting calculation process
2025-08-22 13:05:51,448 - cuttingstock.core - INFO - Loaded order data from cache | Details: cache_path: cache\order.db
2025-08-22 13:05:51,456 - cuttingstock.core - INFO - Loaded and sorted data successfully
2025-08-22 13:05:51,853 - cuttingstock.core - INFO - Starting calculation process
2025-08-22 13:05:51,863 - cuttingstock.core - INFO - Loaded order data from cache | Details: cache_path: cache\order.db
2025-08-22 13:05:51,871 - cuttingstock.core - INFO - Loaded and sorted data successfully
2025-08-22 13:05:51,875 - cuttingstock.core - INFO - Starting calculation process
2025-08-22 13:05:51,886 - cuttingstock.core - INFO - Loaded order data from cache | Details: cache_path: cache\order.db
2025-08-22 13:05:51,894 - cuttingstock.core - INFO - Loaded and sorted data successfully
2025-08-22 13:05:51,897 - cuttingstock.core - INFO - Starting calculation process
2025-08-22 13:05:51,906 - cuttingstock.core - INFO - Loaded order data from cache | Details: cache_path: cache\order.db
2025-08-22 13:05:51,915 - cuttingstock.core - INFO - Loaded and sorted data successfully
2025-08-22 13:05:51,918 - cuttingstock.core - INFO - Starting calculation process
2025-08-22 13:05:51,928 - cuttingstock.core - INFO - Loaded order data from cache | Details: cache_path: cache\order.db
2025-08-22 13:05:51,937 - cuttingstock.core - INFO - Loaded and sorted data successfully
2025-08-22 13:05:51,940 - cuttingstock.core - INFO - Starting calculation process
2025-08-22 13:05:51,950 - cuttingstock.core - INFO - Loaded order data from cache | Details: cache_path: cache\order.db
2025-08-22 13:05:51,960 - cuttingstock.core - INFO - Loaded and sorted data successfully
2025-08-22 13:05:51,963 - cuttingstock.core - INFO - Starting calculation process
2025-08-22 13:05:51,973 - cuttingstock.core - INFO - Loaded order data from cache | Details: cache_path: cache\order.db
2025-08-22 13:05:51,983 - cuttingstock.core - INFO - Loaded and sorted data successfully
2025-08-22 13:05:51,985 - cuttingstock.core - INFO - Starting calculation process
2025-08-22 13:05:51,995 - cuttingstock.core - INFO - Loaded order data from cache | Details: cache_path: cache\order.db
2025-08-22 13:05:52,003 - cuttingstock.core - INFO - Loaded and sorted data successfully
2025-08-22 13:05:52,079 - cuttingstock.core - ERROR - Out of stock: Not enough stock length available for material. | Details: width: 85, material: CM147, required_length: 991.9395931034484, material_specs: {'demand': 2130, 'front': 'KS161 ', 'middle': 'CM147 ', 'back': ' KB160', 'c': 'CM147 ', 'b': 'CM147 ', 'die_cut': 1, 'c_type': 'C', 'b_type': 'B'}, known_out_of_stock: []
2025-08-22 13:05:52,079 - cuttingstock.core - INFO - Out of stock, awaiting user interaction. | Details: width: 85, material: CM147, required_length: 991.9395931034484, material_specs: {'demand': 2130, 'front': 'KS161 ', 'middle': 'CM147 ', 'back': ' KB160', 'c': 'CM147 ', 'b': 'CM147 ', 'die_cut': 1, 'c_type': 'C', 'b_type': 'B'}
2025-08-22 13:05:54,124 - cuttingstock.core - WARNING - User cancelled material substitution. | Details: original_specs: {'demand': 2130, 'front': 'KS161 ', 'middle': 'CM147 ', 'back': ' KB160', 'c': 'CM147 ', 'b': 'CM147 ', 'die_cut': 1, 'c_type': 'C', 'b_type': 'B'}, out_of_stock_material: CM147
2025-08-22 13:05:54,317 - cuttingstock.core - INFO - Starting calculation process
2025-08-22 13:05:54,330 - cuttingstock.core - INFO - Loaded order data from cache | Details: cache_path: cache\order.db
2025-08-22 13:05:54,339 - cuttingstock.core - INFO - Loaded and sorted data successfully
2025-08-22 13:05:54,344 - cuttingstock.core - INFO - Starting calculation process
2025-08-22 13:05:54,355 - cuttingstock.core - INFO - Loaded order data from cache | Details: cache_path: cache\order.db
2025-08-22 13:05:54,366 - cuttingstock.core - INFO - Loaded and sorted data successfully
2025-08-22 13:05:54,457 - cuttingstock.core - ERROR - Out of stock: Not enough stock length available for material. | Details: width: 85, material: CM147, required_length: 947.6757000000001, material_specs: {'demand': 2530, 'front': 'KS231 ', 'middle': 'CM147 ', 'back': ' KB160', 'c': 'CM147 ', 'b': 'CM147 ', 'die_cut': 1, 'c_type': 'C', 'b_type': 'B'}, known_out_of_stock: []
2025-08-22 13:05:54,457 - cuttingstock.core - INFO - Out of stock, awaiting user interaction. | Details: width: 85, material: CM147, required_length: 947.6757000000001, material_specs: {'demand': 2530, 'front': 'KS231 ', 'middle': 'CM147 ', 'back': ' KB160', 'c': 'CM147 ', 'b': 'CM147 ', 'die_cut': 1, 'c_type': 'C', 'b_type': 'B'}
2025-08-22 13:05:55,115 - cuttingstock.core - WARNING - User cancelled material substitution. | Details: original_specs: {'demand': 2530, 'front': 'KS231 ', 'middle': 'CM147 ', 'back': ' KB160', 'c': 'CM147 ', 'b': 'CM147 ', 'die_cut': 1, 'c_type': 'C', 'b_type': 'B'}, out_of_stock_material: CM147
2025-08-22 13:05:55,308 - cuttingstock.core - INFO - Starting calculation process
2025-08-22 13:05:55,320 - cuttingstock.core - INFO - Loaded order data from cache | Details: cache_path: cache\order.db
2025-08-22 13:05:55,329 - cuttingstock.core - INFO - Loaded and sorted data successfully
2025-08-22 13:05:55,333 - cuttingstock.core - INFO - Starting calculation process
2025-08-22 13:05:55,343 - cuttingstock.core - INFO - Loaded order data from cache | Details: cache_path: cache\order.db
2025-08-22 13:05:55,351 - cuttingstock.core - INFO - Loaded and sorted data successfully
2025-08-22 13:05:55,530 - cuttingstock.core - INFO - Starting calculation process
2025-08-22 13:05:55,540 - cuttingstock.core - INFO - Loaded order data from cache | Details: cache_path: cache\order.db
2025-08-22 13:05:55,550 - cuttingstock.core - INFO - Loaded and sorted data successfully
2025-08-22 13:05:55,590 - cuttingstock.core - ERROR - Out of stock: Not enough stock length available for material. | Details: width: 82, material: CM127, required_length: 1087.1369, material_specs: {'demand': 1500, 'front': 'KS121 ', 'back': ' CM127', 'c': 'CM127 ', 'die_cut': 1, 'c_type': 'C', 'b_type': None}, known_out_of_stock: []
2025-08-22 13:05:55,590 - cuttingstock.core - INFO - Out of stock, awaiting user interaction. | Details: width: 82, material: CM127, required_length: 1087.1369, material_specs: {'demand': 1500, 'front': 'KS121 ', 'back': ' CM127', 'c': 'CM127 ', 'die_cut': 1, 'c_type': 'C', 'b_type': None}
2025-08-22 13:05:56,085 - cuttingstock.core - WARNING - User cancelled material substitution. | Details: original_specs: {'demand': 1500, 'front': 'KS121 ', 'back': ' CM127', 'c': 'CM127 ', 'die_cut': 1, 'c_type': 'C', 'b_type': None}, out_of_stock_material: CM127
2025-08-22 13:05:56,230 - cuttingstock.core - INFO - Starting calculation process
2025-08-22 13:05:56,241 - cuttingstock.core - INFO - Loaded order data from cache | Details: cache_path: cache\order.db
2025-08-22 13:05:56,250 - cuttingstock.core - INFO - Loaded and sorted data successfully
2025-08-22 13:05:56,253 - cuttingstock.core - INFO - Starting calculation process
2025-08-22 13:05:56,263 - cuttingstock.core - INFO - Loaded order data from cache | Details: cache_path: cache\order.db
2025-08-22 13:05:56,272 - cuttingstock.core - INFO - Loaded and sorted data successfully
2025-08-22 13:05:56,276 - cuttingstock.core - INFO - Starting calculation process
2025-08-22 13:05:56,286 - cuttingstock.core - INFO - Loaded order data from cache | Details: cache_path: cache\order.db
2025-08-22 13:05:56,294 - cuttingstock.core - INFO - Loaded and sorted data successfully
2025-08-22 13:05:56,297 - cuttingstock.core - INFO - Starting calculation process
2025-08-22 13:05:56,307 - cuttingstock.core - INFO - Loaded order data from cache | Details: cache_path: cache\order.db
2025-08-22 13:05:56,315 - cuttingstock.core - INFO - Loaded and sorted data successfully
2025-08-22 13:05:56,318 - cuttingstock.core - INFO - Starting calculation process
2025-08-22 13:05:56,328 - cuttingstock.core - INFO - Loaded order data from cache | Details: cache_path: cache\order.db
2025-08-22 13:05:56,336 - cuttingstock.core - INFO - Loaded and sorted data successfully
2025-08-22 13:05:56,339 - cuttingstock.core - INFO - Starting calculation process
2025-08-22 13:05:56,349 - cuttingstock.core - INFO - Loaded order data from cache | Details: cache_path: cache\order.db
2025-08-22 13:05:56,357 - cuttingstock.core - INFO - Loaded and sorted data successfully
2025-08-22 13:05:56,360 - cuttingstock.core - INFO - Starting calculation process
2025-08-22 13:05:56,370 - cuttingstock.core - INFO - Loaded order data from cache | Details: cache_path: cache\order.db
2025-08-22 13:05:56,378 - cuttingstock.core - INFO - Loaded and sorted data successfully
2025-08-22 13:05:56,381 - cuttingstock.core - INFO - Starting calculation process
2025-08-22 13:05:56,390 - cuttingstock.core - INFO - Loaded order data from cache | Details: cache_path: cache\order.db
2025-08-22 13:05:56,398 - cuttingstock.core - INFO - Loaded and sorted data successfully
2025-08-22 13:05:56,401 - cuttingstock.core - INFO - Starting calculation process
2025-08-22 13:05:56,411 - cuttingstock.core - INFO - Loaded order data from cache | Details: cache_path: cache\order.db
2025-08-22 13:05:56,419 - cuttingstock.core - INFO - Loaded and sorted data successfully
2025-08-22 13:05:56,632 - cuttingstock.core - INFO - Starting calculation process
2025-08-22 13:05:56,642 - cuttingstock.core - INFO - Loaded order data from cache | Details: cache_path: cache\order.db
2025-08-22 13:05:56,650 - cuttingstock.core - INFO - Loaded and sorted data successfully
2025-08-22 13:05:56,653 - cuttingstock.core - INFO - Starting calculation process
2025-08-22 13:05:56,664 - cuttingstock.core - INFO - Loaded order data from cache | Details: cache_path: cache\order.db
2025-08-22 13:05:56,676 - cuttingstock.core - INFO - Loaded and sorted data successfully
2025-08-22 13:05:56,883 - cuttingstock.core - INFO - Starting calculation process
2025-08-22 13:05:56,894 - cuttingstock.core - INFO - Loaded order data from cache | Details: cache_path: cache\order.db
2025-08-22 13:05:56,902 - cuttingstock.core - INFO - Loaded and sorted data successfully
2025-08-22 13:05:56,905 - cuttingstock.core - INFO - Starting calculation process
2025-08-22 13:05:56,915 - cuttingstock.core - INFO - Loaded order data from cache | Details: cache_path: cache\order.db
2025-08-22 13:05:56,923 - cuttingstock.core - INFO - Loaded and sorted data successfully
2025-08-22 13:05:56,927 - cuttingstock.core - INFO - Starting calculation process
2025-08-22 13:05:56,937 - cuttingstock.core - INFO - Loaded order data from cache | Details: cache_path: cache\order.db
2025-08-22 13:05:56,944 - cuttingstock.core - INFO - Loaded and sorted data successfully
2025-08-22 13:05:56,947 - cuttingstock.core - INFO - Starting calculation process
2025-08-22 13:05:56,957 - cuttingstock.core - INFO - Loaded order data from cache | Details: cache_path: cache\order.db
2025-08-22 13:05:56,965 - cuttingstock.core - INFO - Loaded and sorted data successfully
2025-08-22 13:05:56,968 - cuttingstock.core - INFO - Starting calculation process
2025-08-22 13:05:56,977 - cuttingstock.core - INFO - Loaded order data from cache | Details: cache_path: cache\order.db
2025-08-22 13:05:56,985 - cuttingstock.core - INFO - Loaded and sorted data successfully
2025-08-22 13:05:56,988 - cuttingstock.core - INFO - Starting calculation process
2025-08-22 13:05:56,998 - cuttingstock.core - INFO - Loaded order data from cache | Details: cache_path: cache\order.db
2025-08-22 13:05:57,006 - cuttingstock.core - INFO - Loaded and sorted data successfully
2025-08-22 13:05:57,009 - cuttingstock.core - INFO - Starting calculation process
2025-08-22 13:05:57,019 - cuttingstock.core - INFO - Loaded order data from cache | Details: cache_path: cache\order.db
2025-08-22 13:05:57,027 - cuttingstock.core - INFO - Loaded and sorted data successfully
2025-08-22 13:05:57,200 - cuttingstock.core - INFO - Starting calculation process
2025-08-22 13:05:57,210 - cuttingstock.core - INFO - Loaded order data from cache | Details: cache_path: cache\order.db
2025-08-22 13:05:57,218 - cuttingstock.core - INFO - Loaded and sorted data successfully
2025-08-22 13:05:57,221 - cuttingstock.core - INFO - Starting calculation process
2025-08-22 13:05:57,231 - cuttingstock.core - INFO - Loaded order data from cache | Details: cache_path: cache\order.db
2025-08-22 13:05:57,239 - cuttingstock.core - INFO - Loaded and sorted data successfully
2025-08-22 13:05:57,242 - cuttingstock.core - INFO - Starting calculation process
2025-08-22 13:05:57,251 - cuttingstock.core - INFO - Loaded order data from cache | Details: cache_path: cache\order.db
2025-08-22 13:05:57,259 - cuttingstock.core - INFO - Loaded and sorted data successfully
2025-08-22 13:05:57,262 - cuttingstock.core - INFO - Starting calculation process
2025-08-22 13:05:57,271 - cuttingstock.core - INFO - Loaded order data from cache | Details: cache_path: cache\order.db
2025-08-22 13:05:57,279 - cuttingstock.core - INFO - Loaded and sorted data successfully
2025-08-22 13:05:57,454 - cuttingstock.core - INFO - Starting calculation process
2025-08-22 13:05:57,464 - cuttingstock.core - INFO - Loaded order data from cache | Details: cache_path: cache\order.db
2025-08-22 13:05:57,472 - cuttingstock.core - INFO - Loaded and sorted data successfully
2025-08-22 13:05:57,475 - cuttingstock.core - INFO - Starting calculation process
2025-08-22 13:05:57,485 - cuttingstock.core - INFO - Loaded order data from cache | Details: cache_path: cache\order.db
2025-08-22 13:05:57,493 - cuttingstock.core - INFO - Loaded and sorted data successfully
2025-08-22 13:05:57,496 - cuttingstock.core - INFO - Starting calculation process
2025-08-22 13:05:57,505 - cuttingstock.core - INFO - Loaded order data from cache | Details: cache_path: cache\order.db
2025-08-22 13:05:57,513 - cuttingstock.core - INFO - Loaded and sorted data successfully
2025-08-22 13:05:57,516 - cuttingstock.core - INFO - Starting calculation process
2025-08-22 13:05:57,525 - cuttingstock.core - INFO - Loaded order data from cache | Details: cache_path: cache\order.db
2025-08-22 13:05:57,533 - cuttingstock.core - INFO - Loaded and sorted data successfully
2025-08-22 13:05:57,536 - cuttingstock.core - INFO - Starting calculation process
2025-08-22 13:05:57,545 - cuttingstock.core - INFO - Loaded order data from cache | Details: cache_path: cache\order.db
2025-08-22 13:05:57,553 - cuttingstock.core - INFO - Loaded and sorted data successfully
2025-08-22 13:05:57,556 - cuttingstock.core - INFO - Starting calculation process
2025-08-22 13:05:57,566 - cuttingstock.core - INFO - Loaded order data from cache | Details: cache_path: cache\order.db
2025-08-22 13:05:57,574 - cuttingstock.core - INFO - Loaded and sorted data successfully
2025-08-22 13:05:57,576 - cuttingstock.core - INFO - Starting calculation process
2025-08-22 13:05:57,586 - cuttingstock.core - INFO - Loaded order data from cache | Details: cache_path: cache\order.db
2025-08-22 13:05:57,594 - cuttingstock.core - INFO - Loaded and sorted data successfully
2025-08-22 13:05:57,596 - cuttingstock.core - INFO - Starting calculation process
2025-08-22 13:05:57,606 - cuttingstock.core - INFO - Loaded order data from cache | Details: cache_path: cache\order.db
2025-08-22 13:05:57,614 - cuttingstock.core - INFO - Loaded and sorted data successfully
2025-08-22 13:05:57,617 - cuttingstock.core - INFO - Starting calculation process
2025-08-22 13:05:57,626 - cuttingstock.core - INFO - Loaded order data from cache | Details: cache_path: cache\order.db
2025-08-22 13:05:57,633 - cuttingstock.core - INFO - Loaded and sorted data successfully
2025-08-22 13:05:57,821 - cuttingstock.core - INFO - Starting calculation process
2025-08-22 13:05:57,831 - cuttingstock.core - INFO - Loaded order data from cache | Details: cache_path: cache\order.db
2025-08-22 13:05:57,838 - cuttingstock.core - INFO - Loaded and sorted data successfully
2025-08-22 13:05:57,842 - cuttingstock.core - INFO - Starting calculation process
2025-08-22 13:05:57,852 - cuttingstock.core - INFO - Loaded order data from cache | Details: cache_path: cache\order.db
2025-08-22 13:05:57,860 - cuttingstock.core - INFO - Loaded and sorted data successfully
2025-08-22 13:05:58,069 - cuttingstock.core - INFO - Starting calculation process
2025-08-22 13:05:58,079 - cuttingstock.core - INFO - Loaded order data from cache | Details: cache_path: cache\order.db
2025-08-22 13:05:58,089 - cuttingstock.core - INFO - Loaded and sorted data successfully
2025-08-22 13:05:58,092 - cuttingstock.core - INFO - Starting calculation process
2025-08-22 13:05:58,101 - cuttingstock.core - INFO - Loaded order data from cache | Details: cache_path: cache\order.db
2025-08-22 13:05:58,109 - cuttingstock.core - INFO - Loaded and sorted data successfully
2025-08-22 13:05:58,112 - cuttingstock.core - INFO - Starting calculation process
2025-08-22 13:05:58,122 - cuttingstock.core - INFO - Loaded order data from cache | Details: cache_path: cache\order.db
2025-08-22 13:05:58,130 - cuttingstock.core - INFO - Loaded and sorted data successfully
2025-08-22 13:05:58,133 - cuttingstock.core - INFO - Starting calculation process
2025-08-22 13:05:58,145 - cuttingstock.core - INFO - Loaded order data from cache | Details: cache_path: cache\order.db
2025-08-22 13:05:58,153 - cuttingstock.core - INFO - Loaded and sorted data successfully
2025-08-22 13:05:58,156 - cuttingstock.core - INFO - Starting calculation process
2025-08-22 13:05:58,166 - cuttingstock.core - INFO - Loaded order data from cache | Details: cache_path: cache\order.db
2025-08-22 13:05:58,174 - cuttingstock.core - INFO - Loaded and sorted data successfully
2025-08-22 13:05:58,177 - cuttingstock.core - INFO - Starting calculation process
2025-08-22 13:05:58,186 - cuttingstock.core - INFO - Loaded order data from cache | Details: cache_path: cache\order.db
2025-08-22 13:05:58,195 - cuttingstock.core - INFO - Loaded and sorted data successfully
2025-08-22 13:05:58,197 - cuttingstock.core - INFO - Starting calculation process
2025-08-22 13:05:58,208 - cuttingstock.core - INFO - Loaded order data from cache | Details: cache_path: cache\order.db
2025-08-22 13:05:58,217 - cuttingstock.core - INFO - Loaded and sorted data successfully
2025-08-22 13:05:58,401 - cuttingstock.core - INFO - Starting calculation process
2025-08-22 13:05:58,411 - cuttingstock.core - INFO - Loaded order data from cache | Details: cache_path: cache\order.db
2025-08-22 13:05:58,421 - cuttingstock.core - INFO - Loaded and sorted data successfully
2025-08-22 13:05:58,424 - cuttingstock.core - INFO - Starting calculation process
2025-08-22 13:05:58,434 - cuttingstock.core - INFO - Loaded order data from cache | Details: cache_path: cache\order.db
2025-08-22 13:05:58,442 - cuttingstock.core - INFO - Loaded and sorted data successfully
2025-08-22 13:05:58,445 - cuttingstock.core - INFO - Starting calculation process
2025-08-22 13:05:58,455 - cuttingstock.core - INFO - Loaded order data from cache | Details: cache_path: cache\order.db
2025-08-22 13:05:58,463 - cuttingstock.core - INFO - Loaded and sorted data successfully
2025-08-22 13:05:58,466 - cuttingstock.core - INFO - Starting calculation process
2025-08-22 13:05:58,476 - cuttingstock.core - INFO - Loaded order data from cache | Details: cache_path: cache\order.db
2025-08-22 13:05:58,484 - cuttingstock.core - INFO - Loaded and sorted data successfully
2025-08-22 13:05:58,486 - cuttingstock.core - INFO - Starting calculation process
2025-08-22 13:05:58,497 - cuttingstock.core - INFO - Loaded order data from cache | Details: cache_path: cache\order.db
2025-08-22 13:05:58,504 - cuttingstock.core - INFO - Loaded and sorted data successfully
2025-08-22 13:05:58,508 - cuttingstock.core - INFO - Starting calculation process
2025-08-22 13:05:58,517 - cuttingstock.core - INFO - Loaded order data from cache | Details: cache_path: cache\order.db
2025-08-22 13:05:58,525 - cuttingstock.core - INFO - Loaded and sorted data successfully
2025-08-22 13:05:58,528 - cuttingstock.core - INFO - Starting calculation process
2025-08-22 13:05:58,538 - cuttingstock.core - INFO - Loaded order data from cache | Details: cache_path: cache\order.db
2025-08-22 13:05:58,546 - cuttingstock.core - INFO - Loaded and sorted data successfully
2025-08-22 13:05:58,726 - cuttingstock.core - INFO - Starting calculation process
2025-08-22 13:05:58,735 - cuttingstock.core - INFO - Loaded order data from cache | Details: cache_path: cache\order.db
2025-08-22 13:05:58,745 - cuttingstock.core - INFO - Loaded and sorted data successfully
2025-08-22 13:05:58,748 - cuttingstock.core - INFO - Starting calculation process
2025-08-22 13:05:58,757 - cuttingstock.core - INFO - Loaded order data from cache | Details: cache_path: cache\order.db
2025-08-22 13:05:58,765 - cuttingstock.core - INFO - Loaded and sorted data successfully
2025-08-22 13:05:58,768 - cuttingstock.core - INFO - Starting calculation process
2025-08-22 13:05:58,777 - cuttingstock.core - INFO - Loaded order data from cache | Details: cache_path: cache\order.db
2025-08-22 13:05:58,785 - cuttingstock.core - INFO - Loaded and sorted data successfully
2025-08-22 13:05:58,788 - cuttingstock.core - INFO - Starting calculation process
2025-08-22 13:05:58,797 - cuttingstock.core - INFO - Loaded order data from cache | Details: cache_path: cache\order.db
2025-08-22 13:05:58,805 - cuttingstock.core - INFO - Loaded and sorted data successfully
2025-08-22 13:05:58,808 - cuttingstock.core - INFO - Starting calculation process
2025-08-22 13:05:58,817 - cuttingstock.core - INFO - Loaded order data from cache | Details: cache_path: cache\order.db
2025-08-22 13:05:58,825 - cuttingstock.core - INFO - Loaded and sorted data successfully
2025-08-22 13:05:58,828 - cuttingstock.core - INFO - Starting calculation process
2025-08-22 13:05:58,837 - cuttingstock.core - INFO - Loaded order data from cache | Details: cache_path: cache\order.db
2025-08-22 13:05:58,845 - cuttingstock.core - INFO - Loaded and sorted data successfully
2025-08-22 13:05:58,848 - cuttingstock.core - INFO - Starting calculation process
2025-08-22 13:05:58,858 - cuttingstock.core - INFO - Loaded order data from cache | Details: cache_path: cache\order.db
2025-08-22 13:05:58,865 - cuttingstock.core - INFO - Loaded and sorted data successfully
2025-08-22 13:05:58,868 - cuttingstock.core - INFO - Starting calculation process
2025-08-22 13:05:58,878 - cuttingstock.core - INFO - Loaded order data from cache | Details: cache_path: cache\order.db
2025-08-22 13:05:58,885 - cuttingstock.core - INFO - Loaded and sorted data successfully
2025-08-22 13:05:58,888 - cuttingstock.core - INFO - Starting calculation process
2025-08-22 13:05:58,898 - cuttingstock.core - INFO - Loaded order data from cache | Details: cache_path: cache\order.db
2025-08-22 13:05:58,905 - cuttingstock.core - INFO - Loaded and sorted data successfully
2025-08-22 13:05:59,103 - cuttingstock.core - INFO - Starting calculation process
2025-08-22 13:05:59,112 - cuttingstock.core - INFO - Loaded order data from cache | Details: cache_path: cache\order.db
2025-08-22 13:05:59,120 - cuttingstock.core - INFO - Loaded and sorted data successfully
2025-08-22 13:05:59,123 - cuttingstock.core - INFO - Starting calculation process
2025-08-22 13:05:59,133 - cuttingstock.core - INFO - Loaded order data from cache | Details: cache_path: cache\order.db
2025-08-22 13:05:59,141 - cuttingstock.core - INFO - Loaded and sorted data successfully
2025-08-22 13:05:59,144 - cuttingstock.core - INFO - Starting calculation process
2025-08-22 13:05:59,153 - cuttingstock.core - INFO - Loaded order data from cache | Details: cache_path: cache\order.db
2025-08-22 13:05:59,162 - cuttingstock.core - INFO - Loaded and sorted data successfully
2025-08-22 13:05:59,164 - cuttingstock.core - INFO - Starting calculation process
2025-08-22 13:05:59,174 - cuttingstock.core - INFO - Loaded order data from cache | Details: cache_path: cache\order.db
2025-08-22 13:05:59,182 - cuttingstock.core - INFO - Loaded and sorted data successfully
2025-08-22 13:05:59,185 - cuttingstock.core - INFO - Starting calculation process
2025-08-22 13:05:59,195 - cuttingstock.core - INFO - Loaded order data from cache | Details: cache_path: cache\order.db
2025-08-22 13:05:59,203 - cuttingstock.core - INFO - Loaded and sorted data successfully
2025-08-22 13:05:59,205 - cuttingstock.core - INFO - Starting calculation process
2025-08-22 13:05:59,215 - cuttingstock.core - INFO - Loaded order data from cache | Details: cache_path: cache\order.db
2025-08-22 13:05:59,224 - cuttingstock.core - INFO - Loaded and sorted data successfully
2025-08-22 13:05:59,227 - cuttingstock.core - INFO - Starting calculation process
2025-08-22 13:05:59,237 - cuttingstock.core - INFO - Loaded order data from cache | Details: cache_path: cache\order.db
2025-08-22 13:05:59,245 - cuttingstock.core - INFO - Loaded and sorted data successfully
2025-08-22 13:05:59,431 - cuttingstock.core - INFO - Starting calculation process
2025-08-22 13:05:59,441 - cuttingstock.core - INFO - Loaded order data from cache | Details: cache_path: cache\order.db
2025-08-22 13:05:59,449 - cuttingstock.core - INFO - Loaded and sorted data successfully
2025-08-22 13:05:59,452 - cuttingstock.core - INFO - Starting calculation process
2025-08-22 13:05:59,462 - cuttingstock.core - INFO - Loaded order data from cache | Details: cache_path: cache\order.db
2025-08-22 13:05:59,471 - cuttingstock.core - INFO - Loaded and sorted data successfully
2025-08-22 13:05:59,474 - cuttingstock.core - INFO - Starting calculation process
2025-08-22 13:05:59,484 - cuttingstock.core - INFO - Loaded order data from cache | Details: cache_path: cache\order.db
2025-08-22 13:05:59,493 - cuttingstock.core - INFO - Loaded and sorted data successfully
2025-08-22 13:05:59,495 - cuttingstock.core - INFO - Starting calculation process
2025-08-22 13:05:59,505 - cuttingstock.core - INFO - Loaded order data from cache | Details: cache_path: cache\order.db
2025-08-22 13:05:59,513 - cuttingstock.core - INFO - Loaded and sorted data successfully
2025-08-23 11:03:33,646 - cuttingstock.core - INFO - Starting calculation process
2025-08-23 11:03:33,765 - cuttingstock.core - INFO - Loaded order data from cache | Details: cache_path: cache\order.db
2025-08-23 11:03:33,783 - cuttingstock.core - INFO - Loaded and sorted data successfully
2025-08-23 11:03:34,591 - cuttingstock.core - ERROR - Out of stock: Not enough stock length available for material. | Details: width: 82, material: CM127, required_length: 502.95311379310346, material_specs: {'demand': 1380, 'front': 'KS231 ', 'middle': 'CM127 ', 'back': ' KB160', 'c': 'CM127 ', 'b': 'CM127 ', 'die_cut': 1, 'c_type': 'C', 'b_type': 'B'}, known_out_of_stock: []
2025-08-23 11:03:34,592 - cuttingstock.core - INFO - Out of stock, awaiting user interaction. | Details: width: 82, material: CM127, required_length: 502.95311379310346, material_specs: {'demand': 1380, 'front': 'KS231 ', 'middle': 'CM127 ', 'back': ' KB160', 'c': 'CM127 ', 'b': 'CM127 ', 'die_cut': 1, 'c_type': 'C', 'b_type': 'B'}
2025-08-23 11:03:40,150 - cuttingstock.core - INFO - User provided material substitution. | Details: original_specs: {'demand': 1380, 'front': 'KS231 ', 'middle': 'CM127 ', 'back': ' KB160', 'c': 'CM127 ', 'b': 'CM127 ', 'die_cut': 1, 'c_type': 'C', 'b_type': 'B'}, new_specs: {'demand': 1380, 'front': 'KS231', 'middle': 'CM112', 'back': 'KB160', 'c': 'CM127', 'b': 'CM127', 'die_cut': 1, 'c_type': 'C', 'b_type': 'B'}, changes: {'front': 'KS231', 'middle': 'CM112', 'back': 'KB160', 'c': 'CM127', 'b': 'CM127'}
2025-08-23 11:03:46,054 - cuttingstock.core - ERROR - Out of stock: Not enough stock length available for material. | Details: width: 82, material: CM127, required_length: 203.557, material_specs: {'demand': 1380, 'front': 'KS231', 'middle': 'CM112', 'back': 'KB160', 'c': 'CM127', 'b': 'CM127', 'die_cut': 1, 'c_type': 'C', 'b_type': 'B'}, known_out_of_stock: []
2025-08-23 11:03:46,055 - cuttingstock.core - INFO - Out of stock, awaiting user interaction. | Details: width: 82, material: CM127, required_length: 203.557, material_specs: {'demand': 1380, 'front': 'KS231', 'middle': 'CM112', 'back': 'KB160', 'c': 'CM127', 'b': 'CM127', 'die_cut': 1, 'c_type': 'C', 'b_type': 'B'}
2025-08-23 11:03:51,459 - cuttingstock.core - INFO - User provided material substitution. | Details: original_specs: {'demand': 1380, 'front': 'KS231', 'middle': 'CM112', 'back': 'KB160', 'c': 'CM127', 'b': 'CM127', 'die_cut': 1, 'c_type': 'C', 'b_type': 'B'}, new_specs: {'demand': 1380, 'front': 'KS231', 'middle': 'CM112', 'back': 'KB160', 'c': 'CM112', 'b': 'CM112', 'die_cut': 1, 'c_type': 'C', 'b_type': 'B'}, changes: {'c': 'CM112', 'b': 'CM112'}
2025-08-23 11:04:04,333 - cuttingstock.core - ERROR - Out of stock: Not enough stock length available for material. | Details: width: 82, material: CM112, required_length: 272.8333, material_specs: {'demand': 1380, 'front': 'KS231', 'middle': 'CM112', 'back': 'KB160', 'c': 'CM112', 'b': 'CM112', 'die_cut': 1, 'c_type': 'C', 'b_type': 'B'}, known_out_of_stock: []
2025-08-23 11:04:04,333 - cuttingstock.core - INFO - Out of stock, awaiting user interaction. | Details: width: 82, material: CM112, required_length: 272.8333, material_specs: {'demand': 1380, 'front': 'KS231', 'middle': 'CM112', 'back': 'KB160', 'c': 'CM112', 'b': 'CM112', 'die_cut': 1, 'c_type': 'C', 'b_type': 'B'}
2025-08-23 11:04:09,699 - cuttingstock.core - INFO - User provided material substitution. | Details: original_specs: {'demand': 1380, 'front': 'KS231', 'middle': 'CM112', 'back': 'KB160', 'c': 'CM112', 'b': 'CM112', 'die_cut': 1, 'c_type': 'C', 'b_type': 'B'}, new_specs: {'demand': 1380, 'front': 'KS231', 'middle': 'CM127', 'back': 'KB160', 'c': 'CM127', 'b': 'CM127', 'die_cut': 1, 'c_type': 'C', 'b_type': 'B'}, changes: {'middle': 'CM127', 'c': 'CM127', 'b': 'CM127'}
2025-08-23 11:04:09,701 - cuttingstock.core - ERROR - Out of stock: Not enough stock length available for material. | Details: width: 82, material: CM127, required_length: 254.0172103448276, material_specs: {'demand': 1380, 'front': 'KS231', 'middle': 'CM127', 'back': 'KB160', 'c': 'CM127', 'b': 'CM127', 'die_cut': 1, 'c_type': 'C', 'b_type': 'B'}, known_out_of_stock: [('82', 'CM112')]
2025-08-23 11:04:09,702 - cuttingstock.core - INFO - Out of stock, awaiting user interaction. | Details: width: 82, material: CM127, required_length: 254.0172103448276, material_specs: {'demand': 1380, 'front': 'KS231', 'middle': 'CM127', 'back': 'KB160', 'c': 'CM127', 'b': 'CM127', 'die_cut': 1, 'c_type': 'C', 'b_type': 'B'}
2025-08-23 11:04:16,957 - cuttingstock.core - INFO - User provided material substitution. | Details: original_specs: {'demand': 1380, 'front': 'KS231', 'middle': 'CM127', 'back': 'KB160', 'c': 'CM127', 'b': 'CM127', 'die_cut': 1, 'c_type': 'C', 'b_type': 'B'}, new_specs: {'demand': 1380, 'front': 'KS231', 'middle': 'CM190', 'back': 'KB160', 'c': 'CM190', 'b': 'CM190', 'die_cut': 1, 'c_type': 'C', 'b_type': 'B'}, changes: {'middle': 'CM190', 'c': 'CM190', 'b': 'CM190'}
2025-08-23 11:04:21,638 - cuttingstock.core - ERROR - Out of stock: Not enough stock length available for material. | Details: width: 82, material: KB160, required_length: 276.5938620689655, material_specs: {'demand': 1380, 'front': 'KS231', 'middle': 'CM190', 'back': 'KB160', 'c': 'CM190', 'b': 'CM190', 'die_cut': 1, 'c_type': 'C', 'b_type': 'B'}, known_out_of_stock: []
2025-08-23 11:04:21,638 - cuttingstock.core - INFO - Out of stock, awaiting user interaction. | Details: width: 82, material: KB160, required_length: 276.5938620689655, material_specs: {'demand': 1380, 'front': 'KS231', 'middle': 'CM190', 'back': 'KB160', 'c': 'CM190', 'b': 'CM190', 'die_cut': 1, 'c_type': 'C', 'b_type': 'B'}
2025-08-23 11:04:25,775 - cuttingstock.core - INFO - User provided material substitution. | Details: original_specs: {'demand': 1380, 'front': 'KS231', 'middle': 'CM190', 'back': 'KB160', 'c': 'CM190', 'b': 'CM190', 'die_cut': 1, 'c_type': 'C', 'b_type': 'B'}, new_specs: {'demand': 1380, 'front': 'KS231', 'middle': 'CM190', 'back': 'KS161', 'c': 'CM190', 'b': 'CM190', 'die_cut': 1, 'c_type': 'C', 'b_type': 'B'}, changes: {'back': 'KS161'}
2025-08-23 11:04:28,232 - cuttingstock.core - ERROR - Out of stock: Not enough stock length available for material. | Details: width: 82, material: CM190, required_length: 1678.1242, material_specs: {'demand': 1380, 'front': 'KS231', 'middle': 'CM190', 'back': 'KS161', 'c': 'CM190', 'b': 'CM190', 'die_cut': 1, 'c_type': 'C', 'b_type': 'B'}, known_out_of_stock: []
2025-08-23 11:04:28,232 - cuttingstock.core - INFO - Out of stock, awaiting user interaction. | Details: width: 82, material: CM190, required_length: 1678.1242, material_specs: {'demand': 1380, 'front': 'KS231', 'middle': 'CM190', 'back': 'KS161', 'c': 'CM190', 'b': 'CM190', 'die_cut': 1, 'c_type': 'C', 'b_type': 'B'}
2025-08-23 11:04:32,987 - cuttingstock.core - INFO - User provided material substitution. | Details: original_specs: {'demand': 1380, 'front': 'KS231', 'middle': 'CM190', 'back': 'KS161', 'c': 'CM190', 'b': 'CM190', 'die_cut': 1, 'c_type': 'C', 'b_type': 'B'}, new_specs: {'demand': 1380, 'front': 'KS231', 'middle': 'CME100', 'back': 'KS161', 'c': 'CM190', 'b': 'CM190', 'die_cut': 1, 'c_type': 'C', 'b_type': 'B'}, changes: {'middle': 'CME100'}
2025-08-23 11:04:32,989 - cuttingstock.core - ERROR - Out of stock: Not enough stock length available for material. | Details: width: 82, material: CM190, required_length: 1678.1242, material_specs: {'demand': 1380, 'front': 'KS231', 'middle': 'CME100', 'back': 'KS161', 'c': 'CM190', 'b': 'CM190', 'die_cut': 1, 'c_type': 'C', 'b_type': 'B'}, known_out_of_stock: [('82', 'CM190')]
2025-08-23 11:04:32,990 - cuttingstock.core - INFO - Out of stock, awaiting user interaction. | Details: width: 82, material: CM190, required_length: 1678.1242, material_specs: {'demand': 1380, 'front': 'KS231', 'middle': 'CME100', 'back': 'KS161', 'c': 'CM190', 'b': 'CM190', 'die_cut': 1, 'c_type': 'C', 'b_type': 'B'}
2025-08-23 11:04:37,841 - cuttingstock.core - INFO - User provided material substitution. | Details: original_specs: {'demand': 1380, 'front': 'KS231', 'middle': 'CME100', 'back': 'KS161', 'c': 'CM190', 'b': 'CM190', 'die_cut': 1, 'c_type': 'C', 'b_type': 'B'}, new_specs: {'demand': 1380, 'front': 'KS231', 'middle': 'CME100', 'back': 'KS161', 'c': 'CME100', 'b': 'CME100', 'die_cut': 1, 'c_type': 'C', 'b_type': 'B'}, changes: {'c': 'CME100', 'b': 'CME100'}
2025-08-23 11:04:37,844 - cuttingstock.core - ERROR - Out of stock: Not enough stock length available for material. | Details: width: 82, material: CME100, required_length: 1157.3270344827586, material_specs: {'demand': 1380, 'front': 'KS231', 'middle': 'CME100', 'back': 'KS161', 'c': 'CME100', 'b': 'CME100', 'die_cut': 1, 'c_type': 'C', 'b_type': 'B'}, known_out_of_stock: [('82', 'CM190'), ('82', 'CM190')]
2025-08-23 11:04:37,845 - cuttingstock.core - INFO - Out of stock, awaiting user interaction. | Details: width: 82, material: CME100, required_length: 1157.3270344827586, material_specs: {'demand': 1380, 'front': 'KS231', 'middle': 'CME100', 'back': 'KS161', 'c': 'CME100', 'b': 'CME100', 'die_cut': 1, 'c_type': 'C', 'b_type': 'B'}
2025-08-23 11:04:40,663 - cuttingstock.core - INFO - User provided material substitution. | Details: original_specs: {'demand': 1380, 'front': 'KS231', 'middle': 'CME100', 'back': 'KS161', 'c': 'CME100', 'b': 'CME100', 'die_cut': 1, 'c_type': 'C', 'b_type': 'B'}, new_specs: {'demand': 1380, 'front': 'KS231', 'middle': 'CME150', 'back': 'KS161', 'c': 'CME150', 'b': 'CME100', 'die_cut': 1, 'c_type': 'C', 'b_type': 'B'}, changes: {'middle': 'CME150', 'c': 'CME150'}
2025-08-23 11:04:46,870 - cuttingstock.core - ERROR - Out of stock: Not enough stock length available for material. | Details: width: 82, material: CME100, required_length: 674.8377206896552, material_specs: {'demand': 1380, 'front': 'KS231', 'middle': 'CME150', 'back': 'KS161', 'c': 'CME150', 'b': 'CME100', 'die_cut': 1, 'c_type': 'C', 'b_type': 'B'}, known_out_of_stock: []
2025-08-23 11:04:46,871 - cuttingstock.core - INFO - Out of stock, awaiting user interaction. | Details: width: 82, material: CME100, required_length: 674.8377206896552, material_specs: {'demand': 1380, 'front': 'KS231', 'middle': 'CME150', 'back': 'KS161', 'c': 'CME150', 'b': 'CME100', 'die_cut': 1, 'c_type': 'C', 'b_type': 'B'}
2025-08-23 11:04:49,364 - cuttingstock.core - INFO - User provided material substitution. | Details: original_specs: {'demand': 1380, 'front': 'KS231', 'middle': 'CME150', 'back': 'KS161', 'c': 'CME150', 'b': 'CME100', 'die_cut': 1, 'c_type': 'C', 'b_type': 'B'}, new_specs: {'demand': 1380, 'front': 'KS231', 'middle': 'CME150', 'back': 'KS161', 'c': 'CME150', 'b': 'CME150', 'die_cut': 1, 'c_type': 'C', 'b_type': 'B'}, changes: {'b': 'CME150'}
2025-08-23 11:04:53,201 - cuttingstock.core - ERROR - Out of stock: Not enough stock length available for material. | Details: width: 82, material: CME150, required_length: 284.65379310344827, material_specs: {'demand': 1380, 'front': 'KS231', 'middle': 'CME150', 'back': 'KS161', 'c': 'CME150', 'b': 'CME150', 'die_cut': 1, 'c_type': 'C', 'b_type': 'B'}, known_out_of_stock: []
2025-08-23 11:04:53,201 - cuttingstock.core - INFO - Out of stock, awaiting user interaction. | Details: width: 82, material: CME150, required_length: 284.65379310344827, material_specs: {'demand': 1380, 'front': 'KS231', 'middle': 'CME150', 'back': 'KS161', 'c': 'CME150', 'b': 'CME150', 'die_cut': 1, 'c_type': 'C', 'b_type': 'B'}
2025-08-23 11:04:55,686 - cuttingstock.core - WARNING - User cancelled material substitution. | Details: original_specs: {'demand': 1380, 'front': 'KS231', 'middle': 'CME150', 'back': 'KS161', 'c': 'CME150', 'b': 'CME150', 'die_cut': 1, 'c_type': 'C', 'b_type': 'B'}, out_of_stock_material: CME150
2025-08-23 11:04:56,788 - cuttingstock.core - INFO - Starting calculation process
2025-08-23 11:04:56,799 - cuttingstock.core - INFO - Loaded order data from cache | Details: cache_path: cache\order.db
2025-08-23 11:04:56,819 - cuttingstock.core - INFO - Loaded and sorted data successfully
2025-08-23 11:04:56,823 - cuttingstock.core - INFO - Starting calculation process
2025-08-23 11:04:56,834 - cuttingstock.core - INFO - Loaded order data from cache | Details: cache_path: cache\order.db
2025-08-23 11:04:56,850 - cuttingstock.core - INFO - Loaded and sorted data successfully
2025-08-23 11:04:56,853 - cuttingstock.core - INFO - Starting calculation process
2025-08-23 11:04:56,863 - cuttingstock.core - INFO - Loaded order data from cache | Details: cache_path: cache\order.db
2025-08-23 11:04:56,878 - cuttingstock.core - INFO - Loaded and sorted data successfully
2025-08-23 11:04:56,881 - cuttingstock.core - INFO - Starting calculation process
2025-08-23 11:04:56,891 - cuttingstock.core - INFO - Loaded order data from cache | Details: cache_path: cache\order.db
2025-08-23 11:04:56,906 - cuttingstock.core - INFO - Loaded and sorted data successfully
2025-08-23 11:04:56,911 - cuttingstock.core - INFO - Starting calculation process
2025-08-23 11:04:56,922 - cuttingstock.core - INFO - Loaded order data from cache | Details: cache_path: cache\order.db
2025-08-23 11:04:56,937 - cuttingstock.core - INFO - Loaded and sorted data successfully
2025-08-23 11:04:56,941 - cuttingstock.core - INFO - Starting calculation process
2025-08-23 11:04:56,952 - cuttingstock.core - INFO - Loaded order data from cache | Details: cache_path: cache\order.db
2025-08-23 11:04:56,966 - cuttingstock.core - INFO - Loaded and sorted data successfully
2025-08-23 11:04:56,969 - cuttingstock.core - INFO - Starting calculation process
2025-08-23 11:04:56,983 - cuttingstock.core - INFO - Loaded order data from cache | Details: cache_path: cache\order.db
2025-08-23 11:04:57,000 - cuttingstock.core - INFO - Loaded and sorted data successfully
2025-08-23 11:04:57,311 - cuttingstock.core - ERROR - Out of stock: Not enough stock length available for material. | Details: width: 82, material: CM127, required_length: 901.7899, material_specs: {'demand': 2000, 'front': 'KS161 ', 'middle': 'CM127 ', 'back': ' KB160', 'c': 'CM127 ', 'b': 'CM127 ', 'die_cut': 1, 'c_type': 'C', 'b_type': 'B'}, known_out_of_stock: []
2025-08-23 11:04:57,311 - cuttingstock.core - INFO - Out of stock, awaiting user interaction. | Details: width: 82, material: CM127, required_length: 901.7899, material_specs: {'demand': 2000, 'front': 'KS161 ', 'middle': 'CM127 ', 'back': ' KB160', 'c': 'CM127 ', 'b': 'CM127 ', 'die_cut': 1, 'c_type': 'C', 'b_type': 'B'}
2025-08-23 11:05:02,628 - cuttingstock.core - INFO - User provided material substitution. | Details: original_specs: {'demand': 2000, 'front': 'KS161 ', 'middle': 'CM127 ', 'back': ' KB160', 'c': 'CM127 ', 'b': 'CM127 ', 'die_cut': 1, 'c_type': 'C', 'b_type': 'B'}, new_specs: {'demand': 2000, 'front': 'KS161', 'middle': 'CM127', 'back': 'KB160', 'c': 'CM112', 'b': 'CM127', 'die_cut': 1, 'c_type': 'C', 'b_type': 'B'}, changes: {'front': 'KS161', 'middle': 'CM127', 'back': 'KB160', 'c': 'CM112', 'b': 'CM127'}
2025-08-23 11:05:02,631 - cuttingstock.core - ERROR - Out of stock: Not enough stock length available for material. | Details: width: 82, material: CM127, required_length: 621.9240689655172, material_specs: {'demand': 2000, 'front': 'KS161', 'middle': 'CM127', 'back': 'KB160', 'c': 'CM112', 'b': 'CM127', 'die_cut': 1, 'c_type': 'C', 'b_type': 'B'}, known_out_of_stock: [('82', 'CM127')]
2025-08-23 11:05:02,632 - cuttingstock.core - INFO - Out of stock, awaiting user interaction. | Details: width: 82, material: CM127, required_length: 621.9240689655172, material_specs: {'demand': 2000, 'front': 'KS161', 'middle': 'CM127', 'back': 'KB160', 'c': 'CM112', 'b': 'CM127', 'die_cut': 1, 'c_type': 'C', 'b_type': 'B'}
2025-08-23 11:05:07,053 - cuttingstock.core - WARNING - User cancelled material substitution. | Details: original_specs: {'demand': 2000, 'front': 'KS161', 'middle': 'CM127', 'back': 'KB160', 'c': 'CM112', 'b': 'CM127', 'die_cut': 1, 'c_type': 'C', 'b_type': 'B'}, out_of_stock_material: CM127
2025-08-23 11:05:07,383 - cuttingstock.core - INFO - Starting calculation process
2025-08-23 11:05:07,394 - cuttingstock.core - INFO - Loaded order data from cache | Details: cache_path: cache\order.db
2025-08-23 11:05:07,409 - cuttingstock.core - INFO - Loaded and sorted data successfully
2025-08-23 11:05:07,412 - cuttingstock.core - INFO - Starting calculation process
2025-08-23 11:05:07,422 - cuttingstock.core - INFO - Loaded order data from cache | Details: cache_path: cache\order.db
2025-08-23 11:05:07,436 - cuttingstock.core - INFO - Loaded and sorted data successfully
2025-08-23 11:05:07,441 - cuttingstock.core - INFO - Starting calculation process
2025-08-23 11:05:07,451 - cuttingstock.core - INFO - Loaded order data from cache | Details: cache_path: cache\order.db
2025-08-23 11:05:07,465 - cuttingstock.core - INFO - Loaded and sorted data successfully
2025-08-23 11:05:07,470 - cuttingstock.core - INFO - Starting calculation process
2025-08-23 11:05:07,481 - cuttingstock.core - INFO - Loaded order data from cache | Details: cache_path: cache\order.db
2025-08-23 11:05:07,496 - cuttingstock.core - INFO - Loaded and sorted data successfully
2025-08-23 11:05:07,499 - cuttingstock.core - INFO - Starting calculation process
2025-08-23 11:05:07,510 - cuttingstock.core - INFO - Loaded order data from cache | Details: cache_path: cache\order.db
2025-08-23 11:05:07,525 - cuttingstock.core - INFO - Loaded and sorted data successfully
2025-08-23 11:05:07,531 - cuttingstock.core - INFO - Starting calculation process
2025-08-23 11:05:07,542 - cuttingstock.core - INFO - Loaded order data from cache | Details: cache_path: cache\order.db
2025-08-23 11:05:07,559 - cuttingstock.core - INFO - Loaded and sorted data successfully
2025-08-23 11:05:07,564 - cuttingstock.core - INFO - Starting calculation process
2025-08-23 11:05:07,573 - cuttingstock.core - INFO - Loaded order data from cache | Details: cache_path: cache\order.db
2025-08-23 11:05:07,590 - cuttingstock.core - INFO - Loaded and sorted data successfully
2025-08-23 11:05:12,482 - cuttingstock.core - INFO - Starting calculation process
2025-08-23 11:05:12,494 - cuttingstock.core - INFO - Loaded order data from cache | Details: cache_path: cache\order.db
2025-08-23 11:05:12,510 - cuttingstock.core - INFO - Loaded and sorted data successfully
2025-08-23 11:05:12,514 - cuttingstock.core - INFO - Starting calculation process
2025-08-23 11:05:12,524 - cuttingstock.core - INFO - Loaded order data from cache | Details: cache_path: cache\order.db
2025-08-23 11:05:12,538 - cuttingstock.core - INFO - Loaded and sorted data successfully
2025-08-23 11:05:13,073 - cuttingstock.core - INFO - Starting calculation process
2025-08-23 11:05:13,083 - cuttingstock.core - INFO - Loaded order data from cache | Details: cache_path: cache\order.db
2025-08-23 11:05:13,098 - cuttingstock.core - INFO - Loaded and sorted data successfully
2025-08-23 11:05:13,520 - cuttingstock.core - INFO - Starting calculation process
2025-08-23 11:05:13,530 - cuttingstock.core - INFO - Loaded order data from cache | Details: cache_path: cache\order.db
2025-08-23 11:05:13,544 - cuttingstock.core - INFO - Loaded and sorted data successfully
2025-08-23 11:05:14,423 - cuttingstock.core - INFO - Starting calculation process
2025-08-23 11:05:14,434 - cuttingstock.core - INFO - Loaded order data from cache | Details: cache_path: cache\order.db
2025-08-23 11:05:14,447 - cuttingstock.core - INFO - Loaded and sorted data successfully
2025-08-23 11:05:14,923 - cuttingstock.core - INFO - Starting calculation process
2025-08-23 11:05:14,940 - cuttingstock.core - INFO - Loaded order data from cache | Details: cache_path: cache\order.db
2025-08-23 11:05:14,955 - cuttingstock.core - INFO - Loaded and sorted data successfully
2025-08-23 11:05:15,372 - cuttingstock.core - INFO - Starting calculation process
2025-08-23 11:05:15,383 - cuttingstock.core - INFO - Loaded order data from cache | Details: cache_path: cache\order.db
2025-08-23 11:05:15,398 - cuttingstock.core - INFO - Loaded and sorted data successfully
2025-08-23 11:05:15,782 - cuttingstock.core - INFO - Starting calculation process
2025-08-23 11:05:15,793 - cuttingstock.core - INFO - Loaded order data from cache | Details: cache_path: cache\order.db
2025-08-23 11:05:15,807 - cuttingstock.core - INFO - Loaded and sorted data successfully
2025-08-23 11:05:16,299 - cuttingstock.core - INFO - Starting calculation process
2025-08-23 11:05:16,311 - cuttingstock.core - INFO - Loaded order data from cache | Details: cache_path: cache\order.db
2025-08-23 11:05:16,326 - cuttingstock.core - INFO - Loaded and sorted data successfully
2025-08-23 11:05:16,766 - cuttingstock.core - ERROR - Out of stock: Not enough stock length available for material. | Details: width: 82, material: KB160, required_length: 177.98758620689657, material_specs: {'demand': 580, 'front': 'KS231 ', 'back': ' KB160', 'c': 'CM127 ', 'die_cut': 1, 'c_type': 'C', 'b_type': None}, known_out_of_stock: []
2025-08-23 11:05:16,766 - cuttingstock.core - INFO - Out of stock, awaiting user interaction. | Details: width: 82, material: KB160, required_length: 177.98758620689657, material_specs: {'demand': 580, 'front': 'KS231 ', 'back': ' KB160', 'c': 'CM127 ', 'die_cut': 1, 'c_type': 'C', 'b_type': None}
2025-08-23 11:05:18,132 - cuttingstock.core - WARNING - User cancelled material substitution. | Details: original_specs: {'demand': 580, 'front': 'KS231 ', 'back': ' KB160', 'c': 'CM127 ', 'die_cut': 1, 'c_type': 'C', 'b_type': None}, out_of_stock_material: KB160
2025-08-23 11:05:18,197 - cuttingstock.core - INFO - Starting calculation process
2025-08-23 11:05:18,212 - cuttingstock.core - INFO - Loaded order data from cache | Details: cache_path: cache\order.db
2025-08-23 11:05:18,228 - cuttingstock.core - INFO - Loaded and sorted data successfully
2025-08-23 11:05:18,916 - cuttingstock.core - INFO - Starting calculation process
2025-08-23 11:05:18,926 - cuttingstock.core - INFO - Loaded order data from cache | Details: cache_path: cache\order.db
2025-08-23 11:05:18,941 - cuttingstock.core - INFO - Loaded and sorted data successfully
2025-08-23 11:05:19,407 - cuttingstock.core - INFO - Starting calculation process
2025-08-23 11:05:19,418 - cuttingstock.core - INFO - Loaded order data from cache | Details: cache_path: cache\order.db
2025-08-23 11:05:19,433 - cuttingstock.core - INFO - Loaded and sorted data successfully
2025-08-23 11:05:20,102 - cuttingstock.core - INFO - Starting calculation process
2025-08-23 11:05:20,113 - cuttingstock.core - INFO - Loaded order data from cache | Details: cache_path: cache\order.db
2025-08-23 11:05:20,127 - cuttingstock.core - INFO - Loaded and sorted data successfully
2025-08-23 11:05:20,677 - cuttingstock.core - INFO - Starting calculation process
2025-08-23 11:05:20,691 - cuttingstock.core - INFO - Loaded order data from cache | Details: cache_path: cache\order.db
2025-08-23 11:05:20,707 - cuttingstock.core - INFO - Loaded and sorted data successfully
2025-08-23 11:05:20,782 - cuttingstock.core - INFO - Starting calculation process
2025-08-23 11:05:20,798 - cuttingstock.core - INFO - Loaded order data from cache | Details: cache_path: cache\order.db
2025-08-23 11:05:20,815 - cuttingstock.core - INFO - Loaded and sorted data successfully
2025-08-23 11:05:21,297 - cuttingstock.core - INFO - Starting calculation process
2025-08-23 11:05:21,312 - cuttingstock.core - INFO - Loaded order data from cache | Details: cache_path: cache\order.db
2025-08-23 11:05:21,326 - cuttingstock.core - INFO - Loaded and sorted data successfully
2025-08-23 11:05:21,439 - cuttingstock.core - ERROR - Out of stock: Not enough stock length available for material. | Details: width: 82, material: CM127, required_length: 32.666758620689656, material_specs: {'demand': 500, 'front': 'CM127 ', 'middle': 'CM127 ', 'back': ' CM127', 'c': 'CM127 ', 'b': 'CM127 ', 'die_cut': 1, 'c_type': 'C', 'b_type': 'B'}, known_out_of_stock: []
2025-08-23 11:05:21,439 - cuttingstock.core - INFO - Out of stock, awaiting user interaction. | Details: width: 82, material: CM127, required_length: 32.666758620689656, material_specs: {'demand': 500, 'front': 'CM127 ', 'middle': 'CM127 ', 'back': ' CM127', 'c': 'CM127 ', 'b': 'CM127 ', 'die_cut': 1, 'c_type': 'C', 'b_type': 'B'}
2025-08-23 11:05:22,535 - cuttingstock.core - WARNING - User cancelled material substitution. | Details: original_specs: {'demand': 500, 'front': 'CM127 ', 'middle': 'CM127 ', 'back': ' CM127', 'c': 'CM127 ', 'b': 'CM127 ', 'die_cut': 1, 'c_type': 'C', 'b_type': 'B'}, out_of_stock_material: CM127
2025-08-23 11:05:22,553 - cuttingstock.core - INFO - Starting calculation process
2025-08-23 11:05:22,567 - cuttingstock.core - INFO - Loaded order data from cache | Details: cache_path: cache\order.db
2025-08-23 11:05:22,587 - cuttingstock.core - INFO - Loaded and sorted data successfully
2025-08-23 11:05:22,638 - cuttingstock.core - INFO - Starting calculation process
2025-08-23 11:05:22,656 - cuttingstock.core - INFO - Loaded order data from cache | Details: cache_path: cache\order.db
2025-08-23 11:05:22,672 - cuttingstock.core - INFO - Loaded and sorted data successfully
2025-08-23 11:05:22,722 - cuttingstock.core - INFO - Starting calculation process
2025-08-23 11:05:22,738 - cuttingstock.core - INFO - Loaded order data from cache | Details: cache_path: cache\order.db
2025-08-23 11:05:22,753 - cuttingstock.core - INFO - Loaded and sorted data successfully
2025-08-23 11:05:22,813 - cuttingstock.core - INFO - Starting calculation process
2025-08-23 11:05:22,828 - cuttingstock.core - INFO - Loaded order data from cache | Details: cache_path: cache\order.db
2025-08-23 11:05:22,841 - cuttingstock.core - INFO - Loaded and sorted data successfully
2025-08-23 11:05:22,890 - cuttingstock.core - INFO - Starting calculation process
2025-08-23 11:05:22,905 - cuttingstock.core - INFO - Loaded order data from cache | Details: cache_path: cache\order.db
2025-08-23 11:05:22,921 - cuttingstock.core - INFO - Loaded and sorted data successfully
2025-08-23 11:05:23,020 - cuttingstock.core - INFO - Starting calculation process
2025-08-23 11:05:23,037 - cuttingstock.core - INFO - Loaded order data from cache | Details: cache_path: cache\order.db
2025-08-23 11:05:23,051 - cuttingstock.core - INFO - Loaded and sorted data successfully
2025-08-23 11:05:23,221 - cuttingstock.core - INFO - Starting calculation process
2025-08-23 11:05:23,231 - cuttingstock.core - INFO - Loaded order data from cache | Details: cache_path: cache\order.db
2025-08-23 11:05:23,246 - cuttingstock.core - INFO - Loaded and sorted data successfully
2025-08-23 11:05:23,502 - cuttingstock.core - INFO - Starting calculation process
2025-08-23 11:05:23,513 - cuttingstock.core - INFO - Loaded order data from cache | Details: cache_path: cache\order.db
2025-08-23 11:05:23,528 - cuttingstock.core - INFO - Loaded and sorted data successfully
2025-08-23 11:05:23,638 - cuttingstock.core - INFO - Starting calculation process
2025-08-23 11:05:23,650 - cuttingstock.core - INFO - Loaded order data from cache | Details: cache_path: cache\order.db
2025-08-23 11:05:23,664 - cuttingstock.core - INFO - Loaded and sorted data successfully
2025-08-23 11:05:23,860 - cuttingstock.core - INFO - Starting calculation process
2025-08-23 11:05:23,870 - cuttingstock.core - INFO - Loaded order data from cache | Details: cache_path: cache\order.db
2025-08-23 11:05:23,886 - cuttingstock.core - INFO - Loaded and sorted data successfully
2025-08-23 11:05:23,891 - cuttingstock.core - INFO - Starting calculation process
2025-08-23 11:05:23,902 - cuttingstock.core - INFO - Loaded order data from cache | Details: cache_path: cache\order.db
2025-08-23 11:05:23,919 - cuttingstock.core - INFO - Loaded and sorted data successfully
2025-08-23 11:05:25,000 - cuttingstock.core - INFO - Starting calculation process
2025-08-23 11:05:25,010 - cuttingstock.core - INFO - Loaded order data from cache | Details: cache_path: cache\order.db
2025-08-23 11:05:25,028 - cuttingstock.core - INFO - Loaded and sorted data successfully
2025-08-23 11:05:25,646 - cuttingstock.core - ERROR - Out of stock: Not enough stock length available for material. | Details: width: 79, material: KB230, required_length: 419.7921379310345, material_specs: {'demand': 2500, 'front': 'KS231 ', 'back': ' KB230', 'c': 'CM127 ', 'die_cut': 1, 'c_type': 'C', 'b_type': None}, known_out_of_stock: []
2025-08-23 11:05:25,646 - cuttingstock.core - INFO - Out of stock, awaiting user interaction. | Details: width: 79, material: KB230, required_length: 419.7921379310345, material_specs: {'demand': 2500, 'front': 'KS231 ', 'back': ' KB230', 'c': 'CM127 ', 'die_cut': 1, 'c_type': 'C', 'b_type': None}
2025-08-23 11:05:26,732 - cuttingstock.core - WARNING - User cancelled material substitution. | Details: original_specs: {'demand': 2500, 'front': 'KS231 ', 'back': ' KB230', 'c': 'CM127 ', 'die_cut': 1, 'c_type': 'C', 'b_type': None}, out_of_stock_material: KB230
2025-08-23 11:05:26,796 - cuttingstock.core - INFO - Starting calculation process
2025-08-23 11:05:26,814 - cuttingstock.core - INFO - Loaded order data from cache | Details: cache_path: cache\order.db
2025-08-23 11:05:26,828 - cuttingstock.core - INFO - Loaded and sorted data successfully
2025-08-23 11:05:27,110 - cuttingstock.core - INFO - Starting calculation process
2025-08-23 11:05:27,121 - cuttingstock.core - INFO - Loaded order data from cache | Details: cache_path: cache\order.db
2025-08-23 11:05:27,137 - cuttingstock.core - INFO - Loaded and sorted data successfully
2025-08-23 11:05:27,931 - cuttingstock.core - ERROR - Out of stock: Not enough stock length available for material. | Details: width: 85, material: KB160, required_length: 5837.504206896552, material_specs: {'demand': 20000, 'front': 'KS161 ', 'back': ' KB160', 'c': 'CM127 ', 'die_cut': 1, 'c_type': 'C', 'b_type': None}, known_out_of_stock: []
2025-08-23 11:05:27,932 - cuttingstock.core - INFO - Out of stock, awaiting user interaction. | Details: width: 85, material: KB160, required_length: 5837.504206896552, material_specs: {'demand': 20000, 'front': 'KS161 ', 'back': ' KB160', 'c': 'CM127 ', 'die_cut': 1, 'c_type': 'C', 'b_type': None}
2025-08-23 11:05:29,567 - cuttingstock.core - WARNING - User cancelled material substitution. | Details: original_specs: {'demand': 20000, 'front': 'KS161 ', 'back': ' KB160', 'c': 'CM127 ', 'die_cut': 1, 'c_type': 'C', 'b_type': None}, out_of_stock_material: KB160
2025-08-23 11:05:29,640 - cuttingstock.core - INFO - Starting calculation process
2025-08-23 11:05:29,652 - cuttingstock.core - INFO - Loaded order data from cache | Details: cache_path: cache\order.db
2025-08-23 11:05:29,670 - cuttingstock.core - INFO - Loaded and sorted data successfully
2025-08-23 11:05:29,950 - cuttingstock.core - INFO - Starting calculation process
2025-08-23 11:05:29,963 - cuttingstock.core - INFO - Loaded order data from cache | Details: cache_path: cache\order.db
2025-08-23 11:05:29,977 - cuttingstock.core - INFO - Loaded and sorted data successfully
2025-08-23 11:05:30,249 - cuttingstock.core - INFO - Starting calculation process
2025-08-23 11:05:30,265 - cuttingstock.core - INFO - Loaded order data from cache | Details: cache_path: cache\order.db
2025-08-23 11:05:30,279 - cuttingstock.core - INFO - Loaded and sorted data successfully
2025-08-23 11:05:30,532 - cuttingstock.core - INFO - Starting calculation process
2025-08-23 11:05:30,542 - cuttingstock.core - INFO - Loaded order data from cache | Details: cache_path: cache\order.db
2025-08-23 11:05:30,557 - cuttingstock.core - INFO - Loaded and sorted data successfully
2025-08-23 11:05:30,597 - cuttingstock.core - INFO - Starting calculation process
2025-08-23 11:05:30,616 - cuttingstock.core - INFO - Loaded order data from cache | Details: cache_path: cache\order.db
2025-08-23 11:05:30,630 - cuttingstock.core - INFO - Loaded and sorted data successfully
2025-08-23 11:05:30,909 - cuttingstock.core - INFO - Starting calculation process
2025-08-23 11:05:30,919 - cuttingstock.core - INFO - Loaded order data from cache | Details: cache_path: cache\order.db
2025-08-23 11:05:30,935 - cuttingstock.core - INFO - Loaded and sorted data successfully
2025-08-23 11:05:31,022 - cuttingstock.core - ERROR - Out of stock: Not enough stock length available for material. | Details: width: 85, material: CM147, required_length: 991.9395931034484, material_specs: {'demand': 2130, 'front': 'KS161 ', 'middle': 'CM147 ', 'back': ' KB160', 'c': 'CM147 ', 'b': 'CM147 ', 'die_cut': 1, 'c_type': 'C', 'b_type': 'B'}, known_out_of_stock: []
2025-08-23 11:05:31,023 - cuttingstock.core - INFO - Out of stock, awaiting user interaction. | Details: width: 85, material: CM147, required_length: 991.9395931034484, material_specs: {'demand': 2130, 'front': 'KS161 ', 'middle': 'CM147 ', 'back': ' KB160', 'c': 'CM147 ', 'b': 'CM147 ', 'die_cut': 1, 'c_type': 'C', 'b_type': 'B'}
2025-08-23 11:05:32,108 - cuttingstock.core - WARNING - User cancelled material substitution. | Details: original_specs: {'demand': 2130, 'front': 'KS161 ', 'middle': 'CM147 ', 'back': ' KB160', 'c': 'CM147 ', 'b': 'CM147 ', 'die_cut': 1, 'c_type': 'C', 'b_type': 'B'}, out_of_stock_material: CM147
2025-08-23 11:05:32,290 - cuttingstock.core - INFO - Starting calculation process
2025-08-23 11:05:32,301 - cuttingstock.core - INFO - Loaded order data from cache | Details: cache_path: cache\order.db
2025-08-23 11:05:32,318 - cuttingstock.core - INFO - Loaded and sorted data successfully
2025-08-23 11:05:32,321 - cuttingstock.core - INFO - Starting calculation process
2025-08-23 11:05:32,332 - cuttingstock.core - INFO - Loaded order data from cache | Details: cache_path: cache\order.db
2025-08-23 11:05:32,347 - cuttingstock.core - INFO - Loaded and sorted data successfully
2025-08-23 11:05:32,443 - cuttingstock.core - ERROR - Out of stock: Not enough stock length available for material. | Details: width: 85, material: CM147, required_length: 947.6757000000001, material_specs: {'demand': 2530, 'front': 'KS231 ', 'middle': 'CM147 ', 'back': ' KB160', 'c': 'CM147 ', 'b': 'CM147 ', 'die_cut': 1, 'c_type': 'C', 'b_type': 'B'}, known_out_of_stock: []
2025-08-23 11:05:32,444 - cuttingstock.core - INFO - Out of stock, awaiting user interaction. | Details: width: 85, material: CM147, required_length: 947.6757000000001, material_specs: {'demand': 2530, 'front': 'KS231 ', 'middle': 'CM147 ', 'back': ' KB160', 'c': 'CM147 ', 'b': 'CM147 ', 'die_cut': 1, 'c_type': 'C', 'b_type': 'B'}
2025-08-23 11:05:33,316 - cuttingstock.core - WARNING - User cancelled material substitution. | Details: original_specs: {'demand': 2530, 'front': 'KS231 ', 'middle': 'CM147 ', 'back': ' KB160', 'c': 'CM147 ', 'b': 'CM147 ', 'die_cut': 1, 'c_type': 'C', 'b_type': 'B'}, out_of_stock_material: CM147
2025-08-23 11:05:33,496 - cuttingstock.core - INFO - Starting calculation process
2025-08-23 11:05:33,508 - cuttingstock.core - INFO - Loaded order data from cache | Details: cache_path: cache\order.db
2025-08-23 11:05:33,525 - cuttingstock.core - INFO - Loaded and sorted data successfully
2025-08-23 11:05:33,530 - cuttingstock.core - INFO - Starting calculation process
2025-08-23 11:05:33,541 - cuttingstock.core - INFO - Loaded order data from cache | Details: cache_path: cache\order.db
2025-08-23 11:05:33,556 - cuttingstock.core - INFO - Loaded and sorted data successfully
2025-08-23 11:05:33,611 - cuttingstock.core - ERROR - Out of stock: Not enough stock length available for material. | Details: width: 79, material: KB230, required_length: 1244.4506206896554, material_specs: {'demand': 3920, 'front': 'KB230 ', 'middle': 'CM127 ', 'back': ' KB160', 'c': 'CM127 ', 'b': 'CM127 ', 'die_cut': 1, 'c_type': 'C', 'b_type': 'B'}, known_out_of_stock: []
2025-08-23 11:05:33,611 - cuttingstock.core - INFO - Out of stock, awaiting user interaction. | Details: width: 79, material: KB230, required_length: 1244.4506206896554, material_specs: {'demand': 3920, 'front': 'KB230 ', 'middle': 'CM127 ', 'back': ' KB160', 'c': 'CM127 ', 'b': 'CM127 ', 'die_cut': 1, 'c_type': 'C', 'b_type': 'B'}
2025-08-23 11:05:34,164 - cuttingstock.core - WARNING - User cancelled material substitution. | Details: original_specs: {'demand': 3920, 'front': 'KB230 ', 'middle': 'CM127 ', 'back': ' KB160', 'c': 'CM127 ', 'b': 'CM127 ', 'die_cut': 1, 'c_type': 'C', 'b_type': 'B'}, out_of_stock_material: KB230
2025-08-23 11:05:34,206 - cuttingstock.core - INFO - Starting calculation process
2025-08-23 11:05:34,218 - cuttingstock.core - INFO - Loaded order data from cache | Details: cache_path: cache\order.db
2025-08-23 11:05:34,234 - cuttingstock.core - INFO - Loaded and sorted data successfully
2025-08-23 11:05:34,277 - cuttingstock.core - ERROR - Out of stock: Not enough stock length available for material. | Details: width: 82, material: CM127, required_length: 1087.1369, material_specs: {'demand': 1500, 'front': 'KS121 ', 'back': ' CM127', 'c': 'CM127 ', 'die_cut': 1, 'c_type': 'C', 'b_type': None}, known_out_of_stock: []
2025-08-23 11:05:34,278 - cuttingstock.core - INFO - Out of stock, awaiting user interaction. | Details: width: 82, material: CM127, required_length: 1087.1369, material_specs: {'demand': 1500, 'front': 'KS121 ', 'back': ' CM127', 'c': 'CM127 ', 'die_cut': 1, 'c_type': 'C', 'b_type': None}
2025-08-23 11:05:34,748 - cuttingstock.core - WARNING - User cancelled material substitution. | Details: original_specs: {'demand': 1500, 'front': 'KS121 ', 'back': ' CM127', 'c': 'CM127 ', 'die_cut': 1, 'c_type': 'C', 'b_type': None}, out_of_stock_material: CM127
2025-08-23 11:05:34,763 - cuttingstock.core - INFO - Starting calculation process
2025-08-23 11:05:34,779 - cuttingstock.core - INFO - Loaded order data from cache | Details: cache_path: cache\order.db
2025-08-23 11:05:34,798 - cuttingstock.core - INFO - Loaded and sorted data successfully
2025-08-23 11:05:34,850 - cuttingstock.core - INFO - Starting calculation process
2025-08-23 11:05:34,866 - cuttingstock.core - INFO - Loaded order data from cache | Details: cache_path: cache\order.db
2025-08-23 11:05:34,882 - cuttingstock.core - INFO - Loaded and sorted data successfully
2025-08-23 11:05:34,935 - cuttingstock.core - INFO - Starting calculation process
2025-08-23 11:05:34,949 - cuttingstock.core - INFO - Loaded order data from cache | Details: cache_path: cache\order.db
2025-08-23 11:05:34,966 - cuttingstock.core - INFO - Loaded and sorted data successfully
2025-08-23 11:05:35,010 - cuttingstock.core - INFO - Starting calculation process
2025-08-23 11:05:35,023 - cuttingstock.core - INFO - Loaded order data from cache | Details: cache_path: cache\order.db
2025-08-23 11:05:35,038 - cuttingstock.core - INFO - Loaded and sorted data successfully
2025-08-23 11:05:35,082 - cuttingstock.core - INFO - Starting calculation process
2025-08-23 11:05:35,099 - cuttingstock.core - INFO - Loaded order data from cache | Details: cache_path: cache\order.db
2025-08-23 11:05:35,115 - cuttingstock.core - INFO - Loaded and sorted data successfully
2025-08-23 11:05:35,162 - cuttingstock.core - INFO - Starting calculation process
2025-08-23 11:05:35,180 - cuttingstock.core - INFO - Loaded order data from cache | Details: cache_path: cache\order.db
2025-08-23 11:05:35,195 - cuttingstock.core - INFO - Loaded and sorted data successfully
2025-08-23 11:05:35,235 - cuttingstock.core - INFO - Starting calculation process
2025-08-23 11:05:35,249 - cuttingstock.core - INFO - Loaded order data from cache | Details: cache_path: cache\order.db
2025-08-23 11:05:35,261 - cuttingstock.core - INFO - Loaded and sorted data successfully
2025-08-23 11:05:35,302 - cuttingstock.core - INFO - Starting calculation process
2025-08-23 11:05:35,316 - cuttingstock.core - INFO - Loaded order data from cache | Details: cache_path: cache\order.db
2025-08-23 11:05:35,330 - cuttingstock.core - INFO - Loaded and sorted data successfully
2025-08-23 11:05:35,372 - cuttingstock.core - INFO - Starting calculation process
2025-08-23 11:05:35,388 - cuttingstock.core - INFO - Loaded order data from cache | Details: cache_path: cache\order.db
2025-08-23 11:05:35,404 - cuttingstock.core - INFO - Loaded and sorted data successfully
2025-08-23 11:05:35,780 - cuttingstock.core - INFO - Starting calculation process
2025-08-23 11:05:35,792 - cuttingstock.core - INFO - Loaded order data from cache | Details: cache_path: cache\order.db
2025-08-23 11:05:35,807 - cuttingstock.core - INFO - Loaded and sorted data successfully
2025-08-23 11:05:35,812 - cuttingstock.core - INFO - Starting calculation process
2025-08-23 11:05:35,823 - cuttingstock.core - INFO - Loaded order data from cache | Details: cache_path: cache\order.db
2025-08-23 11:05:35,839 - cuttingstock.core - INFO - Loaded and sorted data successfully
2025-08-23 11:05:36,016 - cuttingstock.core - INFO - Starting calculation process
2025-08-23 11:05:36,029 - cuttingstock.core - INFO - Loaded order data from cache | Details: cache_path: cache\order.db
2025-08-23 11:05:36,045 - cuttingstock.core - INFO - Loaded and sorted data successfully
2025-08-23 11:05:36,050 - cuttingstock.core - INFO - Starting calculation process
2025-08-23 11:05:36,061 - cuttingstock.core - INFO - Loaded order data from cache | Details: cache_path: cache\order.db
2025-08-23 11:05:36,078 - cuttingstock.core - INFO - Loaded and sorted data successfully
2025-08-23 11:05:36,081 - cuttingstock.core - INFO - Starting calculation process
2025-08-23 11:05:36,094 - cuttingstock.core - INFO - Loaded order data from cache | Details: cache_path: cache\order.db
2025-08-23 11:05:36,107 - cuttingstock.core - INFO - Loaded and sorted data successfully
2025-08-23 11:05:36,111 - cuttingstock.core - INFO - Starting calculation process
2025-08-23 11:05:36,124 - cuttingstock.core - INFO - Loaded order data from cache | Details: cache_path: cache\order.db
2025-08-23 11:05:36,136 - cuttingstock.core - INFO - Loaded and sorted data successfully
2025-08-23 11:05:36,298 - cuttingstock.core - INFO - Starting calculation process
2025-08-23 11:05:36,312 - cuttingstock.core - INFO - Loaded order data from cache | Details: cache_path: cache\order.db
2025-08-23 11:05:36,325 - cuttingstock.core - INFO - Loaded and sorted data successfully
2025-08-23 11:05:36,329 - cuttingstock.core - INFO - Starting calculation process
2025-08-23 11:05:36,339 - cuttingstock.core - INFO - Loaded order data from cache | Details: cache_path: cache\order.db
2025-08-23 11:05:36,353 - cuttingstock.core - INFO - Loaded and sorted data successfully
2025-08-23 11:05:36,357 - cuttingstock.core - INFO - Starting calculation process
2025-08-23 11:05:36,367 - cuttingstock.core - INFO - Loaded order data from cache | Details: cache_path: cache\order.db
2025-08-23 11:05:36,380 - cuttingstock.core - INFO - Loaded and sorted data successfully
2025-08-23 11:05:36,385 - cuttingstock.core - INFO - Starting calculation process
2025-08-23 11:05:36,396 - cuttingstock.core - INFO - Loaded order data from cache | Details: cache_path: cache\order.db
2025-08-23 11:05:36,409 - cuttingstock.core - INFO - Loaded and sorted data successfully
2025-08-23 11:05:36,414 - cuttingstock.core - INFO - Starting calculation process
2025-08-23 11:05:36,425 - cuttingstock.core - INFO - Loaded order data from cache | Details: cache_path: cache\order.db
2025-08-23 11:05:36,442 - cuttingstock.core - INFO - Loaded and sorted data successfully
2025-08-23 11:05:36,449 - cuttingstock.core - INFO - Starting calculation process
2025-08-23 11:05:36,463 - cuttingstock.core - INFO - Loaded order data from cache | Details: cache_path: cache\order.db
2025-08-23 11:05:36,477 - cuttingstock.core - INFO - Loaded and sorted data successfully
2025-08-23 11:05:36,483 - cuttingstock.core - INFO - Starting calculation process
2025-08-23 11:05:36,493 - cuttingstock.core - INFO - Loaded order data from cache | Details: cache_path: cache\order.db
2025-08-23 11:05:36,505 - cuttingstock.core - INFO - Loaded and sorted data successfully
2025-08-23 11:05:36,684 - cuttingstock.core - INFO - Starting calculation process
2025-08-23 11:05:36,695 - cuttingstock.core - INFO - Loaded order data from cache | Details: cache_path: cache\order.db
2025-08-23 11:05:36,710 - cuttingstock.core - INFO - Loaded and sorted data successfully
2025-08-23 11:05:36,715 - cuttingstock.core - INFO - Starting calculation process
2025-08-23 11:05:36,729 - cuttingstock.core - INFO - Loaded order data from cache | Details: cache_path: cache\order.db
2025-08-23 11:05:36,743 - cuttingstock.core - INFO - Loaded and sorted data successfully
2025-08-23 11:05:36,746 - cuttingstock.core - INFO - Starting calculation process
2025-08-23 11:05:36,759 - cuttingstock.core - INFO - Loaded order data from cache | Details: cache_path: cache\order.db
2025-08-23 11:05:36,772 - cuttingstock.core - INFO - Loaded and sorted data successfully
2025-08-23 11:05:36,776 - cuttingstock.core - INFO - Starting calculation process
2025-08-23 11:05:36,786 - cuttingstock.core - INFO - Loaded order data from cache | Details: cache_path: cache\order.db
2025-08-23 11:05:36,804 - cuttingstock.core - INFO - Loaded and sorted data successfully
2025-08-23 11:05:36,809 - cuttingstock.core - INFO - Starting calculation process
2025-08-23 11:05:36,823 - cuttingstock.core - INFO - Loaded order data from cache | Details: cache_path: cache\order.db
2025-08-23 11:05:36,838 - cuttingstock.core - INFO - Loaded and sorted data successfully
2025-08-23 11:05:36,843 - cuttingstock.core - INFO - Starting calculation process
2025-08-23 11:05:36,856 - cuttingstock.core - INFO - Loaded order data from cache | Details: cache_path: cache\order.db
2025-08-23 11:05:36,870 - cuttingstock.core - INFO - Loaded and sorted data successfully
2025-08-23 11:05:36,873 - cuttingstock.core - INFO - Starting calculation process
2025-08-23 11:05:36,885 - cuttingstock.core - INFO - Loaded order data from cache | Details: cache_path: cache\order.db
2025-08-23 11:05:36,898 - cuttingstock.core - INFO - Loaded and sorted data successfully
2025-08-23 11:05:37,111 - cuttingstock.core - INFO - Starting calculation process
2025-08-23 11:05:37,121 - cuttingstock.core - INFO - Loaded order data from cache | Details: cache_path: cache\order.db
2025-08-23 11:05:37,136 - cuttingstock.core - INFO - Loaded and sorted data successfully
2025-08-23 11:05:37,139 - cuttingstock.core - INFO - Starting calculation process
2025-08-23 11:05:37,150 - cuttingstock.core - INFO - Loaded order data from cache | Details: cache_path: cache\order.db
2025-08-23 11:05:37,162 - cuttingstock.core - INFO - Loaded and sorted data successfully
2025-08-23 11:05:37,167 - cuttingstock.core - INFO - Starting calculation process
2025-08-23 11:05:37,178 - cuttingstock.core - INFO - Loaded order data from cache | Details: cache_path: cache\order.db
2025-08-23 11:05:37,190 - cuttingstock.core - INFO - Loaded and sorted data successfully
2025-08-23 11:05:37,194 - cuttingstock.core - INFO - Starting calculation process
2025-08-23 11:05:37,204 - cuttingstock.core - INFO - Loaded order data from cache | Details: cache_path: cache\order.db
2025-08-23 11:05:37,219 - cuttingstock.core - INFO - Loaded and sorted data successfully
2025-08-23 11:05:37,222 - cuttingstock.core - INFO - Starting calculation process
2025-08-23 11:05:37,235 - cuttingstock.core - INFO - Loaded order data from cache | Details: cache_path: cache\order.db
2025-08-23 11:05:37,250 - cuttingstock.core - INFO - Loaded and sorted data successfully
2025-08-23 11:05:37,254 - cuttingstock.core - INFO - Starting calculation process
2025-08-23 11:05:37,269 - cuttingstock.core - INFO - Loaded order data from cache | Details: cache_path: cache\order.db
2025-08-23 11:05:37,282 - cuttingstock.core - INFO - Loaded and sorted data successfully
2025-08-23 11:05:37,286 - cuttingstock.core - INFO - Starting calculation process
2025-08-23 11:05:37,300 - cuttingstock.core - INFO - Loaded order data from cache | Details: cache_path: cache\order.db
2025-08-23 11:05:37,312 - cuttingstock.core - INFO - Loaded and sorted data successfully
2025-08-23 11:05:37,478 - cuttingstock.core - INFO - Starting calculation process
2025-08-23 11:05:37,488 - cuttingstock.core - INFO - Loaded order data from cache | Details: cache_path: cache\order.db
2025-08-23 11:05:37,501 - cuttingstock.core - INFO - Loaded and sorted data successfully
2025-08-23 11:05:37,504 - cuttingstock.core - INFO - Starting calculation process
2025-08-23 11:05:37,514 - cuttingstock.core - INFO - Loaded order data from cache | Details: cache_path: cache\order.db
2025-08-23 11:05:37,526 - cuttingstock.core - INFO - Loaded and sorted data successfully
2025-08-23 11:05:37,530 - cuttingstock.core - INFO - Starting calculation process
2025-08-23 11:05:37,540 - cuttingstock.core - INFO - Loaded order data from cache | Details: cache_path: cache\order.db
2025-08-23 11:05:37,553 - cuttingstock.core - INFO - Loaded and sorted data successfully
2025-08-23 11:05:37,556 - cuttingstock.core - INFO - Starting calculation process
2025-08-23 11:05:37,569 - cuttingstock.core - INFO - Loaded order data from cache | Details: cache_path: cache\order.db
2025-08-23 11:05:37,582 - cuttingstock.core - INFO - Loaded and sorted data successfully
2025-08-23 11:05:37,586 - cuttingstock.core - INFO - Starting calculation process
2025-08-23 11:05:37,598 - cuttingstock.core - INFO - Loaded order data from cache | Details: cache_path: cache\order.db
2025-08-23 11:05:37,613 - cuttingstock.core - INFO - Loaded and sorted data successfully
2025-08-23 11:05:37,617 - cuttingstock.core - INFO - Starting calculation process
2025-08-23 11:05:37,631 - cuttingstock.core - INFO - Loaded order data from cache | Details: cache_path: cache\order.db
2025-08-23 11:05:37,646 - cuttingstock.core - INFO - Loaded and sorted data successfully
2025-08-23 11:05:37,650 - cuttingstock.core - INFO - Starting calculation process
2025-08-23 11:05:37,662 - cuttingstock.core - INFO - Loaded order data from cache | Details: cache_path: cache\order.db
2025-08-23 11:05:37,675 - cuttingstock.core - INFO - Loaded and sorted data successfully
2025-08-23 11:05:37,679 - cuttingstock.core - INFO - Starting calculation process
2025-08-23 11:05:37,689 - cuttingstock.core - INFO - Loaded order data from cache | Details: cache_path: cache\order.db
2025-08-23 11:05:37,702 - cuttingstock.core - INFO - Loaded and sorted data successfully
2025-08-23 11:05:37,705 - cuttingstock.core - INFO - Starting calculation process
2025-08-23 11:05:37,715 - cuttingstock.core - INFO - Loaded order data from cache | Details: cache_path: cache\order.db
2025-08-23 11:05:37,729 - cuttingstock.core - INFO - Loaded and sorted data successfully
2025-08-23 11:05:37,893 - cuttingstock.core - INFO - Starting calculation process
2025-08-23 11:05:37,905 - cuttingstock.core - INFO - Loaded order data from cache | Details: cache_path: cache\order.db
2025-08-23 11:05:37,918 - cuttingstock.core - INFO - Loaded and sorted data successfully
2025-08-23 11:05:37,921 - cuttingstock.core - INFO - Starting calculation process
2025-08-23 11:05:37,931 - cuttingstock.core - INFO - Loaded order data from cache | Details: cache_path: cache\order.db
2025-08-23 11:05:37,944 - cuttingstock.core - INFO - Loaded and sorted data successfully
2025-08-23 11:05:37,948 - cuttingstock.core - INFO - Starting calculation process
2025-08-23 11:05:37,959 - cuttingstock.core - INFO - Loaded order data from cache | Details: cache_path: cache\order.db
2025-08-23 11:05:37,971 - cuttingstock.core - INFO - Loaded and sorted data successfully
2025-08-23 11:05:37,974 - cuttingstock.core - INFO - Starting calculation process
2025-08-23 11:05:37,985 - cuttingstock.core - INFO - Loaded order data from cache | Details: cache_path: cache\order.db
2025-08-23 11:05:38,001 - cuttingstock.core - INFO - Loaded and sorted data successfully
2025-08-23 11:05:38,004 - cuttingstock.core - INFO - Starting calculation process
2025-08-23 11:05:38,017 - cuttingstock.core - INFO - Loaded order data from cache | Details: cache_path: cache\order.db
2025-08-23 11:05:38,031 - cuttingstock.core - INFO - Loaded and sorted data successfully
2025-08-23 11:05:38,191 - cuttingstock.core - INFO - Starting calculation process
2025-08-23 11:05:38,203 - cuttingstock.core - INFO - Loaded order data from cache | Details: cache_path: cache\order.db
2025-08-23 11:05:38,216 - cuttingstock.core - INFO - Loaded and sorted data successfully
2025-08-23 11:05:38,218 - cuttingstock.core - INFO - Starting calculation process
2025-08-23 11:05:38,230 - cuttingstock.core - INFO - Loaded order data from cache | Details: cache_path: cache\order.db
2025-08-23 11:05:38,243 - cuttingstock.core - INFO - Loaded and sorted data successfully
2025-08-23 11:05:38,285 - cuttingstock.core - INFO - Starting calculation process
2025-08-23 11:05:38,300 - cuttingstock.core - INFO - Loaded order data from cache | Details: cache_path: cache\order.db
2025-08-23 11:05:38,316 - cuttingstock.core - INFO - Loaded and sorted data successfully
2025-08-23 11:05:38,354 - cuttingstock.core - INFO - Starting calculation process
2025-08-23 11:05:38,370 - cuttingstock.core - INFO - Loaded order data from cache | Details: cache_path: cache\order.db
2025-08-23 11:05:38,383 - cuttingstock.core - INFO - Loaded and sorted data successfully
2025-08-23 11:05:38,419 - cuttingstock.core - INFO - Starting calculation process
2025-08-23 11:05:38,433 - cuttingstock.core - INFO - Loaded order data from cache | Details: cache_path: cache\order.db
2025-08-23 11:05:38,445 - cuttingstock.core - INFO - Loaded and sorted data successfully
2025-08-23 11:05:38,482 - cuttingstock.core - INFO - Starting calculation process
2025-08-23 11:05:38,500 - cuttingstock.core - INFO - Loaded order data from cache | Details: cache_path: cache\order.db
2025-08-23 11:05:38,514 - cuttingstock.core - INFO - Loaded and sorted data successfully
2025-08-23 11:05:38,551 - cuttingstock.core - INFO - Starting calculation process
2025-08-23 11:05:38,566 - cuttingstock.core - INFO - Loaded order data from cache | Details: cache_path: cache\order.db
2025-08-23 11:05:38,578 - cuttingstock.core - INFO - Loaded and sorted data successfully
2025-08-23 11:05:38,628 - cuttingstock.core - INFO - Starting calculation process
2025-08-23 11:05:38,643 - cuttingstock.core - INFO - Loaded order data from cache | Details: cache_path: cache\order.db
2025-08-23 11:05:38,656 - cuttingstock.core - INFO - Loaded and sorted data successfully
2025-08-23 11:05:38,691 - cuttingstock.core - INFO - Starting calculation process
2025-08-23 11:05:38,706 - cuttingstock.core - INFO - Loaded order data from cache | Details: cache_path: cache\order.db
2025-08-23 11:05:38,719 - cuttingstock.core - INFO - Loaded and sorted data successfully
2025-08-23 11:05:38,756 - cuttingstock.core - INFO - Starting calculation process
2025-08-23 11:05:38,776 - cuttingstock.core - INFO - Loaded order data from cache | Details: cache_path: cache\order.db
2025-08-23 11:05:38,788 - cuttingstock.core - INFO - Loaded and sorted data successfully
2025-08-23 11:05:38,838 - cuttingstock.core - INFO - Starting calculation process
2025-08-23 11:05:38,855 - cuttingstock.core - INFO - Loaded order data from cache | Details: cache_path: cache\order.db
2025-08-23 11:05:38,870 - cuttingstock.core - INFO - Loaded and sorted data successfully
2025-08-23 11:05:39,043 - cuttingstock.core - INFO - Starting calculation process
2025-08-23 11:05:39,053 - cuttingstock.core - INFO - Loaded order data from cache | Details: cache_path: cache\order.db
2025-08-23 11:05:39,068 - cuttingstock.core - INFO - Loaded and sorted data successfully
2025-08-23 11:05:39,071 - cuttingstock.core - INFO - Starting calculation process
2025-08-23 11:05:39,081 - cuttingstock.core - INFO - Loaded order data from cache | Details: cache_path: cache\order.db
2025-08-23 11:05:39,095 - cuttingstock.core - INFO - Loaded and sorted data successfully
2025-08-23 11:05:39,098 - cuttingstock.core - INFO - Starting calculation process
2025-08-23 11:05:39,116 - cuttingstock.core - INFO - Loaded order data from cache | Details: cache_path: cache\order.db
2025-08-23 11:05:39,132 - cuttingstock.core - INFO - Loaded and sorted data successfully
2025-08-23 11:05:39,136 - cuttingstock.core - INFO - Starting calculation process
2025-08-23 11:05:39,152 - cuttingstock.core - INFO - Loaded order data from cache | Details: cache_path: cache\order.db
2025-08-23 11:05:39,167 - cuttingstock.core - INFO - Loaded and sorted data successfully
2025-08-23 11:05:39,171 - cuttingstock.core - INFO - Starting calculation process
2025-08-23 11:05:39,187 - cuttingstock.core - INFO - Loaded order data from cache | Details: cache_path: cache\order.db
2025-08-23 11:05:39,203 - cuttingstock.core - INFO - Loaded and sorted data successfully
2025-08-23 11:05:39,207 - cuttingstock.core - INFO - Starting calculation process
2025-08-23 11:05:39,221 - cuttingstock.core - INFO - Loaded order data from cache | Details: cache_path: cache\order.db
2025-08-23 11:05:39,236 - cuttingstock.core - INFO - Loaded and sorted data successfully
2025-08-23 11:34:18,370 - cuttingstock.core - INFO - Starting calculation process
2025-08-23 11:34:18,443 - cuttingstock.core - INFO - Loaded order data from cache | Details: cache_path: cache\order.db
2025-08-23 11:34:18,463 - cuttingstock.core - INFO - Loaded and sorted data successfully
2025-08-23 11:34:19,139 - cuttingstock.core - ERROR - Out of stock: Not enough stock length available for material. | Details: width: 82, material: CM127, required_length: 502.95311379310346, material_specs: {'demand': 1380, 'front': 'KS231 ', 'middle': 'CM127 ', 'back': ' KB160', 'c': 'CM127 ', 'b': 'CM127 ', 'die_cut': 1, 'c_type': 'C', 'b_type': 'B'}, known_out_of_stock: []
2025-08-23 11:34:19,140 - cuttingstock.core - INFO - Out of stock, awaiting user interaction. | Details: width: 82, material: CM127, required_length: 502.95311379310346, material_specs: {'demand': 1380, 'front': 'KS231 ', 'middle': 'CM127 ', 'back': ' KB160', 'c': 'CM127 ', 'b': 'CM127 ', 'die_cut': 1, 'c_type': 'C', 'b_type': 'B'}
2025-08-23 11:34:23,820 - cuttingstock.core - INFO - User provided material substitution. | Details: original_specs: {'demand': 1380, 'front': 'KS231 ', 'middle': 'CM127 ', 'back': ' KB160', 'c': 'CM127 ', 'b': 'CM127 ', 'die_cut': 1, 'c_type': 'C', 'b_type': 'B'}, new_specs: {'demand': 1380, 'front': 'KS231', 'middle': 'CM127', 'back': 'KB160', 'c': 'CM127', 'b': 'CM112', 'die_cut': 1, 'c_type': 'C', 'b_type': 'B'}, changes: {'front': 'KS231', 'middle': 'CM127', 'back': 'KB160', 'c': 'CM127', 'b': 'CM112'}
2025-08-23 11:34:28,801 - cuttingstock.core - ERROR - Out of stock: Not enough stock length available for material. | Details: width: 82, material: CM127, required_length: 203.557, material_specs: {'demand': 1380, 'front': 'KS231', 'middle': 'CM127', 'back': 'KB160', 'c': 'CM127', 'b': 'CM112', 'die_cut': 1, 'c_type': 'C', 'b_type': 'B'}, known_out_of_stock: []
2025-08-23 11:34:28,801 - cuttingstock.core - INFO - Out of stock, awaiting user interaction. | Details: width: 82, material: CM127, required_length: 203.557, material_specs: {'demand': 1380, 'front': 'KS231', 'middle': 'CM127', 'back': 'KB160', 'c': 'CM127', 'b': 'CM112', 'die_cut': 1, 'c_type': 'C', 'b_type': 'B'}
2025-08-23 11:34:31,602 - cuttingstock.core - INFO - User provided material substitution. | Details: original_specs: {'demand': 1380, 'front': 'KS231', 'middle': 'CM127', 'back': 'KB160', 'c': 'CM127', 'b': 'CM112', 'die_cut': 1, 'c_type': 'C', 'b_type': 'B'}, new_specs: {'demand': 1380, 'front': 'KS231', 'middle': 'CM112', 'back': 'KB160', 'c': 'CM127', 'b': 'CM112', 'die_cut': 1, 'c_type': 'C', 'b_type': 'B'}, changes: {'middle': 'CM112'}
2025-08-23 11:34:32,458 - cuttingstock.core - ERROR - Out of stock: Not enough stock length available for material. | Details: width: 82, material: CM127, required_length: 1502.4292, material_specs: {'demand': 1380, 'front': 'KS231', 'middle': 'CM112', 'back': 'KB160', 'c': 'CM127', 'b': 'CM112', 'die_cut': 1, 'c_type': 'C', 'b_type': 'B'}, known_out_of_stock: []
2025-08-23 11:34:32,458 - cuttingstock.core - INFO - Out of stock, awaiting user interaction. | Details: width: 82, material: CM127, required_length: 1502.4292, material_specs: {'demand': 1380, 'front': 'KS231', 'middle': 'CM112', 'back': 'KB160', 'c': 'CM127', 'b': 'CM112', 'die_cut': 1, 'c_type': 'C', 'b_type': 'B'}
2025-08-23 11:34:34,047 - cuttingstock.core - INFO - User provided material substitution. | Details: original_specs: {'demand': 1380, 'front': 'KS231', 'middle': 'CM112', 'back': 'KB160', 'c': 'CM127', 'b': 'CM112', 'die_cut': 1, 'c_type': 'C', 'b_type': 'B'}, new_specs: {'demand': 1380, 'front': 'KS231', 'middle': 'CM112', 'back': 'KB160', 'c': 'CM112', 'b': 'CM112', 'die_cut': 1, 'c_type': 'C', 'b_type': 'B'}, changes: {'c': 'CM112'}
2025-08-23 11:34:45,179 - cuttingstock.core - ERROR - Out of stock: Not enough stock length available for material. | Details: width: 82, material: CM112, required_length: 254.0172103448276, material_specs: {'demand': 1380, 'front': 'KS231', 'middle': 'CM112', 'back': 'KB160', 'c': 'CM112', 'b': 'CM112', 'die_cut': 1, 'c_type': 'C', 'b_type': 'B'}, known_out_of_stock: []
2025-08-23 11:34:45,179 - cuttingstock.core - INFO - Out of stock, awaiting user interaction. | Details: width: 82, material: CM112, required_length: 254.0172103448276, material_specs: {'demand': 1380, 'front': 'KS231', 'middle': 'CM112', 'back': 'KB160', 'c': 'CM112', 'b': 'CM112', 'die_cut': 1, 'c_type': 'C', 'b_type': 'B'}
2025-08-23 11:34:48,859 - cuttingstock.core - INFO - User provided material substitution. | Details: original_specs: {'demand': 1380, 'front': 'KS231', 'middle': 'CM112', 'back': 'KB160', 'c': 'CM112', 'b': 'CM112', 'die_cut': 1, 'c_type': 'C', 'b_type': 'B'}, new_specs: {'demand': 1380, 'front': 'KS231', 'middle': 'CM127', 'back': 'KB160', 'c': 'CM112', 'b': 'CM127', 'die_cut': 1, 'c_type': 'C', 'b_type': 'B'}, changes: {'middle': 'CM127', 'b': 'CM127'}
2025-08-23 11:34:49,390 - cuttingstock.core - ERROR - Out of stock: Not enough stock length available for material. | Details: width: 82, material: CM127, required_length: 470.42453793103454, material_specs: {'demand': 1380, 'front': 'KS231', 'middle': 'CM127', 'back': 'KB160', 'c': 'CM112', 'b': 'CM127', 'die_cut': 1, 'c_type': 'C', 'b_type': 'B'}, known_out_of_stock: []
2025-08-23 11:34:49,390 - cuttingstock.core - INFO - Out of stock, awaiting user interaction. | Details: width: 82, material: CM127, required_length: 470.42453793103454, material_specs: {'demand': 1380, 'front': 'KS231', 'middle': 'CM127', 'back': 'KB160', 'c': 'CM112', 'b': 'CM127', 'die_cut': 1, 'c_type': 'C', 'b_type': 'B'}
2025-08-23 11:34:52,892 - cuttingstock.core - INFO - User provided material substitution. | Details: original_specs: {'demand': 1380, 'front': 'KS231', 'middle': 'CM127', 'back': 'KB160', 'c': 'CM112', 'b': 'CM127', 'die_cut': 1, 'c_type': 'C', 'b_type': 'B'}, new_specs: {'demand': 1380, 'front': 'KS231', 'middle': 'CM190', 'back': 'KB160', 'c': 'CM112', 'b': 'CM127', 'die_cut': 1, 'c_type': 'C', 'b_type': 'B'}, changes: {'middle': 'CM190'}
2025-08-23 11:34:53,766 - cuttingstock.core - ERROR - Out of stock: Not enough stock length available for material. | Details: width: 82, material: CM112, required_length: 2196.4594, material_specs: {'demand': 1380, 'front': 'KS231', 'middle': 'CM190', 'back': 'KB160', 'c': 'CM112', 'b': 'CM127', 'die_cut': 1, 'c_type': 'C', 'b_type': 'B'}, known_out_of_stock: []
2025-08-23 11:34:53,766 - cuttingstock.core - INFO - Out of stock, awaiting user interaction. | Details: width: 82, material: CM112, required_length: 2196.4594, material_specs: {'demand': 1380, 'front': 'KS231', 'middle': 'CM190', 'back': 'KB160', 'c': 'CM112', 'b': 'CM127', 'die_cut': 1, 'c_type': 'C', 'b_type': 'B'}
2025-08-23 11:34:56,371 - cuttingstock.core - INFO - User provided material substitution. | Details: original_specs: {'demand': 1380, 'front': 'KS231', 'middle': 'CM190', 'back': 'KB160', 'c': 'CM112', 'b': 'CM127', 'die_cut': 1, 'c_type': 'C', 'b_type': 'B'}, new_specs: {'demand': 1380, 'front': 'KS231', 'middle': 'CM190', 'back': 'KB160', 'c': 'CM127', 'b': 'CM127', 'die_cut': 1, 'c_type': 'C', 'b_type': 'B'}, changes: {'c': 'CM127'}
2025-08-23 11:34:56,375 - cuttingstock.core - ERROR - Out of stock: Not enough stock length available for material. | Details: width: 82, material: CM127, required_length: 2196.4594, material_specs: {'demand': 1380, 'front': 'KS231', 'middle': 'CM190', 'back': 'KB160', 'c': 'CM127', 'b': 'CM127', 'die_cut': 1, 'c_type': 'C', 'b_type': 'B'}, known_out_of_stock: [('82', 'CM112')]
2025-08-23 11:34:56,376 - cuttingstock.core - INFO - Out of stock, awaiting user interaction. | Details: width: 82, material: CM127, required_length: 2196.4594, material_specs: {'demand': 1380, 'front': 'KS231', 'middle': 'CM190', 'back': 'KB160', 'c': 'CM127', 'b': 'CM127', 'die_cut': 1, 'c_type': 'C', 'b_type': 'B'}
2025-08-23 11:34:58,188 - cuttingstock.core - INFO - User provided material substitution. | Details: original_specs: {'demand': 1380, 'front': 'KS231', 'middle': 'CM190', 'back': 'KB160', 'c': 'CM127', 'b': 'CM127', 'die_cut': 1, 'c_type': 'C', 'b_type': 'B'}, new_specs: {'demand': 1380, 'front': 'KS231', 'middle': 'CM190', 'back': 'KB160', 'c': 'CM190', 'b': 'CM127', 'die_cut': 1, 'c_type': 'C', 'b_type': 'B'}, changes: {'c': 'CM190'}
2025-08-23 11:34:58,191 - cuttingstock.core - ERROR - Out of stock: Not enough stock length available for material. | Details: width: 82, material: CM127, required_length: 2044.9794413793106, material_specs: {'demand': 1380, 'front': 'KS231', 'middle': 'CM190', 'back': 'KB160', 'c': 'CM190', 'b': 'CM127', 'die_cut': 1, 'c_type': 'C', 'b_type': 'B'}, known_out_of_stock: [('82', 'CM112'), ('82', 'CM127')]
2025-08-23 11:34:58,192 - cuttingstock.core - INFO - Out of stock, awaiting user interaction. | Details: width: 82, material: CM127, required_length: 2044.9794413793106, material_specs: {'demand': 1380, 'front': 'KS231', 'middle': 'CM190', 'back': 'KB160', 'c': 'CM190', 'b': 'CM127', 'die_cut': 1, 'c_type': 'C', 'b_type': 'B'}
2025-08-23 11:34:59,674 - cuttingstock.core - INFO - User provided material substitution. | Details: original_specs: {'demand': 1380, 'front': 'KS231', 'middle': 'CM190', 'back': 'KB160', 'c': 'CM190', 'b': 'CM127', 'die_cut': 1, 'c_type': 'C', 'b_type': 'B'}, new_specs: {'demand': 1380, 'front': 'KS231', 'middle': 'CM190', 'back': 'KB160', 'c': 'CM190', 'b': 'CM190', 'die_cut': 1, 'c_type': 'C', 'b_type': 'B'}, changes: {'b': 'CM190'}
2025-08-23 11:35:02,704 - cuttingstock.core - ERROR - Out of stock: Not enough stock length available for material. | Details: width: 82, material: KB160, required_length: 276.5938620689655, material_specs: {'demand': 1380, 'front': 'KS231', 'middle': 'CM190', 'back': 'KB160', 'c': 'CM190', 'b': 'CM190', 'die_cut': 1, 'c_type': 'C', 'b_type': 'B'}, known_out_of_stock: []
2025-08-23 11:35:02,704 - cuttingstock.core - INFO - Out of stock, awaiting user interaction. | Details: width: 82, material: KB160, required_length: 276.5938620689655, material_specs: {'demand': 1380, 'front': 'KS231', 'middle': 'CM190', 'back': 'KB160', 'c': 'CM190', 'b': 'CM190', 'die_cut': 1, 'c_type': 'C', 'b_type': 'B'}
2025-08-23 11:35:07,812 - cuttingstock.core - INFO - User provided material substitution. | Details: original_specs: {'demand': 1380, 'front': 'KS231', 'middle': 'CM190', 'back': 'KB160', 'c': 'CM190', 'b': 'CM190', 'die_cut': 1, 'c_type': 'C', 'b_type': 'B'}, new_specs: {'demand': 1380, 'front': 'KS231', 'middle': 'CM190', 'back': 'KS161', 'c': 'CM190', 'b': 'CM190', 'die_cut': 1, 'c_type': 'C', 'b_type': 'B'}, changes: {'back': 'KS161'}
2025-08-23 11:35:10,090 - cuttingstock.core - ERROR - Out of stock: Not enough stock length available for material. | Details: width: 82, material: CM190, required_length: 1157.3270344827586, material_specs: {'demand': 1380, 'front': 'KS231', 'middle': 'CM190', 'back': 'KS161', 'c': 'CM190', 'b': 'CM190', 'die_cut': 1, 'c_type': 'C', 'b_type': 'B'}, known_out_of_stock: []
2025-08-23 11:35:10,090 - cuttingstock.core - INFO - Out of stock, awaiting user interaction. | Details: width: 82, material: CM190, required_length: 1157.3270344827586, material_specs: {'demand': 1380, 'front': 'KS231', 'middle': 'CM190', 'back': 'KS161', 'c': 'CM190', 'b': 'CM190', 'die_cut': 1, 'c_type': 'C', 'b_type': 'B'}
2025-08-23 11:35:11,674 - cuttingstock.core - WARNING - User cancelled material substitution. | Details: original_specs: {'demand': 1380, 'front': 'KS231', 'middle': 'CM190', 'back': 'KS161', 'c': 'CM190', 'b': 'CM190', 'die_cut': 1, 'c_type': 'C', 'b_type': 'B'}, out_of_stock_material: CM190
2025-08-23 11:35:11,841 - cuttingstock.core - INFO - Starting calculation process
2025-08-23 11:35:11,851 - cuttingstock.core - INFO - Loaded order data from cache | Details: cache_path: cache\order.db
2025-08-23 11:35:11,866 - cuttingstock.core - INFO - Loaded and sorted data successfully
2025-08-23 11:35:11,869 - cuttingstock.core - INFO - Starting calculation process
2025-08-23 11:35:11,880 - cuttingstock.core - INFO - Loaded order data from cache | Details: cache_path: cache\order.db
2025-08-23 11:35:11,895 - cuttingstock.core - INFO - Loaded and sorted data successfully
2025-08-23 11:35:11,897 - cuttingstock.core - INFO - Starting calculation process
2025-08-23 11:35:11,907 - cuttingstock.core - INFO - Loaded order data from cache | Details: cache_path: cache\order.db
2025-08-23 11:35:11,921 - cuttingstock.core - INFO - Loaded and sorted data successfully
2025-08-23 11:35:11,924 - cuttingstock.core - INFO - Starting calculation process
2025-08-23 11:35:11,934 - cuttingstock.core - INFO - Loaded order data from cache | Details: cache_path: cache\order.db
2025-08-23 11:35:11,946 - cuttingstock.core - INFO - Loaded and sorted data successfully
2025-08-23 11:35:11,950 - cuttingstock.core - INFO - Starting calculation process
2025-08-23 11:35:11,960 - cuttingstock.core - INFO - Loaded order data from cache | Details: cache_path: cache\order.db
2025-08-23 11:35:11,972 - cuttingstock.core - INFO - Loaded and sorted data successfully
2025-08-23 11:35:11,976 - cuttingstock.core - INFO - Starting calculation process
2025-08-23 11:35:11,986 - cuttingstock.core - INFO - Loaded order data from cache | Details: cache_path: cache\order.db
2025-08-23 11:35:11,999 - cuttingstock.core - INFO - Loaded and sorted data successfully
2025-08-23 11:35:12,002 - cuttingstock.core - INFO - Starting calculation process
2025-08-23 11:35:12,012 - cuttingstock.core - INFO - Loaded order data from cache | Details: cache_path: cache\order.db
2025-08-23 11:35:12,025 - cuttingstock.core - INFO - Loaded and sorted data successfully
2025-08-23 11:35:12,322 - cuttingstock.core - ERROR - Out of stock: Not enough stock length available for material. | Details: width: 82, material: CM127, required_length: 901.7899, material_specs: {'demand': 2000, 'front': 'KS161 ', 'middle': 'CM127 ', 'back': ' KB160', 'c': 'CM127 ', 'b': 'CM127 ', 'die_cut': 1, 'c_type': 'C', 'b_type': 'B'}, known_out_of_stock: []
2025-08-23 11:35:12,322 - cuttingstock.core - INFO - Out of stock, awaiting user interaction. | Details: width: 82, material: CM127, required_length: 901.7899, material_specs: {'demand': 2000, 'front': 'KS161 ', 'middle': 'CM127 ', 'back': ' KB160', 'c': 'CM127 ', 'b': 'CM127 ', 'die_cut': 1, 'c_type': 'C', 'b_type': 'B'}
2025-08-23 11:35:15,009 - cuttingstock.core - WARNING - User cancelled material substitution. | Details: original_specs: {'demand': 2000, 'front': 'KS161 ', 'middle': 'CM127 ', 'back': ' KB160', 'c': 'CM127 ', 'b': 'CM127 ', 'die_cut': 1, 'c_type': 'C', 'b_type': 'B'}, out_of_stock_material: CM127
2025-08-23 11:35:15,118 - cuttingstock.core - INFO - Starting calculation process
2025-08-23 11:35:15,128 - cuttingstock.core - INFO - Loaded order data from cache | Details: cache_path: cache\order.db
2025-08-23 11:35:15,144 - cuttingstock.core - INFO - Loaded and sorted data successfully
2025-08-23 11:35:15,147 - cuttingstock.core - INFO - Starting calculation process
2025-08-23 11:35:15,157 - cuttingstock.core - INFO - Loaded order data from cache | Details: cache_path: cache\order.db
2025-08-23 11:35:15,171 - cuttingstock.core - INFO - Loaded and sorted data successfully
2025-08-23 11:35:15,173 - cuttingstock.core - INFO - Starting calculation process
2025-08-23 11:35:15,185 - cuttingstock.core - INFO - Loaded order data from cache | Details: cache_path: cache\order.db
2025-08-23 11:35:15,198 - cuttingstock.core - INFO - Loaded and sorted data successfully
2025-08-23 11:35:15,201 - cuttingstock.core - INFO - Starting calculation process
2025-08-23 11:35:15,211 - cuttingstock.core - INFO - Loaded order data from cache | Details: cache_path: cache\order.db
2025-08-23 11:35:15,225 - cuttingstock.core - INFO - Loaded and sorted data successfully
2025-08-23 11:35:15,229 - cuttingstock.core - INFO - Starting calculation process
2025-08-23 11:35:15,238 - cuttingstock.core - INFO - Loaded order data from cache | Details: cache_path: cache\order.db
2025-08-23 11:35:15,251 - cuttingstock.core - INFO - Loaded and sorted data successfully
2025-08-23 11:35:15,254 - cuttingstock.core - INFO - Starting calculation process
2025-08-23 11:35:15,265 - cuttingstock.core - INFO - Loaded order data from cache | Details: cache_path: cache\order.db
2025-08-23 11:35:15,280 - cuttingstock.core - INFO - Loaded and sorted data successfully
2025-08-23 11:35:15,283 - cuttingstock.core - INFO - Starting calculation process
2025-08-23 11:35:15,293 - cuttingstock.core - INFO - Loaded order data from cache | Details: cache_path: cache\order.db
2025-08-23 11:35:15,308 - cuttingstock.core - INFO - Loaded and sorted data successfully
2025-08-23 11:35:19,920 - cuttingstock.core - INFO - Starting calculation process
2025-08-23 11:35:19,932 - cuttingstock.core - INFO - Loaded order data from cache | Details: cache_path: cache\order.db
2025-08-23 11:35:19,945 - cuttingstock.core - INFO - Loaded and sorted data successfully
2025-08-23 11:35:19,948 - cuttingstock.core - INFO - Starting calculation process
2025-08-23 11:35:19,958 - cuttingstock.core - INFO - Loaded order data from cache | Details: cache_path: cache\order.db
2025-08-23 11:35:19,972 - cuttingstock.core - INFO - Loaded and sorted data successfully
2025-08-23 11:35:20,410 - cuttingstock.core - INFO - Starting calculation process
2025-08-23 11:35:20,419 - cuttingstock.core - INFO - Loaded order data from cache | Details: cache_path: cache\order.db
2025-08-23 11:35:20,433 - cuttingstock.core - INFO - Loaded and sorted data successfully
2025-08-23 11:35:20,823 - cuttingstock.core - INFO - Starting calculation process
2025-08-23 11:35:20,833 - cuttingstock.core - INFO - Loaded order data from cache | Details: cache_path: cache\order.db
2025-08-23 11:35:20,847 - cuttingstock.core - INFO - Loaded and sorted data successfully
2025-08-23 11:35:21,629 - cuttingstock.core - INFO - Starting calculation process
2025-08-23 11:35:21,638 - cuttingstock.core - INFO - Loaded order data from cache | Details: cache_path: cache\order.db
2025-08-23 11:35:21,653 - cuttingstock.core - INFO - Loaded and sorted data successfully
2025-08-23 11:35:22,092 - cuttingstock.core - INFO - Starting calculation process
2025-08-23 11:35:22,102 - cuttingstock.core - INFO - Loaded order data from cache | Details: cache_path: cache\order.db
2025-08-23 11:35:22,118 - cuttingstock.core - INFO - Loaded and sorted data successfully
2025-08-23 11:35:22,496 - cuttingstock.core - INFO - Starting calculation process
2025-08-23 11:35:22,506 - cuttingstock.core - INFO - Loaded order data from cache | Details: cache_path: cache\order.db
2025-08-23 11:35:22,520 - cuttingstock.core - INFO - Loaded and sorted data successfully
2025-08-23 11:35:22,885 - cuttingstock.core - INFO - Starting calculation process
2025-08-23 11:35:22,894 - cuttingstock.core - INFO - Loaded order data from cache | Details: cache_path: cache\order.db
2025-08-23 11:35:22,909 - cuttingstock.core - INFO - Loaded and sorted data successfully
2025-08-23 11:35:23,375 - cuttingstock.core - INFO - Starting calculation process
2025-08-23 11:35:23,386 - cuttingstock.core - INFO - Loaded order data from cache | Details: cache_path: cache\order.db
2025-08-23 11:35:23,399 - cuttingstock.core - INFO - Loaded and sorted data successfully
2025-08-23 11:35:23,802 - cuttingstock.core - ERROR - Out of stock: Not enough stock length available for material. | Details: width: 82, material: CM127, required_length: 258.082, material_specs: {'demand': 580, 'front': 'KS231 ', 'back': ' KB160', 'c': 'CM127 ', 'die_cut': 1, 'c_type': 'C', 'b_type': None}, known_out_of_stock: []
2025-08-23 11:35:23,802 - cuttingstock.core - INFO - Out of stock, awaiting user interaction. | Details: width: 82, material: CM127, required_length: 258.082, material_specs: {'demand': 580, 'front': 'KS231 ', 'back': ' KB160', 'c': 'CM127 ', 'die_cut': 1, 'c_type': 'C', 'b_type': None}
2025-08-23 11:35:25,412 - cuttingstock.core - WARNING - User cancelled material substitution. | Details: original_specs: {'demand': 580, 'front': 'KS231 ', 'back': ' KB160', 'c': 'CM127 ', 'die_cut': 1, 'c_type': 'C', 'b_type': None}, out_of_stock_material: CM127
2025-08-23 11:35:25,578 - cuttingstock.core - INFO - Starting calculation process
2025-08-23 11:35:25,589 - cuttingstock.core - INFO - Loaded order data from cache | Details: cache_path: cache\order.db
2025-08-23 11:35:25,604 - cuttingstock.core - INFO - Loaded and sorted data successfully
2025-08-23 11:35:25,609 - cuttingstock.core - INFO - Starting calculation process
2025-08-23 11:35:25,619 - cuttingstock.core - INFO - Loaded order data from cache | Details: cache_path: cache\order.db
2025-08-23 11:35:25,633 - cuttingstock.core - INFO - Loaded and sorted data successfully
2025-08-23 11:35:25,636 - cuttingstock.core - INFO - Starting calculation process
2025-08-23 11:35:25,645 - cuttingstock.core - INFO - Loaded order data from cache | Details: cache_path: cache\order.db
2025-08-23 11:35:25,660 - cuttingstock.core - INFO - Loaded and sorted data successfully
2025-08-23 11:35:25,663 - cuttingstock.core - INFO - Starting calculation process
2025-08-23 11:35:25,673 - cuttingstock.core - INFO - Loaded order data from cache | Details: cache_path: cache\order.db
2025-08-23 11:35:25,686 - cuttingstock.core - INFO - Loaded and sorted data successfully
2025-08-23 11:35:25,688 - cuttingstock.core - INFO - Starting calculation process
2025-08-23 11:35:25,698 - cuttingstock.core - INFO - Loaded order data from cache | Details: cache_path: cache\order.db
2025-08-23 11:35:25,713 - cuttingstock.core - INFO - Loaded and sorted data successfully
2025-08-23 11:35:25,716 - cuttingstock.core - INFO - Starting calculation process
2025-08-23 11:35:25,726 - cuttingstock.core - INFO - Loaded order data from cache | Details: cache_path: cache\order.db
2025-08-23 11:35:25,740 - cuttingstock.core - INFO - Loaded and sorted data successfully
2025-08-23 11:35:25,743 - cuttingstock.core - INFO - Starting calculation process
2025-08-23 11:35:25,753 - cuttingstock.core - INFO - Loaded order data from cache | Details: cache_path: cache\order.db
2025-08-23 11:35:25,768 - cuttingstock.core - INFO - Loaded and sorted data successfully
2025-08-23 11:35:25,863 - cuttingstock.core - ERROR - Out of stock: Not enough stock length available for material. | Details: width: 82, material: CM127, required_length: 47.3668, material_specs: {'demand': 500, 'front': 'CM127 ', 'middle': 'CM127 ', 'back': ' CM127', 'c': 'CM127 ', 'b': 'CM127 ', 'die_cut': 1, 'c_type': 'C', 'b_type': 'B'}, known_out_of_stock: []
2025-08-23 11:35:25,864 - cuttingstock.core - INFO - Out of stock, awaiting user interaction. | Details: width: 82, material: CM127, required_length: 47.3668, material_specs: {'demand': 500, 'front': 'CM127 ', 'middle': 'CM127 ', 'back': ' CM127', 'c': 'CM127 ', 'b': 'CM127 ', 'die_cut': 1, 'c_type': 'C', 'b_type': 'B'}
2025-08-23 11:35:27,153 - cuttingstock.core - WARNING - User cancelled material substitution. | Details: original_specs: {'demand': 500, 'front': 'CM127 ', 'middle': 'CM127 ', 'back': ' CM127', 'c': 'CM127 ', 'b': 'CM127 ', 'die_cut': 1, 'c_type': 'C', 'b_type': 'B'}, out_of_stock_material: CM127
2025-08-23 11:35:27,287 - cuttingstock.core - INFO - Starting calculation process
2025-08-23 11:35:27,297 - cuttingstock.core - INFO - Loaded order data from cache | Details: cache_path: cache\order.db
2025-08-23 11:35:27,311 - cuttingstock.core - INFO - Loaded and sorted data successfully
2025-08-23 11:35:27,315 - cuttingstock.core - INFO - Starting calculation process
2025-08-23 11:35:27,325 - cuttingstock.core - INFO - Loaded order data from cache | Details: cache_path: cache\order.db
2025-08-23 11:35:27,339 - cuttingstock.core - INFO - Loaded and sorted data successfully
2025-08-23 11:35:27,342 - cuttingstock.core - INFO - Starting calculation process
2025-08-23 11:35:27,352 - cuttingstock.core - INFO - Loaded order data from cache | Details: cache_path: cache\order.db
2025-08-23 11:35:27,367 - cuttingstock.core - INFO - Loaded and sorted data successfully
2025-08-23 11:35:27,370 - cuttingstock.core - INFO - Starting calculation process
2025-08-23 11:35:27,380 - cuttingstock.core - INFO - Loaded order data from cache | Details: cache_path: cache\order.db
2025-08-23 11:35:27,394 - cuttingstock.core - INFO - Loaded and sorted data successfully
2025-08-23 11:35:27,397 - cuttingstock.core - INFO - Starting calculation process
2025-08-23 11:35:27,406 - cuttingstock.core - INFO - Loaded order data from cache | Details: cache_path: cache\order.db
2025-08-23 11:35:27,419 - cuttingstock.core - INFO - Loaded and sorted data successfully
2025-08-23 11:35:27,422 - cuttingstock.core - INFO - Starting calculation process
2025-08-23 11:35:27,431 - cuttingstock.core - INFO - Loaded order data from cache | Details: cache_path: cache\order.db
2025-08-23 11:35:27,446 - cuttingstock.core - INFO - Loaded and sorted data successfully
2025-08-23 11:35:27,449 - cuttingstock.core - INFO - Starting calculation process
2025-08-23 11:35:27,458 - cuttingstock.core - INFO - Loaded order data from cache | Details: cache_path: cache\order.db
2025-08-23 11:35:27,472 - cuttingstock.core - INFO - Loaded and sorted data successfully
2025-08-23 11:35:27,475 - cuttingstock.core - INFO - Starting calculation process
2025-08-23 11:35:27,485 - cuttingstock.core - INFO - Loaded order data from cache | Details: cache_path: cache\order.db
2025-08-23 11:35:27,498 - cuttingstock.core - INFO - Loaded and sorted data successfully
2025-08-23 11:35:27,501 - cuttingstock.core - INFO - Starting calculation process
2025-08-23 11:35:27,511 - cuttingstock.core - INFO - Loaded order data from cache | Details: cache_path: cache\order.db
2025-08-23 11:35:27,524 - cuttingstock.core - INFO - Loaded and sorted data successfully
2025-08-23 11:35:27,787 - cuttingstock.core - INFO - Starting calculation process
2025-08-23 11:35:27,798 - cuttingstock.core - INFO - Loaded order data from cache | Details: cache_path: cache\order.db
2025-08-23 11:35:27,811 - cuttingstock.core - INFO - Loaded and sorted data successfully
2025-08-23 11:35:27,814 - cuttingstock.core - INFO - Starting calculation process
2025-08-23 11:35:27,824 - cuttingstock.core - INFO - Loaded order data from cache | Details: cache_path: cache\order.db
2025-08-23 11:35:27,838 - cuttingstock.core - INFO - Loaded and sorted data successfully
2025-08-23 11:35:28,078 - cuttingstock.core - INFO - Starting calculation process
2025-08-23 11:35:28,088 - cuttingstock.core - INFO - Loaded order data from cache | Details: cache_path: cache\order.db
2025-08-23 11:35:28,102 - cuttingstock.core - INFO - Loaded and sorted data successfully
2025-08-23 11:35:28,839 - cuttingstock.core - ERROR - Out of stock: Not enough stock length available for material. | Details: width: 85, material: KB160, required_length: 5837.504206896552, material_specs: {'demand': 20000, 'front': 'KS161 ', 'back': ' KB160', 'c': 'CM127 ', 'die_cut': 1, 'c_type': 'C', 'b_type': None}, known_out_of_stock: []
2025-08-23 11:35:28,840 - cuttingstock.core - INFO - Out of stock, awaiting user interaction. | Details: width: 85, material: KB160, required_length: 5837.504206896552, material_specs: {'demand': 20000, 'front': 'KS161 ', 'back': ' KB160', 'c': 'CM127 ', 'die_cut': 1, 'c_type': 'C', 'b_type': None}
2025-08-23 11:35:29,659 - cuttingstock.core - WARNING - User cancelled material substitution. | Details: original_specs: {'demand': 20000, 'front': 'KS161 ', 'back': ' KB160', 'c': 'CM127 ', 'die_cut': 1, 'c_type': 'C', 'b_type': None}, out_of_stock_material: KB160
2025-08-23 11:35:29,843 - cuttingstock.core - INFO - Starting calculation process
2025-08-23 11:35:29,854 - cuttingstock.core - INFO - Loaded order data from cache | Details: cache_path: cache\order.db
2025-08-23 11:35:29,871 - cuttingstock.core - INFO - Loaded and sorted data successfully
2025-08-23 11:35:29,874 - cuttingstock.core - INFO - Starting calculation process
2025-08-23 11:35:29,885 - cuttingstock.core - INFO - Loaded order data from cache | Details: cache_path: cache\order.db
2025-08-23 11:35:29,898 - cuttingstock.core - INFO - Loaded and sorted data successfully
2025-08-23 11:35:29,902 - cuttingstock.core - INFO - Starting calculation process
2025-08-23 11:35:29,913 - cuttingstock.core - INFO - Loaded order data from cache | Details: cache_path: cache\order.db
2025-08-23 11:35:29,926 - cuttingstock.core - INFO - Loaded and sorted data successfully
2025-08-23 11:35:29,929 - cuttingstock.core - INFO - Starting calculation process
2025-08-23 11:35:29,939 - cuttingstock.core - INFO - Loaded order data from cache | Details: cache_path: cache\order.db
2025-08-23 11:35:29,952 - cuttingstock.core - INFO - Loaded and sorted data successfully
2025-08-23 11:35:29,955 - cuttingstock.core - INFO - Starting calculation process
2025-08-23 11:35:29,964 - cuttingstock.core - INFO - Loaded order data from cache | Details: cache_path: cache\order.db
2025-08-23 11:35:29,979 - cuttingstock.core - INFO - Loaded and sorted data successfully
2025-08-23 11:35:29,982 - cuttingstock.core - INFO - Starting calculation process
2025-08-23 11:35:29,992 - cuttingstock.core - INFO - Loaded order data from cache | Details: cache_path: cache\order.db
2025-08-23 11:35:30,006 - cuttingstock.core - INFO - Loaded and sorted data successfully
2025-08-23 11:35:30,917 - cuttingstock.core - INFO - Starting calculation process
2025-08-23 11:35:30,928 - cuttingstock.core - INFO - Loaded order data from cache | Details: cache_path: cache\order.db
2025-08-23 11:35:30,941 - cuttingstock.core - INFO - Loaded and sorted data successfully
2025-08-23 11:35:31,484 - cuttingstock.core - ERROR - Out of stock: Not enough stock length available for material. | Details: width: 79, material: KB230, required_length: 419.7921379310345, material_specs: {'demand': 2500, 'front': 'KS231 ', 'back': ' KB230', 'c': 'CM127 ', 'die_cut': 1, 'c_type': 'C', 'b_type': None}, known_out_of_stock: []
2025-08-23 11:35:31,485 - cuttingstock.core - INFO - Out of stock, awaiting user interaction. | Details: width: 79, material: KB230, required_length: 419.7921379310345, material_specs: {'demand': 2500, 'front': 'KS231 ', 'back': ' KB230', 'c': 'CM127 ', 'die_cut': 1, 'c_type': 'C', 'b_type': None}
2025-08-23 11:35:32,769 - cuttingstock.core - WARNING - User cancelled material substitution. | Details: original_specs: {'demand': 2500, 'front': 'KS231 ', 'back': ' KB230', 'c': 'CM127 ', 'die_cut': 1, 'c_type': 'C', 'b_type': None}, out_of_stock_material: KB230
2025-08-23 11:35:32,958 - cuttingstock.core - INFO - Starting calculation process
2025-08-23 11:35:32,970 - cuttingstock.core - INFO - Loaded order data from cache | Details: cache_path: cache\order.db
2025-08-23 11:35:32,985 - cuttingstock.core - INFO - Loaded and sorted data successfully
2025-08-23 11:35:33,076 - cuttingstock.core - ERROR - Out of stock: Not enough stock length available for material. | Details: width: 85, material: CM147, required_length: 991.9395931034484, material_specs: {'demand': 2130, 'front': 'KS161 ', 'middle': 'CM147 ', 'back': ' KB160', 'c': 'CM147 ', 'b': 'CM147 ', 'die_cut': 1, 'c_type': 'C', 'b_type': 'B'}, known_out_of_stock: []
2025-08-23 11:35:33,076 - cuttingstock.core - INFO - Out of stock, awaiting user interaction. | Details: width: 85, material: CM147, required_length: 991.9395931034484, material_specs: {'demand': 2130, 'front': 'KS161 ', 'middle': 'CM147 ', 'back': ' KB160', 'c': 'CM147 ', 'b': 'CM147 ', 'die_cut': 1, 'c_type': 'C', 'b_type': 'B'}
2025-08-23 11:35:34,186 - cuttingstock.core - WARNING - User cancelled material substitution. | Details: original_specs: {'demand': 2130, 'front': 'KS161 ', 'middle': 'CM147 ', 'back': ' KB160', 'c': 'CM147 ', 'b': 'CM147 ', 'die_cut': 1, 'c_type': 'C', 'b_type': 'B'}, out_of_stock_material: CM147
2025-08-23 11:35:34,379 - cuttingstock.core - INFO - Starting calculation process
2025-08-23 11:35:34,391 - cuttingstock.core - INFO - Loaded order data from cache | Details: cache_path: cache\order.db
2025-08-23 11:35:34,407 - cuttingstock.core - INFO - Loaded and sorted data successfully
2025-08-23 11:35:34,410 - cuttingstock.core - INFO - Starting calculation process
2025-08-23 11:35:34,422 - cuttingstock.core - INFO - Loaded order data from cache | Details: cache_path: cache\order.db
2025-08-23 11:35:34,435 - cuttingstock.core - INFO - Loaded and sorted data successfully
2025-08-23 11:35:34,528 - cuttingstock.core - ERROR - Out of stock: Not enough stock length available for material. | Details: width: 85, material: CM147, required_length: 947.6757000000001, material_specs: {'demand': 2530, 'front': 'KS231 ', 'middle': 'CM147 ', 'back': ' KB160', 'c': 'CM147 ', 'b': 'CM147 ', 'die_cut': 1, 'c_type': 'C', 'b_type': 'B'}, known_out_of_stock: []
2025-08-23 11:35:34,528 - cuttingstock.core - INFO - Out of stock, awaiting user interaction. | Details: width: 85, material: CM147, required_length: 947.6757000000001, material_specs: {'demand': 2530, 'front': 'KS231 ', 'middle': 'CM147 ', 'back': ' KB160', 'c': 'CM147 ', 'b': 'CM147 ', 'die_cut': 1, 'c_type': 'C', 'b_type': 'B'}
2025-08-23 11:35:35,481 - cuttingstock.core - WARNING - User cancelled material substitution. | Details: original_specs: {'demand': 2530, 'front': 'KS231 ', 'middle': 'CM147 ', 'back': ' KB160', 'c': 'CM147 ', 'b': 'CM147 ', 'die_cut': 1, 'c_type': 'C', 'b_type': 'B'}, out_of_stock_material: CM147
2025-08-23 11:35:35,676 - cuttingstock.core - INFO - Starting calculation process
2025-08-23 11:35:35,688 - cuttingstock.core - INFO - Loaded order data from cache | Details: cache_path: cache\order.db
2025-08-23 11:35:35,706 - cuttingstock.core - INFO - Loaded and sorted data successfully
2025-08-23 11:35:35,710 - cuttingstock.core - INFO - Starting calculation process
2025-08-23 11:35:35,720 - cuttingstock.core - INFO - Loaded order data from cache | Details: cache_path: cache\order.db
2025-08-23 11:35:35,735 - cuttingstock.core - INFO - Loaded and sorted data successfully
2025-08-23 11:35:35,942 - cuttingstock.core - INFO - Starting calculation process
2025-08-23 11:35:35,953 - cuttingstock.core - INFO - Loaded order data from cache | Details: cache_path: cache\order.db
2025-08-23 11:35:35,969 - cuttingstock.core - INFO - Loaded and sorted data successfully
2025-08-23 11:35:36,012 - cuttingstock.core - ERROR - Out of stock: Not enough stock length available for material. | Details: width: 82, material: CM127, required_length: 1087.1369, material_specs: {'demand': 1500, 'front': 'KS121 ', 'back': ' CM127', 'c': 'CM127 ', 'die_cut': 1, 'c_type': 'C', 'b_type': None}, known_out_of_stock: []
2025-08-23 11:35:36,012 - cuttingstock.core - INFO - Out of stock, awaiting user interaction. | Details: width: 82, material: CM127, required_length: 1087.1369, material_specs: {'demand': 1500, 'front': 'KS121 ', 'back': ' CM127', 'c': 'CM127 ', 'die_cut': 1, 'c_type': 'C', 'b_type': None}
2025-08-23 11:35:36,882 - cuttingstock.core - WARNING - User cancelled material substitution. | Details: original_specs: {'demand': 1500, 'front': 'KS121 ', 'back': ' CM127', 'c': 'CM127 ', 'die_cut': 1, 'c_type': 'C', 'b_type': None}, out_of_stock_material: CM127
2025-08-23 11:35:37,025 - cuttingstock.core - INFO - Starting calculation process
2025-08-23 11:35:37,038 - cuttingstock.core - INFO - Loaded order data from cache | Details: cache_path: cache\order.db
2025-08-23 11:35:37,053 - cuttingstock.core - INFO - Loaded and sorted data successfully
2025-08-23 11:35:37,058 - cuttingstock.core - INFO - Starting calculation process
2025-08-23 11:35:37,070 - cuttingstock.core - INFO - Loaded order data from cache | Details: cache_path: cache\order.db
2025-08-23 11:35:37,084 - cuttingstock.core - INFO - Loaded and sorted data successfully
2025-08-23 11:35:37,089 - cuttingstock.core - INFO - Starting calculation process
2025-08-23 11:35:37,099 - cuttingstock.core - INFO - Loaded order data from cache | Details: cache_path: cache\order.db
2025-08-23 11:35:37,114 - cuttingstock.core - INFO - Loaded and sorted data successfully
2025-08-23 11:35:37,117 - cuttingstock.core - INFO - Starting calculation process
2025-08-23 11:35:37,127 - cuttingstock.core - INFO - Loaded order data from cache | Details: cache_path: cache\order.db
2025-08-23 11:35:37,139 - cuttingstock.core - INFO - Loaded and sorted data successfully
2025-08-23 11:35:37,142 - cuttingstock.core - INFO - Starting calculation process
2025-08-23 11:35:37,152 - cuttingstock.core - INFO - Loaded order data from cache | Details: cache_path: cache\order.db
2025-08-23 11:35:37,168 - cuttingstock.core - INFO - Loaded and sorted data successfully
2025-08-23 11:35:37,170 - cuttingstock.core - INFO - Starting calculation process
2025-08-23 11:35:37,180 - cuttingstock.core - INFO - Loaded order data from cache | Details: cache_path: cache\order.db
2025-08-23 11:35:37,194 - cuttingstock.core - INFO - Loaded and sorted data successfully
2025-08-23 11:35:37,196 - cuttingstock.core - INFO - Starting calculation process
2025-08-23 11:35:37,205 - cuttingstock.core - INFO - Loaded order data from cache | Details: cache_path: cache\order.db
2025-08-23 11:35:37,220 - cuttingstock.core - INFO - Loaded and sorted data successfully
2025-08-23 11:35:37,223 - cuttingstock.core - INFO - Starting calculation process
2025-08-23 11:35:37,232 - cuttingstock.core - INFO - Loaded order data from cache | Details: cache_path: cache\order.db
2025-08-23 11:35:37,244 - cuttingstock.core - INFO - Loaded and sorted data successfully
2025-08-23 11:35:37,247 - cuttingstock.core - INFO - Starting calculation process
2025-08-23 11:35:37,258 - cuttingstock.core - INFO - Loaded order data from cache | Details: cache_path: cache\order.db
2025-08-23 11:35:37,270 - cuttingstock.core - INFO - Loaded and sorted data successfully
2025-08-23 11:35:37,445 - cuttingstock.core - INFO - Starting calculation process
2025-08-23 11:35:37,454 - cuttingstock.core - INFO - Loaded order data from cache | Details: cache_path: cache\order.db
2025-08-23 11:35:37,470 - cuttingstock.core - INFO - Loaded and sorted data successfully
2025-08-23 11:35:37,473 - cuttingstock.core - INFO - Starting calculation process
2025-08-23 11:35:37,482 - cuttingstock.core - INFO - Loaded order data from cache | Details: cache_path: cache\order.db
2025-08-23 11:35:37,498 - cuttingstock.core - INFO - Loaded and sorted data successfully
2025-08-23 11:35:37,676 - cuttingstock.core - INFO - Starting calculation process
2025-08-23 11:35:37,686 - cuttingstock.core - INFO - Loaded order data from cache | Details: cache_path: cache\order.db
2025-08-23 11:35:37,701 - cuttingstock.core - INFO - Loaded and sorted data successfully
2025-08-23 11:35:37,704 - cuttingstock.core - INFO - Starting calculation process
2025-08-23 11:35:37,714 - cuttingstock.core - INFO - Loaded order data from cache | Details: cache_path: cache\order.db
2025-08-23 11:35:37,728 - cuttingstock.core - INFO - Loaded and sorted data successfully
2025-08-23 11:35:37,731 - cuttingstock.core - INFO - Starting calculation process
2025-08-23 11:35:37,740 - cuttingstock.core - INFO - Loaded order data from cache | Details: cache_path: cache\order.db
2025-08-23 11:35:37,753 - cuttingstock.core - INFO - Loaded and sorted data successfully
2025-08-23 11:35:37,756 - cuttingstock.core - INFO - Starting calculation process
2025-08-23 11:35:37,766 - cuttingstock.core - INFO - Loaded order data from cache | Details: cache_path: cache\order.db
2025-08-23 11:35:37,779 - cuttingstock.core - INFO - Loaded and sorted data successfully
2025-08-23 11:35:37,961 - cuttingstock.core - INFO - Starting calculation process
2025-08-23 11:35:37,971 - cuttingstock.core - INFO - Loaded order data from cache | Details: cache_path: cache\order.db
2025-08-23 11:35:37,984 - cuttingstock.core - INFO - Loaded and sorted data successfully
2025-08-23 11:35:37,987 - cuttingstock.core - INFO - Starting calculation process
2025-08-23 11:35:37,997 - cuttingstock.core - INFO - Loaded order data from cache | Details: cache_path: cache\order.db
2025-08-23 11:35:38,011 - cuttingstock.core - INFO - Loaded and sorted data successfully
2025-08-23 11:35:38,014 - cuttingstock.core - INFO - Starting calculation process
2025-08-23 11:35:38,023 - cuttingstock.core - INFO - Loaded order data from cache | Details: cache_path: cache\order.db
2025-08-23 11:35:38,037 - cuttingstock.core - INFO - Loaded and sorted data successfully
2025-08-23 11:35:38,039 - cuttingstock.core - INFO - Starting calculation process
2025-08-23 11:35:38,049 - cuttingstock.core - INFO - Loaded order data from cache | Details: cache_path: cache\order.db
2025-08-23 11:35:38,061 - cuttingstock.core - INFO - Loaded and sorted data successfully
2025-08-23 11:35:38,065 - cuttingstock.core - INFO - Starting calculation process
2025-08-23 11:35:38,075 - cuttingstock.core - INFO - Loaded order data from cache | Details: cache_path: cache\order.db
2025-08-23 11:35:38,087 - cuttingstock.core - INFO - Loaded and sorted data successfully
2025-08-23 11:35:38,090 - cuttingstock.core - INFO - Starting calculation process
2025-08-23 11:35:38,099 - cuttingstock.core - INFO - Loaded order data from cache | Details: cache_path: cache\order.db
2025-08-23 11:35:38,114 - cuttingstock.core - INFO - Loaded and sorted data successfully
2025-08-23 11:35:38,117 - cuttingstock.core - INFO - Starting calculation process
2025-08-23 11:35:38,127 - cuttingstock.core - INFO - Loaded order data from cache | Details: cache_path: cache\order.db
2025-08-23 11:35:38,140 - cuttingstock.core - INFO - Loaded and sorted data successfully
2025-08-23 11:35:38,315 - cuttingstock.core - INFO - Starting calculation process
2025-08-23 11:35:38,326 - cuttingstock.core - INFO - Loaded order data from cache | Details: cache_path: cache\order.db
2025-08-23 11:35:38,338 - cuttingstock.core - INFO - Loaded and sorted data successfully
2025-08-23 11:35:38,342 - cuttingstock.core - INFO - Starting calculation process
2025-08-23 11:35:38,353 - cuttingstock.core - INFO - Loaded order data from cache | Details: cache_path: cache\order.db
2025-08-23 11:35:38,364 - cuttingstock.core - INFO - Loaded and sorted data successfully
2025-08-23 11:35:38,367 - cuttingstock.core - INFO - Starting calculation process
2025-08-23 11:35:38,377 - cuttingstock.core - INFO - Loaded order data from cache | Details: cache_path: cache\order.db
2025-08-23 11:35:38,389 - cuttingstock.core - INFO - Loaded and sorted data successfully
2025-08-23 11:35:38,394 - cuttingstock.core - INFO - Starting calculation process
2025-08-23 11:35:38,405 - cuttingstock.core - INFO - Loaded order data from cache | Details: cache_path: cache\order.db
2025-08-23 11:35:38,417 - cuttingstock.core - INFO - Loaded and sorted data successfully
2025-08-23 11:35:38,420 - cuttingstock.core - INFO - Starting calculation process
2025-08-23 11:35:38,429 - cuttingstock.core - INFO - Loaded order data from cache | Details: cache_path: cache\order.db
2025-08-23 11:35:38,442 - cuttingstock.core - INFO - Loaded and sorted data successfully
2025-08-23 11:35:38,446 - cuttingstock.core - INFO - Starting calculation process
2025-08-23 11:35:38,455 - cuttingstock.core - INFO - Loaded order data from cache | Details: cache_path: cache\order.db
2025-08-23 11:35:38,467 - cuttingstock.core - INFO - Loaded and sorted data successfully
2025-08-23 11:35:38,470 - cuttingstock.core - INFO - Starting calculation process
2025-08-23 11:35:38,480 - cuttingstock.core - INFO - Loaded order data from cache | Details: cache_path: cache\order.db
2025-08-23 11:35:38,491 - cuttingstock.core - INFO - Loaded and sorted data successfully
2025-08-23 11:35:38,495 - cuttingstock.core - INFO - Starting calculation process
2025-08-23 11:35:38,505 - cuttingstock.core - INFO - Loaded order data from cache | Details: cache_path: cache\order.db
2025-08-23 11:35:38,517 - cuttingstock.core - INFO - Loaded and sorted data successfully
2025-08-23 11:35:38,520 - cuttingstock.core - INFO - Starting calculation process
2025-08-23 11:35:38,530 - cuttingstock.core - INFO - Loaded order data from cache | Details: cache_path: cache\order.db
2025-08-23 11:35:38,543 - cuttingstock.core - INFO - Loaded and sorted data successfully
2025-08-23 11:35:38,753 - cuttingstock.core - INFO - Starting calculation process
2025-08-23 11:35:38,763 - cuttingstock.core - INFO - Loaded order data from cache | Details: cache_path: cache\order.db
2025-08-23 11:35:38,776 - cuttingstock.core - INFO - Loaded and sorted data successfully
2025-08-23 11:35:38,779 - cuttingstock.core - INFO - Starting calculation process
2025-08-23 11:35:38,789 - cuttingstock.core - INFO - Loaded order data from cache | Details: cache_path: cache\order.db
2025-08-23 11:35:38,801 - cuttingstock.core - INFO - Loaded and sorted data successfully
2025-08-23 11:35:38,804 - cuttingstock.core - INFO - Starting calculation process
2025-08-23 11:35:38,813 - cuttingstock.core - INFO - Loaded order data from cache | Details: cache_path: cache\order.db
2025-08-23 11:35:38,825 - cuttingstock.core - INFO - Loaded and sorted data successfully
2025-08-23 11:35:38,830 - cuttingstock.core - INFO - Starting calculation process
2025-08-23 11:35:38,839 - cuttingstock.core - INFO - Loaded order data from cache | Details: cache_path: cache\order.db
2025-08-23 11:35:38,852 - cuttingstock.core - INFO - Loaded and sorted data successfully
2025-08-23 11:35:38,854 - cuttingstock.core - INFO - Starting calculation process
2025-08-23 11:35:38,866 - cuttingstock.core - INFO - Loaded order data from cache | Details: cache_path: cache\order.db
2025-08-23 11:35:38,878 - cuttingstock.core - INFO - Loaded and sorted data successfully
2025-08-23 11:35:39,053 - cuttingstock.core - INFO - Starting calculation process
2025-08-23 11:35:39,064 - cuttingstock.core - INFO - Loaded order data from cache | Details: cache_path: cache\order.db
2025-08-23 11:35:39,076 - cuttingstock.core - INFO - Loaded and sorted data successfully
2025-08-23 11:35:39,080 - cuttingstock.core - INFO - Starting calculation process
2025-08-23 11:35:39,090 - cuttingstock.core - INFO - Loaded order data from cache | Details: cache_path: cache\order.db
2025-08-23 11:35:39,102 - cuttingstock.core - INFO - Loaded and sorted data successfully
2025-08-23 11:35:39,105 - cuttingstock.core - INFO - Starting calculation process
2025-08-23 11:35:39,115 - cuttingstock.core - INFO - Loaded order data from cache | Details: cache_path: cache\order.db
2025-08-23 11:35:39,127 - cuttingstock.core - INFO - Loaded and sorted data successfully
2025-08-23 11:35:39,131 - cuttingstock.core - INFO - Starting calculation process
2025-08-23 11:35:39,141 - cuttingstock.core - INFO - Loaded order data from cache | Details: cache_path: cache\order.db
2025-08-23 11:35:39,152 - cuttingstock.core - INFO - Loaded and sorted data successfully
2025-08-23 11:35:39,155 - cuttingstock.core - INFO - Starting calculation process
2025-08-23 11:35:39,165 - cuttingstock.core - INFO - Loaded order data from cache | Details: cache_path: cache\order.db
2025-08-23 11:35:39,178 - cuttingstock.core - INFO - Loaded and sorted data successfully
2025-08-23 11:35:39,181 - cuttingstock.core - INFO - Starting calculation process
2025-08-23 11:35:39,191 - cuttingstock.core - INFO - Loaded order data from cache | Details: cache_path: cache\order.db
2025-08-23 11:35:39,203 - cuttingstock.core - INFO - Loaded and sorted data successfully
2025-08-23 11:35:39,207 - cuttingstock.core - INFO - Starting calculation process
2025-08-23 11:35:39,217 - cuttingstock.core - INFO - Loaded order data from cache | Details: cache_path: cache\order.db
2025-08-23 11:35:39,228 - cuttingstock.core - INFO - Loaded and sorted data successfully
2025-08-23 11:35:39,232 - cuttingstock.core - INFO - Starting calculation process
2025-08-23 11:35:39,242 - cuttingstock.core - INFO - Loaded order data from cache | Details: cache_path: cache\order.db
2025-08-23 11:35:39,254 - cuttingstock.core - INFO - Loaded and sorted data successfully
2025-08-23 11:35:39,257 - cuttingstock.core - INFO - Starting calculation process
2025-08-23 11:35:39,268 - cuttingstock.core - INFO - Loaded order data from cache | Details: cache_path: cache\order.db
2025-08-23 11:35:39,282 - cuttingstock.core - INFO - Loaded and sorted data successfully
2025-08-23 11:35:39,454 - cuttingstock.core - INFO - Starting calculation process
2025-08-23 11:35:39,464 - cuttingstock.core - INFO - Loaded order data from cache | Details: cache_path: cache\order.db
2025-08-23 11:35:39,479 - cuttingstock.core - INFO - Loaded and sorted data successfully
2025-08-23 11:35:39,482 - cuttingstock.core - INFO - Starting calculation process
2025-08-23 11:35:39,491 - cuttingstock.core - INFO - Loaded order data from cache | Details: cache_path: cache\order.db
2025-08-23 11:35:39,505 - cuttingstock.core - INFO - Loaded and sorted data successfully
2025-08-23 11:35:39,509 - cuttingstock.core - INFO - Starting calculation process
2025-08-23 11:35:39,519 - cuttingstock.core - INFO - Loaded order data from cache | Details: cache_path: cache\order.db
2025-08-23 11:35:39,534 - cuttingstock.core - INFO - Loaded and sorted data successfully
2025-08-23 11:35:39,536 - cuttingstock.core - INFO - Starting calculation process
2025-08-23 11:35:39,545 - cuttingstock.core - INFO - Loaded order data from cache | Details: cache_path: cache\order.db
2025-08-23 11:35:39,559 - cuttingstock.core - INFO - Loaded and sorted data successfully
2025-08-23 11:35:39,563 - cuttingstock.core - INFO - Starting calculation process
2025-08-23 11:35:39,572 - cuttingstock.core - INFO - Loaded order data from cache | Details: cache_path: cache\order.db
2025-08-23 11:35:39,585 - cuttingstock.core - INFO - Loaded and sorted data successfully
2025-08-23 11:35:39,587 - cuttingstock.core - INFO - Starting calculation process
2025-08-23 11:35:39,598 - cuttingstock.core - INFO - Loaded order data from cache | Details: cache_path: cache\order.db
2025-08-23 11:35:39,611 - cuttingstock.core - INFO - Loaded and sorted data successfully
2025-08-23 11:35:39,614 - cuttingstock.core - INFO - Starting calculation process
2025-08-23 11:35:39,623 - cuttingstock.core - INFO - Loaded order data from cache | Details: cache_path: cache\order.db
2025-08-23 11:35:39,635 - cuttingstock.core - INFO - Loaded and sorted data successfully
2025-08-23 11:35:39,673 - cuttingstock.core - ERROR - Out of stock: Not enough stock length available for material. | Details: width: 82, material: CM112, required_length: 780.3246, material_specs: {'demand': 300, 'front': 'KAC125', 'middle': 'CM112 ', 'back': ' CM112', 'c': 'CM112 ', 'b': 'CM112 ', 'die_cut': 1, 'c_type': 'C', 'b_type': 'B'}, known_out_of_stock: []
2025-08-23 11:35:39,673 - cuttingstock.core - INFO - Out of stock, awaiting user interaction. | Details: width: 82, material: CM112, required_length: 780.3246, material_specs: {'demand': 300, 'front': 'KAC125', 'middle': 'CM112 ', 'back': ' CM112', 'c': 'CM112 ', 'b': 'CM112 ', 'die_cut': 1, 'c_type': 'C', 'b_type': 'B'}
2025-08-23 11:35:40,650 - cuttingstock.core - WARNING - User cancelled material substitution. | Details: original_specs: {'demand': 300, 'front': 'KAC125', 'middle': 'CM112 ', 'back': ' CM112', 'c': 'CM112 ', 'b': 'CM112 ', 'die_cut': 1, 'c_type': 'C', 'b_type': 'B'}, out_of_stock_material: CM112
2025-08-23 11:35:40,797 - cuttingstock.core - INFO - Starting calculation process
2025-08-23 11:35:40,809 - cuttingstock.core - INFO - Loaded order data from cache | Details: cache_path: cache\order.db
2025-08-23 11:35:40,823 - cuttingstock.core - INFO - Loaded and sorted data successfully
2025-08-23 11:35:40,826 - cuttingstock.core - INFO - Starting calculation process
2025-08-23 11:35:40,837 - cuttingstock.core - INFO - Loaded order data from cache | Details: cache_path: cache\order.db
2025-08-23 11:35:40,850 - cuttingstock.core - INFO - Loaded and sorted data successfully
2025-08-23 11:35:40,853 - cuttingstock.core - INFO - Starting calculation process
2025-08-23 11:35:40,862 - cuttingstock.core - INFO - Loaded order data from cache | Details: cache_path: cache\order.db
2025-08-23 11:35:40,875 - cuttingstock.core - INFO - Loaded and sorted data successfully
2025-08-23 11:35:40,879 - cuttingstock.core - INFO - Starting calculation process
2025-08-23 11:35:40,888 - cuttingstock.core - INFO - Loaded order data from cache | Details: cache_path: cache\order.db
2025-08-23 11:35:40,900 - cuttingstock.core - INFO - Loaded and sorted data successfully
2025-08-23 11:35:40,905 - cuttingstock.core - INFO - Starting calculation process
2025-08-23 11:35:40,914 - cuttingstock.core - INFO - Loaded order data from cache | Details: cache_path: cache\order.db
2025-08-23 11:35:40,927 - cuttingstock.core - INFO - Loaded and sorted data successfully
2025-08-23 11:35:40,930 - cuttingstock.core - INFO - Starting calculation process
2025-08-23 11:35:40,939 - cuttingstock.core - INFO - Loaded order data from cache | Details: cache_path: cache\order.db
2025-08-23 11:35:40,952 - cuttingstock.core - INFO - Loaded and sorted data successfully
2025-08-23 11:35:40,955 - cuttingstock.core - INFO - Starting calculation process
2025-08-23 11:35:40,965 - cuttingstock.core - INFO - Loaded order data from cache | Details: cache_path: cache\order.db
2025-08-23 11:35:40,975 - cuttingstock.core - INFO - Loaded and sorted data successfully
2025-08-23 11:35:41,151 - cuttingstock.core - INFO - Starting calculation process
2025-08-23 11:35:41,161 - cuttingstock.core - INFO - Loaded order data from cache | Details: cache_path: cache\order.db
2025-08-23 11:35:41,174 - cuttingstock.core - INFO - Loaded and sorted data successfully
2025-08-23 11:35:41,177 - cuttingstock.core - INFO - Starting calculation process
2025-08-23 11:35:41,187 - cuttingstock.core - INFO - Loaded order data from cache | Details: cache_path: cache\order.db
2025-08-23 11:35:41,198 - cuttingstock.core - INFO - Loaded and sorted data successfully
2025-08-23 11:35:41,202 - cuttingstock.core - INFO - Starting calculation process
2025-08-23 11:35:41,211 - cuttingstock.core - INFO - Loaded order data from cache | Details: cache_path: cache\order.db
2025-08-23 11:35:41,223 - cuttingstock.core - INFO - Loaded and sorted data successfully
2025-08-23 11:35:41,226 - cuttingstock.core - INFO - Starting calculation process
2025-08-23 11:35:41,236 - cuttingstock.core - INFO - Loaded order data from cache | Details: cache_path: cache\order.db
2025-08-23 11:35:41,247 - cuttingstock.core - INFO - Loaded and sorted data successfully
2025-08-23 11:35:41,249 - cuttingstock.core - INFO - Starting calculation process
2025-08-23 11:35:41,259 - cuttingstock.core - INFO - Loaded order data from cache | Details: cache_path: cache\order.db
2025-08-23 11:35:41,272 - cuttingstock.core - INFO - Loaded and sorted data successfully
2025-08-23 11:35:41,275 - cuttingstock.core - INFO - Starting calculation process
2025-08-23 11:35:41,285 - cuttingstock.core - INFO - Loaded order data from cache | Details: cache_path: cache\order.db
2025-08-23 11:35:41,297 - cuttingstock.core - INFO - Loaded and sorted data successfully
2025-08-23 11:35:41,299 - cuttingstock.core - INFO - Starting calculation process
2025-08-23 11:35:41,309 - cuttingstock.core - INFO - Loaded order data from cache | Details: cache_path: cache\order.db
2025-08-23 11:35:41,320 - cuttingstock.core - INFO - Loaded and sorted data successfully
2025-08-23 11:35:41,537 - cuttingstock.core - INFO - Starting calculation process
2025-08-23 11:35:41,548 - cuttingstock.core - INFO - Loaded order data from cache | Details: cache_path: cache\order.db
2025-08-23 11:35:41,561 - cuttingstock.core - INFO - Loaded and sorted data successfully
2025-08-23 14:25:54,749 - cuttingstock.core - INFO - Starting calculation process
2025-08-23 14:25:54,848 - cuttingstock.core - INFO - Loaded order data from cache | Details: cache_path: cache\order.db
2025-08-23 14:25:54,878 - cuttingstock.core - INFO - Loaded and sorted data successfully
2025-08-23 14:25:55,618 - cuttingstock.core - ERROR - Out of stock: Not enough stock length available for material. | Details: width: 82, material: CM127, required_length: 502.95311379310346, material_specs: {'demand': 1380, 'front': 'KS231 ', 'middle': 'CM127 ', 'back': ' KB160', 'c': 'CM127 ', 'b': 'CM127 ', 'die_cut': 1, 'c_type': 'C', 'b_type': 'B'}, known_out_of_stock: []
2025-08-23 14:25:55,618 - cuttingstock.core - INFO - Out of stock, awaiting user interaction. | Details: width: 82, material: CM127, required_length: 502.95311379310346, material_specs: {'demand': 1380, 'front': 'KS231 ', 'middle': 'CM127 ', 'back': ' KB160', 'c': 'CM127 ', 'b': 'CM127 ', 'die_cut': 1, 'c_type': 'C', 'b_type': 'B'}
2025-08-23 14:26:01,891 - cuttingstock.core - INFO - User provided material substitution. | Details: original_specs: {'demand': 1380, 'front': 'KS231 ', 'middle': 'CM127 ', 'back': ' KB160', 'c': 'CM127 ', 'b': 'CM127 ', 'die_cut': 1, 'c_type': 'C', 'b_type': 'B'}, new_specs: {'demand': 1380, 'front': 'KS231', 'middle': 'CM127', 'back': 'KB160', 'c': 'CM112', 'b': 'CM127', 'die_cut': 1, 'c_type': 'C', 'b_type': 'B'}, changes: {'front': 'KS231', 'middle': 'CM127', 'back': 'KB160', 'c': 'CM112', 'b': 'CM127'}
2025-08-23 14:26:07,418 - cuttingstock.core - ERROR - Out of stock: Not enough stock length available for material. | Details: width: 82, material: CM127, required_length: 506.59774137931043, material_specs: {'demand': 1380, 'front': 'KS231', 'middle': 'CM127', 'back': 'KB160', 'c': 'CM112', 'b': 'CM127', 'die_cut': 1, 'c_type': 'C', 'b_type': 'B'}, known_out_of_stock: []
2025-08-23 14:26:07,418 - cuttingstock.core - INFO - Out of stock, awaiting user interaction. | Details: width: 82, material: CM127, required_length: 506.59774137931043, material_specs: {'demand': 1380, 'front': 'KS231', 'middle': 'CM127', 'back': 'KB160', 'c': 'CM112', 'b': 'CM127', 'die_cut': 1, 'c_type': 'C', 'b_type': 'B'}
2025-08-23 14:26:11,503 - cuttingstock.core - INFO - User provided material substitution. | Details: original_specs: {'demand': 1380, 'front': 'KS231', 'middle': 'CM127', 'back': 'KB160', 'c': 'CM112', 'b': 'CM127', 'die_cut': 1, 'c_type': 'C', 'b_type': 'B'}, new_specs: {'demand': 1380, 'front': 'KS231', 'middle': 'CM112', 'back': 'KB160', 'c': 'CM112', 'b': 'CM127', 'die_cut': 1, 'c_type': 'C', 'b_type': 'B'}, changes: {'middle': 'CM112'}
2025-08-23 14:26:11,996 - cuttingstock.core - ERROR - Out of stock: Not enough stock length available for material. | Details: width: 82, material: CM127, required_length: 1398.8133931034483, material_specs: {'demand': 1380, 'front': 'KS231', 'middle': 'CM112', 'back': 'KB160', 'c': 'CM112', 'b': 'CM127', 'die_cut': 1, 'c_type': 'C', 'b_type': 'B'}, known_out_of_stock: []
2025-08-23 14:26:11,996 - cuttingstock.core - INFO - Out of stock, awaiting user interaction. | Details: width: 82, material: CM127, required_length: 1398.8133931034483, material_specs: {'demand': 1380, 'front': 'KS231', 'middle': 'CM112', 'back': 'KB160', 'c': 'CM112', 'b': 'CM127', 'die_cut': 1, 'c_type': 'C', 'b_type': 'B'}
2025-08-23 14:26:13,944 - cuttingstock.core - INFO - User provided material substitution. | Details: original_specs: {'demand': 1380, 'front': 'KS231', 'middle': 'CM112', 'back': 'KB160', 'c': 'CM112', 'b': 'CM127', 'die_cut': 1, 'c_type': 'C', 'b_type': 'B'}, new_specs: {'demand': 1380, 'front': 'KS231', 'middle': 'CM112', 'back': 'KB160', 'c': 'CM112', 'b': 'CM112', 'die_cut': 1, 'c_type': 'C', 'b_type': 'B'}, changes: {'b': 'CM112'}
2025-08-23 14:26:24,646 - cuttingstock.core - ERROR - Out of stock: Not enough stock length available for material. | Details: width: 82, material: CM112, required_length: 505.2708, material_specs: {'demand': 1380, 'front': 'KS231', 'middle': 'CM112', 'back': 'KB160', 'c': 'CM112', 'b': 'CM112', 'die_cut': 1, 'c_type': 'C', 'b_type': 'B'}, known_out_of_stock: []
2025-08-23 14:26:24,646 - cuttingstock.core - INFO - Out of stock, awaiting user interaction. | Details: width: 82, material: CM112, required_length: 505.2708, material_specs: {'demand': 1380, 'front': 'KS231', 'middle': 'CM112', 'back': 'KB160', 'c': 'CM112', 'b': 'CM112', 'die_cut': 1, 'c_type': 'C', 'b_type': 'B'}
2025-08-23 14:26:34,441 - cuttingstock.core - INFO - User provided material substitution. | Details: original_specs: {'demand': 1380, 'front': 'KS231', 'middle': 'CM112', 'back': 'KB160', 'c': 'CM112', 'b': 'CM112', 'die_cut': 1, 'c_type': 'C', 'b_type': 'B'}, new_specs: {'demand': 1380, 'front': 'KS231', 'middle': 'CM127', 'back': 'KB160', 'c': 'CM127', 'b': 'CM127', 'die_cut': 1, 'c_type': 'C', 'b_type': 'B'}, changes: {'middle': 'CM127', 'c': 'CM127', 'b': 'CM127'}
2025-08-23 14:26:34,444 - cuttingstock.core - ERROR - Out of stock: Not enough stock length available for material. | Details: width: 82, material: CM127, required_length: 470.42453793103454, material_specs: {'demand': 1380, 'front': 'KS231', 'middle': 'CM127', 'back': 'KB160', 'c': 'CM127', 'b': 'CM127', 'die_cut': 1, 'c_type': 'C', 'b_type': 'B'}, known_out_of_stock: [('82', 'CM112')]
2025-08-23 14:26:34,445 - cuttingstock.core - INFO - Out of stock, awaiting user interaction. | Details: width: 82, material: CM127, required_length: 470.42453793103454, material_specs: {'demand': 1380, 'front': 'KS231', 'middle': 'CM127', 'back': 'KB160', 'c': 'CM127', 'b': 'CM127', 'die_cut': 1, 'c_type': 'C', 'b_type': 'B'}
2025-08-23 14:26:41,072 - cuttingstock.core - INFO - User provided material substitution. | Details: original_specs: {'demand': 1380, 'front': 'KS231', 'middle': 'CM127', 'back': 'KB160', 'c': 'CM127', 'b': 'CM127', 'die_cut': 1, 'c_type': 'C', 'b_type': 'B'}, new_specs: {'demand': 1380, 'front': 'KS231', 'middle': 'CM190', 'back': 'KB160', 'c': 'CM190', 'b': 'CM127', 'die_cut': 1, 'c_type': 'C', 'b_type': 'B'}, changes: {'middle': 'CM190', 'c': 'CM190'}
2025-08-23 14:26:42,993 - cuttingstock.core - ERROR - Out of stock: Not enough stock length available for material. | Details: width: 82, material: CM127, required_length: 2044.9794413793106, material_specs: {'demand': 1380, 'front': 'KS231', 'middle': 'CM190', 'back': 'KB160', 'c': 'CM190', 'b': 'CM127', 'die_cut': 1, 'c_type': 'C', 'b_type': 'B'}, known_out_of_stock: []
2025-08-23 14:26:42,993 - cuttingstock.core - INFO - Out of stock, awaiting user interaction. | Details: width: 82, material: CM127, required_length: 2044.9794413793106, material_specs: {'demand': 1380, 'front': 'KS231', 'middle': 'CM190', 'back': 'KB160', 'c': 'CM190', 'b': 'CM127', 'die_cut': 1, 'c_type': 'C', 'b_type': 'B'}
2025-08-23 14:26:45,616 - cuttingstock.core - INFO - User provided material substitution. | Details: original_specs: {'demand': 1380, 'front': 'KS231', 'middle': 'CM190', 'back': 'KB160', 'c': 'CM190', 'b': 'CM127', 'die_cut': 1, 'c_type': 'C', 'b_type': 'B'}, new_specs: {'demand': 1380, 'front': 'KS231', 'middle': 'CM190', 'back': 'KB160', 'c': 'CM190', 'b': 'CM190', 'die_cut': 1, 'c_type': 'C', 'b_type': 'B'}, changes: {'b': 'CM190'}
2025-08-23 14:26:48,772 - cuttingstock.core - ERROR - Out of stock: Not enough stock length available for material. | Details: width: 82, material: KB160, required_length: 276.5938620689655, material_specs: {'demand': 1380, 'front': 'KS231', 'middle': 'CM190', 'back': 'KB160', 'c': 'CM190', 'b': 'CM190', 'die_cut': 1, 'c_type': 'C', 'b_type': 'B'}, known_out_of_stock: []
2025-08-23 14:26:48,772 - cuttingstock.core - INFO - Out of stock, awaiting user interaction. | Details: width: 82, material: KB160, required_length: 276.5938620689655, material_specs: {'demand': 1380, 'front': 'KS231', 'middle': 'CM190', 'back': 'KB160', 'c': 'CM190', 'b': 'CM190', 'die_cut': 1, 'c_type': 'C', 'b_type': 'B'}
2025-08-23 14:26:52,720 - cuttingstock.core - INFO - User provided material substitution. | Details: original_specs: {'demand': 1380, 'front': 'KS231', 'middle': 'CM190', 'back': 'KB160', 'c': 'CM190', 'b': 'CM190', 'die_cut': 1, 'c_type': 'C', 'b_type': 'B'}, new_specs: {'demand': 1380, 'front': 'KS231', 'middle': 'CM190', 'back': 'KS161', 'c': 'CM190', 'b': 'CM190', 'die_cut': 1, 'c_type': 'C', 'b_type': 'B'}, changes: {'back': 'KS161'}
2025-08-23 14:26:55,057 - cuttingstock.core - ERROR - Out of stock: Not enough stock length available for material. | Details: width: 82, material: CM190, required_length: 1678.1242, material_specs: {'demand': 1380, 'front': 'KS231', 'middle': 'CM190', 'back': 'KS161', 'c': 'CM190', 'b': 'CM190', 'die_cut': 1, 'c_type': 'C', 'b_type': 'B'}, known_out_of_stock: []
2025-08-23 14:26:55,057 - cuttingstock.core - INFO - Out of stock, awaiting user interaction. | Details: width: 82, material: CM190, required_length: 1678.1242, material_specs: {'demand': 1380, 'front': 'KS231', 'middle': 'CM190', 'back': 'KS161', 'c': 'CM190', 'b': 'CM190', 'die_cut': 1, 'c_type': 'C', 'b_type': 'B'}
2025-08-23 14:27:00,827 - cuttingstock.core - INFO - User provided material substitution. | Details: original_specs: {'demand': 1380, 'front': 'KS231', 'middle': 'CM190', 'back': 'KS161', 'c': 'CM190', 'b': 'CM190', 'die_cut': 1, 'c_type': 'C', 'b_type': 'B'}, new_specs: {'demand': 1380, 'front': 'KS231', 'middle': 'CM127', 'back': 'KS161', 'c': 'CM127', 'b': 'CME100', 'die_cut': 1, 'c_type': 'C', 'b_type': 'B'}, changes: {'middle': 'CM127', 'c': 'CM127', 'b': 'CME100'}
2025-08-23 14:27:00,831 - cuttingstock.core - ERROR - Out of stock: Not enough stock length available for material. | Details: width: 82, material: CM127, required_length: 1678.1242, material_specs: {'demand': 1380, 'front': 'KS231', 'middle': 'CM127', 'back': 'KS161', 'c': 'CM127', 'b': 'CME100', 'die_cut': 1, 'c_type': 'C', 'b_type': 'B'}, known_out_of_stock: [('82', 'CM190')]
2025-08-23 14:27:00,831 - cuttingstock.core - INFO - Out of stock, awaiting user interaction. | Details: width: 82, material: CM127, required_length: 1678.1242, material_specs: {'demand': 1380, 'front': 'KS231', 'middle': 'CM127', 'back': 'KS161', 'c': 'CM127', 'b': 'CME100', 'die_cut': 1, 'c_type': 'C', 'b_type': 'B'}
2025-08-23 14:27:05,144 - cuttingstock.core - INFO - User provided material substitution. | Details: original_specs: {'demand': 1380, 'front': 'KS231', 'middle': 'CM127', 'back': 'KS161', 'c': 'CM127', 'b': 'CME100', 'die_cut': 1, 'c_type': 'C', 'b_type': 'B'}, new_specs: {'demand': 1380, 'front': 'KS231', 'middle': 'CM112', 'back': 'KS161', 'c': 'CM112', 'b': 'CME100', 'die_cut': 1, 'c_type': 'C', 'b_type': 'B'}, changes: {'middle': 'CM112', 'c': 'CM112'}
2025-08-23 14:27:05,147 - cuttingstock.core - ERROR - Out of stock: Not enough stock length available for material. | Details: width: 82, material: CM112, required_length: 1157.3270344827586, material_specs: {'demand': 1380, 'front': 'KS231', 'middle': 'CM112', 'back': 'KS161', 'c': 'CM112', 'b': 'CME100', 'die_cut': 1, 'c_type': 'C', 'b_type': 'B'}, known_out_of_stock: [('82', 'CM190'), ('82', 'CM127')]
2025-08-23 14:27:05,148 - cuttingstock.core - INFO - Out of stock, awaiting user interaction. | Details: width: 82, material: CM112, required_length: 1157.3270344827586, material_specs: {'demand': 1380, 'front': 'KS231', 'middle': 'CM112', 'back': 'KS161', 'c': 'CM112', 'b': 'CME100', 'die_cut': 1, 'c_type': 'C', 'b_type': 'B'}
2025-08-23 14:27:07,474 - cuttingstock.core - INFO - User provided material substitution. | Details: original_specs: {'demand': 1380, 'front': 'KS231', 'middle': 'CM112', 'back': 'KS161', 'c': 'CM112', 'b': 'CME100', 'die_cut': 1, 'c_type': 'C', 'b_type': 'B'}, new_specs: {'demand': 1380, 'front': 'KS231', 'middle': 'CME100', 'back': 'KS161', 'c': 'CM112', 'b': 'CME100', 'die_cut': 1, 'c_type': 'C', 'b_type': 'B'}, changes: {'middle': 'CME100'}
2025-08-23 14:27:07,479 - cuttingstock.core - ERROR - Out of stock: Not enough stock length available for material. | Details: width: 82, material: CME100, required_length: 1562.3914965517242, material_specs: {'demand': 1380, 'front': 'KS231', 'middle': 'CME100', 'back': 'KS161', 'c': 'CM112', 'b': 'CME100', 'die_cut': 1, 'c_type': 'C', 'b_type': 'B'}, known_out_of_stock: [('82', 'CM190'), ('82', 'CM127'), ('82', 'CM112')]
2025-08-23 14:27:07,479 - cuttingstock.core - INFO - Out of stock, awaiting user interaction. | Details: width: 82, material: CME100, required_length: 1562.3914965517242, material_specs: {'demand': 1380, 'front': 'KS231', 'middle': 'CME100', 'back': 'KS161', 'c': 'CM112', 'b': 'CME100', 'die_cut': 1, 'c_type': 'C', 'b_type': 'B'}
2025-08-23 14:27:09,369 - cuttingstock.core - INFO - User provided material substitution. | Details: original_specs: {'demand': 1380, 'front': 'KS231', 'middle': 'CME100', 'back': 'KS161', 'c': 'CM112', 'b': 'CME100', 'die_cut': 1, 'c_type': 'C', 'b_type': 'B'}, new_specs: {'demand': 1380, 'front': 'KS231', 'middle': 'CME150', 'back': 'KS161', 'c': 'CM112', 'b': 'CME100', 'die_cut': 1, 'c_type': 'C', 'b_type': 'B'}, changes: {'middle': 'CME150'}
2025-08-23 14:27:10,422 - cuttingstock.core - ERROR - Out of stock: Not enough stock length available for material. | Details: width: 82, material: CM112, required_length: 855.1857, material_specs: {'demand': 1380, 'front': 'KS231', 'middle': 'CME150', 'back': 'KS161', 'c': 'CM112', 'b': 'CME100', 'die_cut': 1, 'c_type': 'C', 'b_type': 'B'}, known_out_of_stock: []
2025-08-23 14:27:10,422 - cuttingstock.core - INFO - Out of stock, awaiting user interaction. | Details: width: 82, material: CM112, required_length: 855.1857, material_specs: {'demand': 1380, 'front': 'KS231', 'middle': 'CME150', 'back': 'KS161', 'c': 'CM112', 'b': 'CME100', 'die_cut': 1, 'c_type': 'C', 'b_type': 'B'}
2025-08-23 14:27:14,057 - cuttingstock.core - INFO - User provided material substitution. | Details: original_specs: {'demand': 1380, 'front': 'KS231', 'middle': 'CME150', 'back': 'KS161', 'c': 'CM112', 'b': 'CME100', 'die_cut': 1, 'c_type': 'C', 'b_type': 'B'}, new_specs: {'demand': 1380, 'front': 'KS231', 'middle': 'CME150', 'back': 'KS161', 'c': 'CM127', 'b': 'CME100', 'die_cut': 1, 'c_type': 'C', 'b_type': 'B'}, changes: {'c': 'CM127'}
2025-08-23 14:27:14,061 - cuttingstock.core - ERROR - Out of stock: Not enough stock length available for material. | Details: width: 82, material: CM127, required_length: 855.1857, material_specs: {'demand': 1380, 'front': 'KS231', 'middle': 'CME150', 'back': 'KS161', 'c': 'CM127', 'b': 'CME100', 'die_cut': 1, 'c_type': 'C', 'b_type': 'B'}, known_out_of_stock: [('82', 'CM112')]
2025-08-23 14:27:14,061 - cuttingstock.core - INFO - Out of stock, awaiting user interaction. | Details: width: 82, material: CM127, required_length: 855.1857, material_specs: {'demand': 1380, 'front': 'KS231', 'middle': 'CME150', 'back': 'KS161', 'c': 'CM127', 'b': 'CME100', 'die_cut': 1, 'c_type': 'C', 'b_type': 'B'}
2025-08-23 14:27:15,728 - cuttingstock.core - INFO - User provided material substitution. | Details: original_specs: {'demand': 1380, 'front': 'KS231', 'middle': 'CME150', 'back': 'KS161', 'c': 'CM127', 'b': 'CME100', 'die_cut': 1, 'c_type': 'C', 'b_type': 'B'}, new_specs: {'demand': 1380, 'front': 'KS231', 'middle': 'CME150', 'back': 'KS161', 'c': 'CM190', 'b': 'CME100', 'die_cut': 1, 'c_type': 'C', 'b_type': 'B'}, changes: {'c': 'CM190'}
2025-08-23 14:27:17,298 - cuttingstock.core - ERROR - Out of stock: Not enough stock length available for material. | Details: width: 82, material: CM190, required_length: 158.3136, material_specs: {'demand': 1380, 'front': 'KS231', 'middle': 'CME150', 'back': 'KS161', 'c': 'CM190', 'b': 'CME100', 'die_cut': 1, 'c_type': 'C', 'b_type': 'B'}, known_out_of_stock: []
2025-08-23 14:27:17,298 - cuttingstock.core - INFO - Out of stock, awaiting user interaction. | Details: width: 82, material: CM190, required_length: 158.3136, material_specs: {'demand': 1380, 'front': 'KS231', 'middle': 'CME150', 'back': 'KS161', 'c': 'CM190', 'b': 'CME100', 'die_cut': 1, 'c_type': 'C', 'b_type': 'B'}
2025-08-23 14:27:20,121 - cuttingstock.core - INFO - User provided material substitution. | Details: original_specs: {'demand': 1380, 'front': 'KS231', 'middle': 'CME150', 'back': 'KS161', 'c': 'CM190', 'b': 'CME100', 'die_cut': 1, 'c_type': 'C', 'b_type': 'B'}, new_specs: {'demand': 1380, 'front': 'KS231', 'middle': 'CME150', 'back': 'KS161', 'c': 'CME100', 'b': 'CME100', 'die_cut': 1, 'c_type': 'C', 'b_type': 'B'}, changes: {'c': 'CME100'}
2025-08-23 14:27:21,014 - cuttingstock.core - ERROR - Out of stock: Not enough stock length available for material. | Details: width: 82, material: CME100, required_length: 678.0189724137932, material_specs: {'demand': 1380, 'front': 'KS231', 'middle': 'CME150', 'back': 'KS161', 'c': 'CME100', 'b': 'CME100', 'die_cut': 1, 'c_type': 'C', 'b_type': 'B'}, known_out_of_stock: []
2025-08-23 14:27:21,015 - cuttingstock.core - INFO - Out of stock, awaiting user interaction. | Details: width: 82, material: CME100, required_length: 678.0189724137932, material_specs: {'demand': 1380, 'front': 'KS231', 'middle': 'CME150', 'back': 'KS161', 'c': 'CME100', 'b': 'CME100', 'die_cut': 1, 'c_type': 'C', 'b_type': 'B'}
2025-08-23 14:27:23,031 - cuttingstock.core - INFO - User provided material substitution. | Details: original_specs: {'demand': 1380, 'front': 'KS231', 'middle': 'CME150', 'back': 'KS161', 'c': 'CME100', 'b': 'CME100', 'die_cut': 1, 'c_type': 'C', 'b_type': 'B'}, new_specs: {'demand': 1380, 'front': 'KS231', 'middle': 'CME150', 'back': 'KS161', 'c': 'CME150', 'b': 'CME100', 'die_cut': 1, 'c_type': 'C', 'b_type': 'B'}, changes: {'c': 'CME150'}
2025-08-23 14:27:23,415 - cuttingstock.core - ERROR - Out of stock: Not enough stock length available for material. | Details: width: 82, material: CME100, required_length: 501.1444862068966, material_specs: {'demand': 1380, 'front': 'KS231', 'middle': 'CME150', 'back': 'KS161', 'c': 'CME150', 'b': 'CME100', 'die_cut': 1, 'c_type': 'C', 'b_type': 'B'}, known_out_of_stock: []
2025-08-23 14:27:23,415 - cuttingstock.core - INFO - Out of stock, awaiting user interaction. | Details: width: 82, material: CME100, required_length: 501.1444862068966, material_specs: {'demand': 1380, 'front': 'KS231', 'middle': 'CME150', 'back': 'KS161', 'c': 'CME150', 'b': 'CME100', 'die_cut': 1, 'c_type': 'C', 'b_type': 'B'}
2025-08-23 14:27:25,353 - cuttingstock.core - INFO - User provided material substitution. | Details: original_specs: {'demand': 1380, 'front': 'KS231', 'middle': 'CME150', 'back': 'KS161', 'c': 'CME150', 'b': 'CME100', 'die_cut': 1, 'c_type': 'C', 'b_type': 'B'}, new_specs: {'demand': 1380, 'front': 'KS231', 'middle': 'CME150', 'back': 'KS161', 'c': 'CME150', 'b': 'CME150', 'die_cut': 1, 'c_type': 'C', 'b_type': 'B'}, changes: {'b': 'CME150'}
2025-08-23 14:27:31,947 - cuttingstock.core - ERROR - Out of stock: Not enough stock length available for material. | Details: width: 82, material: CME150, required_length: 284.65379310344827, material_specs: {'demand': 1380, 'front': 'KS231', 'middle': 'CME150', 'back': 'KS161', 'c': 'CME150', 'b': 'CME150', 'die_cut': 1, 'c_type': 'C', 'b_type': 'B'}, known_out_of_stock: []
2025-08-23 14:27:31,947 - cuttingstock.core - INFO - Out of stock, awaiting user interaction. | Details: width: 82, material: CME150, required_length: 284.65379310344827, material_specs: {'demand': 1380, 'front': 'KS231', 'middle': 'CME150', 'back': 'KS161', 'c': 'CME150', 'b': 'CME150', 'die_cut': 1, 'c_type': 'C', 'b_type': 'B'}
2025-08-23 14:27:46,280 - cuttingstock.core - WARNING - User cancelled material substitution. | Details: original_specs: {'demand': 1380, 'front': 'KS231', 'middle': 'CME150', 'back': 'KS161', 'c': 'CME150', 'b': 'CME150', 'die_cut': 1, 'c_type': 'C', 'b_type': 'B'}, out_of_stock_material: CME150
2025-08-23 14:27:46,479 - cuttingstock.core - INFO - Starting calculation process
2025-08-23 14:27:46,490 - cuttingstock.core - INFO - Loaded order data from cache | Details: cache_path: cache\order.db
2025-08-23 14:27:46,505 - cuttingstock.core - INFO - Loaded and sorted data successfully
2025-08-23 14:27:46,510 - cuttingstock.core - INFO - Starting calculation process
2025-08-23 14:27:46,520 - cuttingstock.core - INFO - Loaded order data from cache | Details: cache_path: cache\order.db
2025-08-23 14:27:46,533 - cuttingstock.core - INFO - Loaded and sorted data successfully
2025-08-23 14:27:46,536 - cuttingstock.core - INFO - Starting calculation process
2025-08-23 14:27:46,546 - cuttingstock.core - INFO - Loaded order data from cache | Details: cache_path: cache\order.db
2025-08-23 14:27:46,559 - cuttingstock.core - INFO - Loaded and sorted data successfully
2025-08-23 14:27:46,561 - cuttingstock.core - INFO - Starting calculation process
2025-08-23 14:27:46,571 - cuttingstock.core - INFO - Loaded order data from cache | Details: cache_path: cache\order.db
2025-08-23 14:27:46,585 - cuttingstock.core - INFO - Loaded and sorted data successfully
2025-08-23 14:27:46,587 - cuttingstock.core - INFO - Starting calculation process
2025-08-23 14:27:46,598 - cuttingstock.core - INFO - Loaded order data from cache | Details: cache_path: cache\order.db
2025-08-23 14:27:46,616 - cuttingstock.core - INFO - Loaded and sorted data successfully
2025-08-23 14:27:46,619 - cuttingstock.core - INFO - Starting calculation process
2025-08-23 14:27:46,630 - cuttingstock.core - INFO - Loaded order data from cache | Details: cache_path: cache\order.db
2025-08-23 14:27:46,646 - cuttingstock.core - INFO - Loaded and sorted data successfully
2025-08-23 14:27:46,649 - cuttingstock.core - INFO - Starting calculation process
2025-08-23 14:27:46,660 - cuttingstock.core - INFO - Loaded order data from cache | Details: cache_path: cache\order.db
2025-08-23 14:27:46,674 - cuttingstock.core - INFO - Loaded and sorted data successfully
2025-08-23 14:27:46,969 - cuttingstock.core - ERROR - Out of stock: Not enough stock length available for material. | Details: width: 82, material: CM127, required_length: 901.7899, material_specs: {'demand': 2000, 'front': 'KS161 ', 'middle': 'CM127 ', 'back': ' KB160', 'c': 'CM127 ', 'b': 'CM127 ', 'die_cut': 1, 'c_type': 'C', 'b_type': 'B'}, known_out_of_stock: []
2025-08-23 14:27:46,969 - cuttingstock.core - INFO - Out of stock, awaiting user interaction. | Details: width: 82, material: CM127, required_length: 901.7899, material_specs: {'demand': 2000, 'front': 'KS161 ', 'middle': 'CM127 ', 'back': ' KB160', 'c': 'CM127 ', 'b': 'CM127 ', 'die_cut': 1, 'c_type': 'C', 'b_type': 'B'}
2025-08-23 14:27:51,319 - cuttingstock.core - INFO - User provided material substitution. | Details: original_specs: {'demand': 2000, 'front': 'KS161 ', 'middle': 'CM127 ', 'back': ' KB160', 'c': 'CM127 ', 'b': 'CM127 ', 'die_cut': 1, 'c_type': 'C', 'b_type': 'B'}, new_specs: {'demand': 2000, 'front': 'KS161', 'middle': 'CM127', 'back': 'KB160', 'c': 'CM112', 'b': 'KAC125', 'die_cut': 1, 'c_type': 'C', 'b_type': 'B'}, changes: {'front': 'KS161', 'middle': 'CM127', 'back': 'KB160', 'c': 'CM112', 'b': 'KAC125'}
2025-08-23 14:27:51,322 - cuttingstock.core - ERROR - Out of stock: Not enough stock length available for material. | Details: width: 82, material: CM112, required_length: 901.7899, material_specs: {'demand': 2000, 'front': 'KS161', 'middle': 'CM127', 'back': 'KB160', 'c': 'CM112', 'b': 'KAC125', 'die_cut': 1, 'c_type': 'C', 'b_type': 'B'}, known_out_of_stock: [('82', 'CM127')]
2025-08-23 14:27:51,322 - cuttingstock.core - INFO - Out of stock, awaiting user interaction. | Details: width: 82, material: CM112, required_length: 901.7899, material_specs: {'demand': 2000, 'front': 'KS161', 'middle': 'CM127', 'back': 'KB160', 'c': 'CM112', 'b': 'KAC125', 'die_cut': 1, 'c_type': 'C', 'b_type': 'B'}
2025-08-23 14:27:54,312 - cuttingstock.core - INFO - User provided material substitution. | Details: original_specs: {'demand': 2000, 'front': 'KS161', 'middle': 'CM127', 'back': 'KB160', 'c': 'CM112', 'b': 'KAC125', 'die_cut': 1, 'c_type': 'C', 'b_type': 'B'}, new_specs: {'demand': 2000, 'front': 'KS161', 'middle': 'CM127', 'back': 'KB160', 'c': 'CM190', 'b': 'KAC125', 'die_cut': 1, 'c_type': 'C', 'b_type': 'B'}, changes: {'c': 'CM190'}
2025-08-23 14:27:54,315 - cuttingstock.core - ERROR - Out of stock: Not enough stock length available for material. | Details: width: 82, material: CM190, required_length: 901.7899, material_specs: {'demand': 2000, 'front': 'KS161', 'middle': 'CM127', 'back': 'KB160', 'c': 'CM190', 'b': 'KAC125', 'die_cut': 1, 'c_type': 'C', 'b_type': 'B'}, known_out_of_stock: [('82', 'CM127'), ('82', 'CM112')]
2025-08-23 14:27:54,315 - cuttingstock.core - INFO - Out of stock, awaiting user interaction. | Details: width: 82, material: CM190, required_length: 901.7899, material_specs: {'demand': 2000, 'front': 'KS161', 'middle': 'CM127', 'back': 'KB160', 'c': 'CM190', 'b': 'KAC125', 'die_cut': 1, 'c_type': 'C', 'b_type': 'B'}
2025-08-23 14:27:58,239 - cuttingstock.core - INFO - User provided material substitution. | Details: original_specs: {'demand': 2000, 'front': 'KS161', 'middle': 'CM127', 'back': 'KB160', 'c': 'CM190', 'b': 'KAC125', 'die_cut': 1, 'c_type': 'C', 'b_type': 'B'}, new_specs: {'demand': 2000, 'front': 'KS161', 'middle': 'CM127', 'back': 'KB160', 'c': 'CME100', 'b': 'KAC125', 'die_cut': 1, 'c_type': 'C', 'b_type': 'B'}, changes: {'c': 'CME100'}
2025-08-23 14:27:58,242 - cuttingstock.core - ERROR - Out of stock: Not enough stock length available for material. | Details: width: 82, material: CME100, required_length: 901.7899, material_specs: {'demand': 2000, 'front': 'KS161', 'middle': 'CM127', 'back': 'KB160', 'c': 'CME100', 'b': 'KAC125', 'die_cut': 1, 'c_type': 'C', 'b_type': 'B'}, known_out_of_stock: [('82', 'CM127'), ('82', 'CM112'), ('82', 'CM190')]
2025-08-23 14:27:58,243 - cuttingstock.core - INFO - Out of stock, awaiting user interaction. | Details: width: 82, material: CME100, required_length: 901.7899, material_specs: {'demand': 2000, 'front': 'KS161', 'middle': 'CM127', 'back': 'KB160', 'c': 'CME100', 'b': 'KAC125', 'die_cut': 1, 'c_type': 'C', 'b_type': 'B'}
2025-08-23 14:28:01,271 - cuttingstock.core - INFO - User provided material substitution. | Details: original_specs: {'demand': 2000, 'front': 'KS161', 'middle': 'CM127', 'back': 'KB160', 'c': 'CME100', 'b': 'KAC125', 'die_cut': 1, 'c_type': 'C', 'b_type': 'B'}, new_specs: {'demand': 2000, 'front': 'KS161', 'middle': 'CM127', 'back': 'KB160', 'c': 'CME150', 'b': 'KAC125', 'die_cut': 1, 'c_type': 'C', 'b_type': 'B'}, changes: {'c': 'CME150'}
2025-08-23 14:28:01,275 - cuttingstock.core - ERROR - Out of stock: Not enough stock length available for material. | Details: width: 82, material: CM127, required_length: 621.9240689655172, material_specs: {'demand': 2000, 'front': 'KS161', 'middle': 'CM127', 'back': 'KB160', 'c': 'CME150', 'b': 'KAC125', 'die_cut': 1, 'c_type': 'C', 'b_type': 'B'}, known_out_of_stock: [('82', 'CM127'), ('82', 'CM112'), ('82', 'CM190'), ('82', 'CME100')]
2025-08-23 14:28:01,276 - cuttingstock.core - INFO - Out of stock, awaiting user interaction. | Details: width: 82, material: CM127, required_length: 621.9240689655172, material_specs: {'demand': 2000, 'front': 'KS161', 'middle': 'CM127', 'back': 'KB160', 'c': 'CME150', 'b': 'KAC125', 'die_cut': 1, 'c_type': 'C', 'b_type': 'B'}
2025-08-23 14:28:03,646 - cuttingstock.core - INFO - User provided material substitution. | Details: original_specs: {'demand': 2000, 'front': 'KS161', 'middle': 'CM127', 'back': 'KB160', 'c': 'CME150', 'b': 'KAC125', 'die_cut': 1, 'c_type': 'C', 'b_type': 'B'}, new_specs: {'demand': 2000, 'front': 'KS161', 'middle': 'CME150', 'back': 'KB160', 'c': 'CME150', 'b': 'KAC125', 'die_cut': 1, 'c_type': 'C', 'b_type': 'B'}, changes: {'middle': 'CME150'}
2025-08-23 14:28:03,649 - cuttingstock.core - ERROR - Out of stock: Not enough stock length available for material. | Details: width: 82, material: CME150, required_length: 621.9240689655172, material_specs: {'demand': 2000, 'front': 'KS161', 'middle': 'CME150', 'back': 'KB160', 'c': 'CME150', 'b': 'KAC125', 'die_cut': 1, 'c_type': 'C', 'b_type': 'B'}, known_out_of_stock: [('82', 'CM127'), ('82', 'CM112'), ('82', 'CM190'), ('82', 'CME100'), ('82', 'CM127')]
2025-08-23 14:28:03,649 - cuttingstock.core - INFO - Out of stock, awaiting user interaction. | Details: width: 82, material: CME150, required_length: 621.9240689655172, material_specs: {'demand': 2000, 'front': 'KS161', 'middle': 'CME150', 'back': 'KB160', 'c': 'CME150', 'b': 'KAC125', 'die_cut': 1, 'c_type': 'C', 'b_type': 'B'}
2025-08-23 14:28:06,271 - cuttingstock.core - INFO - User provided material substitution. | Details: original_specs: {'demand': 2000, 'front': 'KS161', 'middle': 'CME150', 'back': 'KB160', 'c': 'CME150', 'b': 'KAC125', 'die_cut': 1, 'c_type': 'C', 'b_type': 'B'}, new_specs: {'demand': 2000, 'front': 'KS161', 'middle': 'KA150', 'back': 'KB160', 'c': 'CME150', 'b': 'KAC125', 'die_cut': 1, 'c_type': 'C', 'b_type': 'B'}, changes: {'middle': 'KA150'}
2025-08-23 14:28:06,275 - cuttingstock.core - ERROR - Out of stock: Not enough stock length available for material. | Details: width: 82, material: KB160, required_length: 621.9240689655172, material_specs: {'demand': 2000, 'front': 'KS161', 'middle': 'KA150', 'back': 'KB160', 'c': 'CME150', 'b': 'KAC125', 'die_cut': 1, 'c_type': 'C', 'b_type': 'B'}, known_out_of_stock: [('82', 'CM127'), ('82', 'CM112'), ('82', 'CM190'), ('82', 'CME100'), ('82', 'CM127'), ('82', 'CME150')]
2025-08-23 14:28:06,275 - cuttingstock.core - INFO - Out of stock, awaiting user interaction. | Details: width: 82, material: KB160, required_length: 621.9240689655172, material_specs: {'demand': 2000, 'front': 'KS161', 'middle': 'KA150', 'back': 'KB160', 'c': 'CME150', 'b': 'KAC125', 'die_cut': 1, 'c_type': 'C', 'b_type': 'B'}
2025-08-23 14:28:09,926 - cuttingstock.core - INFO - User provided material substitution. | Details: original_specs: {'demand': 2000, 'front': 'KS161', 'middle': 'KA150', 'back': 'KB160', 'c': 'CME150', 'b': 'KAC125', 'die_cut': 1, 'c_type': 'C', 'b_type': 'B'}, new_specs: {'demand': 2000, 'front': 'KS161', 'middle': 'KA150', 'back': 'KS161', 'c': 'CME150', 'b': 'KAC125', 'die_cut': 1, 'c_type': 'C', 'b_type': 'B'}, changes: {'back': 'KS161'}
2025-08-23 14:28:11,851 - cuttingstock.core - ERROR - Out of stock: Not enough stock length available for material. | Details: width: 82, material: CME150, required_length: 4328.5916, material_specs: {'demand': 2000, 'front': 'KS161', 'middle': 'KA150', 'back': 'KS161', 'c': 'CME150', 'b': 'KAC125', 'die_cut': 1, 'c_type': 'C', 'b_type': 'B'}, known_out_of_stock: []
2025-08-23 14:28:11,852 - cuttingstock.core - INFO - Out of stock, awaiting user interaction. | Details: width: 82, material: CME150, required_length: 4328.5916, material_specs: {'demand': 2000, 'front': 'KS161', 'middle': 'KA150', 'back': 'KS161', 'c': 'CME150', 'b': 'KAC125', 'die_cut': 1, 'c_type': 'C', 'b_type': 'B'}
2025-08-23 14:28:14,926 - cuttingstock.core - INFO - User provided material substitution. | Details: original_specs: {'demand': 2000, 'front': 'KS161', 'middle': 'KA150', 'back': 'KS161', 'c': 'CME150', 'b': 'KAC125', 'die_cut': 1, 'c_type': 'C', 'b_type': 'B'}, new_specs: {'demand': 2000, 'front': 'KS161', 'middle': 'KA150', 'back': 'KS161', 'c': 'KA150', 'b': 'KAC125', 'die_cut': 1, 'c_type': 'C', 'b_type': 'B'}, changes: {'c': 'KA150'}
2025-08-23 14:28:15,317 - cuttingstock.core - ERROR - Out of stock: Not enough stock length available for material. | Details: width: 82, material: KAC125, required_length: 209.89939655172415, material_specs: {'demand': 2000, 'front': 'KS161', 'middle': 'KA150', 'back': 'KS161', 'c': 'KA150', 'b': 'KAC125', 'die_cut': 1, 'c_type': 'C', 'b_type': 'B'}, known_out_of_stock: []
2025-08-23 14:28:15,317 - cuttingstock.core - INFO - Out of stock, awaiting user interaction. | Details: width: 82, material: KAC125, required_length: 209.89939655172415, material_specs: {'demand': 2000, 'front': 'KS161', 'middle': 'KA150', 'back': 'KS161', 'c': 'KA150', 'b': 'KAC125', 'die_cut': 1, 'c_type': 'C', 'b_type': 'B'}
2025-08-23 14:28:18,398 - cuttingstock.core - INFO - User provided material substitution. | Details: original_specs: {'demand': 2000, 'front': 'KS161', 'middle': 'KA150', 'back': 'KS161', 'c': 'KA150', 'b': 'KAC125', 'die_cut': 1, 'c_type': 'C', 'b_type': 'B'}, new_specs: {'demand': 2000, 'front': 'KS161', 'middle': 'KA150', 'back': 'KS161', 'c': 'KA150', 'b': 'KAC185', 'die_cut': 1, 'c_type': 'C', 'b_type': 'B'}, changes: {'b': 'KAC185'}
2025-08-23 14:28:19,131 - cuttingstock.core - ERROR - Out of stock: Not enough stock length available for material. | Details: width: 82, material: KAC185, required_length: 4030.0680413793107, material_specs: {'demand': 2000, 'front': 'KS161', 'middle': 'KA150', 'back': 'KS161', 'c': 'KA150', 'b': 'KAC185', 'die_cut': 1, 'c_type': 'C', 'b_type': 'B'}, known_out_of_stock: []
2025-08-23 14:28:19,131 - cuttingstock.core - INFO - Out of stock, awaiting user interaction. | Details: width: 82, material: KAC185, required_length: 4030.0680413793107, material_specs: {'demand': 2000, 'front': 'KS161', 'middle': 'KA150', 'back': 'KS161', 'c': 'KA150', 'b': 'KAC185', 'die_cut': 1, 'c_type': 'C', 'b_type': 'B'}
2025-08-23 14:28:21,878 - cuttingstock.core - INFO - User provided material substitution. | Details: original_specs: {'demand': 2000, 'front': 'KS161', 'middle': 'KA150', 'back': 'KS161', 'c': 'KA150', 'b': 'KAC185', 'die_cut': 1, 'c_type': 'C', 'b_type': 'B'}, new_specs: {'demand': 2000, 'front': 'KS161', 'middle': 'KA150', 'back': 'KS161', 'c': 'KA150', 'b': 'KAC225', 'die_cut': 1, 'c_type': 'C', 'b_type': 'B'}, changes: {'b': 'KAC225'}
2025-08-23 14:28:26,526 - cuttingstock.core - ERROR - Out of stock: Not enough stock length available for material. | Details: width: 82, material: KA150, required_length: 784.4957, material_specs: {'demand': 2000, 'front': 'KS161', 'middle': 'KA150', 'back': 'KS161', 'c': 'KA150', 'b': 'KAC225', 'die_cut': 1, 'c_type': 'C', 'b_type': 'B'}, known_out_of_stock: []
2025-08-23 14:28:26,526 - cuttingstock.core - INFO - Out of stock, awaiting user interaction. | Details: width: 82, material: KA150, required_length: 784.4957, material_specs: {'demand': 2000, 'front': 'KS161', 'middle': 'KA150', 'back': 'KS161', 'c': 'KA150', 'b': 'KAC225', 'die_cut': 1, 'c_type': 'C', 'b_type': 'B'}
2025-08-23 14:28:55,241 - cuttingstock.core - INFO - User provided material substitution. | Details: original_specs: {'demand': 2000, 'front': 'KS161', 'middle': 'KA150', 'back': 'KS161', 'c': 'KA150', 'b': 'KAC225', 'die_cut': 1, 'c_type': 'C', 'b_type': 'B'}, new_specs: {'demand': 2000, 'front': 'KS161', 'middle': 'KAC185', 'back': 'KS161', 'c': 'KAC125', 'b': 'KAC225', 'die_cut': 1, 'c_type': 'C', 'b_type': 'B'}, changes: {'middle': 'KAC185', 'c': 'KAC125'}
2025-08-23 14:28:55,244 - cuttingstock.core - ERROR - Out of stock: Not enough stock length available for material. | Details: width: 82, material: KAC125, required_length: 784.4957, material_specs: {'demand': 2000, 'front': 'KS161', 'middle': 'KAC185', 'back': 'KS161', 'c': 'KAC125', 'b': 'KAC225', 'die_cut': 1, 'c_type': 'C', 'b_type': 'B'}, known_out_of_stock: [('82', 'KA150')]
2025-08-23 14:28:55,245 - cuttingstock.core - INFO - Out of stock, awaiting user interaction. | Details: width: 82, material: KAC125, required_length: 784.4957, material_specs: {'demand': 2000, 'front': 'KS161', 'middle': 'KAC185', 'back': 'KS161', 'c': 'KAC125', 'b': 'KAC225', 'die_cut': 1, 'c_type': 'C', 'b_type': 'B'}
2025-08-23 14:28:57,848 - cuttingstock.core - INFO - User provided material substitution. | Details: original_specs: {'demand': 2000, 'front': 'KS161', 'middle': 'KAC185', 'back': 'KS161', 'c': 'KAC125', 'b': 'KAC225', 'die_cut': 1, 'c_type': 'C', 'b_type': 'B'}, new_specs: {'demand': 2000, 'front': 'KS161', 'middle': 'KAC185', 'back': 'KS161', 'c': 'KAC185', 'b': 'KAC225', 'die_cut': 1, 'c_type': 'C', 'b_type': 'B'}, changes: {'c': 'KAC185'}
2025-08-23 14:28:58,210 - cuttingstock.core - ERROR - Out of stock: Not enough stock length available for material. | Details: width: 82, material: KAC185, required_length: 195.1482, material_specs: {'demand': 2000, 'front': 'KS161', 'middle': 'KAC185', 'back': 'KS161', 'c': 'KAC185', 'b': 'KAC225', 'die_cut': 1, 'c_type': 'C', 'b_type': 'B'}, known_out_of_stock: []
2025-08-23 14:28:58,211 - cuttingstock.core - INFO - Out of stock, awaiting user interaction. | Details: width: 82, material: KAC185, required_length: 195.1482, material_specs: {'demand': 2000, 'front': 'KS161', 'middle': 'KAC185', 'back': 'KS161', 'c': 'KAC185', 'b': 'KAC225', 'die_cut': 1, 'c_type': 'C', 'b_type': 'B'}
2025-08-23 14:29:02,631 - cuttingstock.core - INFO - User provided material substitution. | Details: original_specs: {'demand': 2000, 'front': 'KS161', 'middle': 'KAC185', 'back': 'KS161', 'c': 'KAC185', 'b': 'KAC225', 'die_cut': 1, 'c_type': 'C', 'b_type': 'B'}, new_specs: {'demand': 2000, 'front': 'KS161', 'middle': 'KAC225', 'back': 'KS161', 'c': 'KAC125', 'b': 'KAC225', 'die_cut': 1, 'c_type': 'C', 'b_type': 'B'}, changes: {'middle': 'KAC225', 'c': 'KAC125'}
2025-08-23 14:29:02,634 - cuttingstock.core - ERROR - Out of stock: Not enough stock length available for material. | Details: width: 82, material: KAC125, required_length: 195.1482, material_specs: {'demand': 2000, 'front': 'KS161', 'middle': 'KAC225', 'back': 'KS161', 'c': 'KAC125', 'b': 'KAC225', 'die_cut': 1, 'c_type': 'C', 'b_type': 'B'}, known_out_of_stock: [('82', 'KAC185')]
2025-08-23 14:29:02,634 - cuttingstock.core - INFO - Out of stock, awaiting user interaction. | Details: width: 82, material: KAC125, required_length: 195.1482, material_specs: {'demand': 2000, 'front': 'KS161', 'middle': 'KAC225', 'back': 'KS161', 'c': 'KAC125', 'b': 'KAC225', 'die_cut': 1, 'c_type': 'C', 'b_type': 'B'}
2025-08-23 14:29:04,382 - cuttingstock.core - INFO - User provided material substitution. | Details: original_specs: {'demand': 2000, 'front': 'KS161', 'middle': 'KAC225', 'back': 'KS161', 'c': 'KAC125', 'b': 'KAC225', 'die_cut': 1, 'c_type': 'C', 'b_type': 'B'}, new_specs: {'demand': 2000, 'front': 'KS161', 'middle': 'KAC225', 'back': 'KS161', 'c': 'KAC225', 'b': 'KAC225', 'die_cut': 1, 'c_type': 'C', 'b_type': 'B'}, changes: {'c': 'KAC225'}
2025-08-23 14:29:04,386 - cuttingstock.core - ERROR - Out of stock: Not enough stock length available for material. | Details: width: 82, material: KAC225, required_length: 181.68970344827588, material_specs: {'demand': 2000, 'front': 'KS161', 'middle': 'KAC225', 'back': 'KS161', 'c': 'KAC225', 'b': 'KAC225', 'die_cut': 1, 'c_type': 'C', 'b_type': 'B'}, known_out_of_stock: [('82', 'KAC185'), ('82', 'KAC125')]
2025-08-23 14:29:04,386 - cuttingstock.core - INFO - Out of stock, awaiting user interaction. | Details: width: 82, material: KAC225, required_length: 181.68970344827588, material_specs: {'demand': 2000, 'front': 'KS161', 'middle': 'KAC225', 'back': 'KS161', 'c': 'KAC225', 'b': 'KAC225', 'die_cut': 1, 'c_type': 'C', 'b_type': 'B'}
2025-08-23 14:29:11,255 - cuttingstock.core - WARNING - User cancelled material substitution. | Details: original_specs: {'demand': 2000, 'front': 'KS161', 'middle': 'KAC225', 'back': 'KS161', 'c': 'KAC225', 'b': 'KAC225', 'die_cut': 1, 'c_type': 'C', 'b_type': 'B'}, out_of_stock_material: KAC225
2025-08-23 14:29:11,424 - cuttingstock.core - INFO - Starting calculation process
2025-08-23 14:29:11,436 - cuttingstock.core - INFO - Loaded order data from cache | Details: cache_path: cache\order.db
2025-08-23 14:29:11,450 - cuttingstock.core - INFO - Loaded and sorted data successfully
2025-08-23 14:29:11,453 - cuttingstock.core - INFO - Starting calculation process
2025-08-23 14:29:11,464 - cuttingstock.core - INFO - Loaded order data from cache | Details: cache_path: cache\order.db
2025-08-23 14:29:11,477 - cuttingstock.core - INFO - Loaded and sorted data successfully
2025-08-23 14:29:11,480 - cuttingstock.core - INFO - Starting calculation process
2025-08-23 14:29:11,490 - cuttingstock.core - INFO - Loaded order data from cache | Details: cache_path: cache\order.db
2025-08-23 14:29:11,503 - cuttingstock.core - INFO - Loaded and sorted data successfully
2025-08-23 14:29:11,506 - cuttingstock.core - INFO - Starting calculation process
2025-08-23 14:29:11,515 - cuttingstock.core - INFO - Loaded order data from cache | Details: cache_path: cache\order.db
2025-08-23 14:29:11,531 - cuttingstock.core - INFO - Loaded and sorted data successfully
2025-08-23 14:29:11,534 - cuttingstock.core - INFO - Starting calculation process
2025-08-23 14:29:11,545 - cuttingstock.core - INFO - Loaded order data from cache | Details: cache_path: cache\order.db
2025-08-23 14:29:11,560 - cuttingstock.core - INFO - Loaded and sorted data successfully
2025-08-23 14:29:11,564 - cuttingstock.core - INFO - Starting calculation process
2025-08-23 14:29:11,577 - cuttingstock.core - INFO - Loaded order data from cache | Details: cache_path: cache\order.db
2025-08-23 14:29:11,592 - cuttingstock.core - INFO - Loaded and sorted data successfully
2025-08-23 14:29:11,595 - cuttingstock.core - INFO - Starting calculation process
2025-08-23 14:29:11,604 - cuttingstock.core - INFO - Loaded order data from cache | Details: cache_path: cache\order.db
2025-08-23 14:29:11,618 - cuttingstock.core - INFO - Loaded and sorted data successfully
2025-08-23 14:29:16,278 - cuttingstock.core - INFO - Starting calculation process
2025-08-23 14:29:16,290 - cuttingstock.core - INFO - Loaded order data from cache | Details: cache_path: cache\order.db
2025-08-23 14:29:16,303 - cuttingstock.core - INFO - Loaded and sorted data successfully
2025-08-23 14:29:16,307 - cuttingstock.core - INFO - Starting calculation process
2025-08-23 14:29:16,317 - cuttingstock.core - INFO - Loaded order data from cache | Details: cache_path: cache\order.db
2025-08-23 14:29:16,330 - cuttingstock.core - INFO - Loaded and sorted data successfully
2025-08-23 14:29:16,787 - cuttingstock.core - INFO - Starting calculation process
2025-08-23 14:29:16,797 - cuttingstock.core - INFO - Loaded order data from cache | Details: cache_path: cache\order.db
2025-08-23 14:29:16,811 - cuttingstock.core - INFO - Loaded and sorted data successfully
2025-08-23 14:29:17,223 - cuttingstock.core - INFO - Starting calculation process
2025-08-23 14:29:17,233 - cuttingstock.core - INFO - Loaded order data from cache | Details: cache_path: cache\order.db
2025-08-23 14:29:17,247 - cuttingstock.core - INFO - Loaded and sorted data successfully
2025-08-23 14:29:18,060 - cuttingstock.core - INFO - Starting calculation process
2025-08-23 14:29:18,070 - cuttingstock.core - INFO - Loaded order data from cache | Details: cache_path: cache\order.db
2025-08-23 14:29:18,084 - cuttingstock.core - INFO - Loaded and sorted data successfully
2025-08-23 14:29:18,537 - cuttingstock.core - INFO - Starting calculation process
2025-08-23 14:29:18,547 - cuttingstock.core - INFO - Loaded order data from cache | Details: cache_path: cache\order.db
2025-08-23 14:29:18,562 - cuttingstock.core - INFO - Loaded and sorted data successfully
2025-08-23 14:29:18,955 - cuttingstock.core - INFO - Starting calculation process
2025-08-23 14:29:18,966 - cuttingstock.core - INFO - Loaded order data from cache | Details: cache_path: cache\order.db
2025-08-23 14:29:18,979 - cuttingstock.core - INFO - Loaded and sorted data successfully
2025-08-23 14:29:19,341 - cuttingstock.core - INFO - Starting calculation process
2025-08-23 14:29:19,351 - cuttingstock.core - INFO - Loaded order data from cache | Details: cache_path: cache\order.db
2025-08-23 14:29:19,365 - cuttingstock.core - INFO - Loaded and sorted data successfully
2025-08-23 14:29:19,844 - cuttingstock.core - INFO - Starting calculation process
2025-08-23 14:29:19,853 - cuttingstock.core - INFO - Loaded order data from cache | Details: cache_path: cache\order.db
2025-08-23 14:29:19,868 - cuttingstock.core - INFO - Loaded and sorted data successfully
2025-08-23 14:29:20,280 - cuttingstock.core - ERROR - Out of stock: Not enough stock length available for material. | Details: width: 82, material: CM127, required_length: 258.082, material_specs: {'demand': 580, 'front': 'KS231 ', 'back': ' KB160', 'c': 'CM127 ', 'die_cut': 1, 'c_type': 'C', 'b_type': None}, known_out_of_stock: []
2025-08-23 14:29:20,280 - cuttingstock.core - INFO - Out of stock, awaiting user interaction. | Details: width: 82, material: CM127, required_length: 258.082, material_specs: {'demand': 580, 'front': 'KS231 ', 'back': ' KB160', 'c': 'CM127 ', 'die_cut': 1, 'c_type': 'C', 'b_type': None}
2025-08-23 14:29:24,583 - cuttingstock.core - INFO - User provided material substitution. | Details: original_specs: {'demand': 580, 'front': 'KS231 ', 'back': ' KB160', 'c': 'CM127 ', 'die_cut': 1, 'c_type': 'C', 'b_type': None}, new_specs: {'demand': 580, 'front': 'KS231', 'back': 'KB160', 'c': 'CM112', 'die_cut': 1, 'c_type': 'C', 'b_type': None}, changes: {'front': 'KS231', 'back': 'KB160', 'c': 'CM112'}
2025-08-23 14:29:24,586 - cuttingstock.core - ERROR - Out of stock: Not enough stock length available for material. | Details: width: 82, material: CM112, required_length: 258.082, material_specs: {'demand': 580, 'front': 'KS231', 'back': 'KB160', 'c': 'CM112', 'die_cut': 1, 'c_type': 'C', 'b_type': None}, known_out_of_stock: [('82', 'CM127')]
2025-08-23 14:29:24,586 - cuttingstock.core - INFO - Out of stock, awaiting user interaction. | Details: width: 82, material: CM112, required_length: 258.082, material_specs: {'demand': 580, 'front': 'KS231', 'back': 'KB160', 'c': 'CM112', 'die_cut': 1, 'c_type': 'C', 'b_type': None}
2025-08-23 14:29:27,071 - cuttingstock.core - INFO - User provided material substitution. | Details: original_specs: {'demand': 580, 'front': 'KS231', 'back': 'KB160', 'c': 'CM112', 'die_cut': 1, 'c_type': 'C', 'b_type': None}, new_specs: {'demand': 580, 'front': 'KS231', 'back': 'KB160', 'c': 'CM190', 'die_cut': 1, 'c_type': 'C', 'b_type': None}, changes: {'c': 'CM190'}
2025-08-23 14:29:27,075 - cuttingstock.core - ERROR - Out of stock: Not enough stock length available for material. | Details: width: 82, material: CM190, required_length: 258.082, material_specs: {'demand': 580, 'front': 'KS231', 'back': 'KB160', 'c': 'CM190', 'die_cut': 1, 'c_type': 'C', 'b_type': None}, known_out_of_stock: [('82', 'CM127'), ('82', 'CM112')]
2025-08-23 14:29:27,075 - cuttingstock.core - INFO - Out of stock, awaiting user interaction. | Details: width: 82, material: CM190, required_length: 258.082, material_specs: {'demand': 580, 'front': 'KS231', 'back': 'KB160', 'c': 'CM190', 'die_cut': 1, 'c_type': 'C', 'b_type': None}
2025-08-23 14:29:29,031 - cuttingstock.core - INFO - User provided material substitution. | Details: original_specs: {'demand': 580, 'front': 'KS231', 'back': 'KB160', 'c': 'CM190', 'die_cut': 1, 'c_type': 'C', 'b_type': None}, new_specs: {'demand': 580, 'front': 'KS231', 'back': 'KB160', 'c': 'CME100', 'die_cut': 1, 'c_type': 'C', 'b_type': None}, changes: {'c': 'CME100'}
2025-08-23 14:29:29,034 - cuttingstock.core - ERROR - Out of stock: Not enough stock length available for material. | Details: width: 82, material: KB160, required_length: 177.98758620689657, material_specs: {'demand': 580, 'front': 'KS231', 'back': 'KB160', 'c': 'CME100', 'die_cut': 1, 'c_type': 'C', 'b_type': None}, known_out_of_stock: [('82', 'CM127'), ('82', 'CM112'), ('82', 'CM190')]
2025-08-23 14:29:29,034 - cuttingstock.core - INFO - Out of stock, awaiting user interaction. | Details: width: 82, material: KB160, required_length: 177.98758620689657, material_specs: {'demand': 580, 'front': 'KS231', 'back': 'KB160', 'c': 'CME100', 'die_cut': 1, 'c_type': 'C', 'b_type': None}
2025-08-23 14:29:29,841 - cuttingstock.core - WARNING - User cancelled material substitution. | Details: original_specs: {'demand': 580, 'front': 'KS231', 'back': 'KB160', 'c': 'CME100', 'die_cut': 1, 'c_type': 'C', 'b_type': None}, out_of_stock_material: KB160
2025-08-23 14:29:30,030 - cuttingstock.core - INFO - Starting calculation process
2025-08-23 14:29:30,042 - cuttingstock.core - INFO - Loaded order data from cache | Details: cache_path: cache\order.db
2025-08-23 14:29:30,057 - cuttingstock.core - INFO - Loaded and sorted data successfully
2025-08-23 14:29:30,060 - cuttingstock.core - INFO - Starting calculation process
2025-08-23 14:29:30,070 - cuttingstock.core - INFO - Loaded order data from cache | Details: cache_path: cache\order.db
2025-08-23 14:29:30,084 - cuttingstock.core - INFO - Loaded and sorted data successfully
2025-08-23 14:29:30,086 - cuttingstock.core - INFO - Starting calculation process
2025-08-23 14:29:30,096 - cuttingstock.core - INFO - Loaded order data from cache | Details: cache_path: cache\order.db
2025-08-23 14:29:30,111 - cuttingstock.core - INFO - Loaded and sorted data successfully
2025-08-23 14:29:30,113 - cuttingstock.core - INFO - Starting calculation process
2025-08-23 14:29:30,123 - cuttingstock.core - INFO - Loaded order data from cache | Details: cache_path: cache\order.db
2025-08-23 14:29:30,136 - cuttingstock.core - INFO - Loaded and sorted data successfully
2025-08-23 14:29:30,139 - cuttingstock.core - INFO - Starting calculation process
2025-08-23 14:29:30,150 - cuttingstock.core - INFO - Loaded order data from cache | Details: cache_path: cache\order.db
2025-08-23 14:29:30,164 - cuttingstock.core - INFO - Loaded and sorted data successfully
2025-08-23 14:29:30,168 - cuttingstock.core - INFO - Starting calculation process
2025-08-23 14:29:30,180 - cuttingstock.core - INFO - Loaded order data from cache | Details: cache_path: cache\order.db
2025-08-23 14:29:30,196 - cuttingstock.core - INFO - Loaded and sorted data successfully
2025-08-23 14:29:30,200 - cuttingstock.core - INFO - Starting calculation process
2025-08-23 14:29:30,212 - cuttingstock.core - INFO - Loaded order data from cache | Details: cache_path: cache\order.db
2025-08-23 14:29:30,226 - cuttingstock.core - INFO - Loaded and sorted data successfully
2025-08-23 14:29:30,320 - cuttingstock.core - ERROR - Out of stock: Not enough stock length available for material. | Details: width: 82, material: CM127, required_length: 47.3668, material_specs: {'demand': 500, 'front': 'CM127 ', 'middle': 'CM127 ', 'back': ' CM127', 'c': 'CM127 ', 'b': 'CM127 ', 'die_cut': 1, 'c_type': 'C', 'b_type': 'B'}, known_out_of_stock: []
2025-08-23 14:29:30,321 - cuttingstock.core - INFO - Out of stock, awaiting user interaction. | Details: width: 82, material: CM127, required_length: 47.3668, material_specs: {'demand': 500, 'front': 'CM127 ', 'middle': 'CM127 ', 'back': ' CM127', 'c': 'CM127 ', 'b': 'CM127 ', 'die_cut': 1, 'c_type': 'C', 'b_type': 'B'}
2025-08-23 14:29:32,999 - cuttingstock.core - INFO - User provided material substitution. | Details: original_specs: {'demand': 500, 'front': 'CM127 ', 'middle': 'CM127 ', 'back': ' CM127', 'c': 'CM127 ', 'b': 'CM127 ', 'die_cut': 1, 'c_type': 'C', 'b_type': 'B'}, new_specs: {'demand': 500, 'front': 'CM127', 'middle': 'CM127', 'back': 'CM127', 'c': 'CM127', 'b': 'CM127', 'die_cut': 1, 'c_type': 'C', 'b_type': 'B'}, changes: {'front': 'CM127', 'middle': 'CM127', 'back': 'CM127', 'c': 'CM127', 'b': 'CM127'}
2025-08-23 14:29:33,004 - cuttingstock.core - ERROR - Out of stock: Not enough stock length available for material. | Details: width: 82, material: CM127, required_length: 47.3668, material_specs: {'demand': 500, 'front': 'CM127', 'middle': 'CM127', 'back': 'CM127', 'c': 'CM127', 'b': 'CM127', 'die_cut': 1, 'c_type': 'C', 'b_type': 'B'}, known_out_of_stock: [('82', 'CM127')]
2025-08-23 14:29:33,004 - cuttingstock.core - INFO - Out of stock, awaiting user interaction. | Details: width: 82, material: CM127, required_length: 47.3668, material_specs: {'demand': 500, 'front': 'CM127', 'middle': 'CM127', 'back': 'CM127', 'c': 'CM127', 'b': 'CM127', 'die_cut': 1, 'c_type': 'C', 'b_type': 'B'}
2025-08-23 14:29:34,480 - cuttingstock.core - WARNING - User cancelled material substitution. | Details: original_specs: {'demand': 500, 'front': 'CM127', 'middle': 'CM127', 'back': 'CM127', 'c': 'CM127', 'b': 'CM127', 'die_cut': 1, 'c_type': 'C', 'b_type': 'B'}, out_of_stock_material: CM127
2025-08-23 14:29:34,608 - cuttingstock.core - INFO - Starting calculation process
2025-08-23 14:29:34,619 - cuttingstock.core - INFO - Loaded order data from cache | Details: cache_path: cache\order.db
2025-08-23 14:29:34,635 - cuttingstock.core - INFO - Loaded and sorted data successfully
2025-08-23 14:29:34,638 - cuttingstock.core - INFO - Starting calculation process
2025-08-23 14:29:34,648 - cuttingstock.core - INFO - Loaded order data from cache | Details: cache_path: cache\order.db
2025-08-23 14:29:34,662 - cuttingstock.core - INFO - Loaded and sorted data successfully
2025-08-23 14:29:34,667 - cuttingstock.core - INFO - Starting calculation process
2025-08-23 14:29:34,677 - cuttingstock.core - INFO - Loaded order data from cache | Details: cache_path: cache\order.db
2025-08-23 14:29:34,690 - cuttingstock.core - INFO - Loaded and sorted data successfully
2025-08-23 14:29:34,694 - cuttingstock.core - INFO - Starting calculation process
2025-08-23 14:29:34,706 - cuttingstock.core - INFO - Loaded order data from cache | Details: cache_path: cache\order.db
2025-08-23 14:29:34,720 - cuttingstock.core - INFO - Loaded and sorted data successfully
2025-08-23 14:29:34,724 - cuttingstock.core - INFO - Starting calculation process
2025-08-23 14:29:34,735 - cuttingstock.core - INFO - Loaded order data from cache | Details: cache_path: cache\order.db
2025-08-23 14:29:34,749 - cuttingstock.core - INFO - Loaded and sorted data successfully
2025-08-23 14:29:34,753 - cuttingstock.core - INFO - Starting calculation process
2025-08-23 14:29:34,766 - cuttingstock.core - INFO - Loaded order data from cache | Details: cache_path: cache\order.db
2025-08-23 14:29:34,781 - cuttingstock.core - INFO - Loaded and sorted data successfully
2025-08-23 14:29:34,784 - cuttingstock.core - INFO - Starting calculation process
2025-08-23 14:29:34,794 - cuttingstock.core - INFO - Loaded order data from cache | Details: cache_path: cache\order.db
2025-08-23 14:29:34,807 - cuttingstock.core - INFO - Loaded and sorted data successfully
2025-08-23 14:29:34,811 - cuttingstock.core - INFO - Starting calculation process
2025-08-23 14:29:34,821 - cuttingstock.core - INFO - Loaded order data from cache | Details: cache_path: cache\order.db
2025-08-23 14:29:34,835 - cuttingstock.core - INFO - Loaded and sorted data successfully
2025-08-23 14:29:34,837 - cuttingstock.core - INFO - Starting calculation process
2025-08-23 14:29:34,847 - cuttingstock.core - INFO - Loaded order data from cache | Details: cache_path: cache\order.db
2025-08-23 14:29:34,863 - cuttingstock.core - INFO - Loaded and sorted data successfully
2025-08-23 14:29:35,061 - cuttingstock.core - INFO - Starting calculation process
2025-08-23 14:29:35,070 - cuttingstock.core - INFO - Loaded order data from cache | Details: cache_path: cache\order.db
2025-08-23 14:29:35,083 - cuttingstock.core - INFO - Loaded and sorted data successfully
2025-08-23 14:29:35,086 - cuttingstock.core - INFO - Starting calculation process
2025-08-23 14:29:35,098 - cuttingstock.core - INFO - Loaded order data from cache | Details: cache_path: cache\order.db
2025-08-23 14:29:35,111 - cuttingstock.core - INFO - Loaded and sorted data successfully
2025-08-23 14:29:36,041 - cuttingstock.core - INFO - Starting calculation process
2025-08-23 14:29:36,050 - cuttingstock.core - INFO - Loaded order data from cache | Details: cache_path: cache\order.db
2025-08-23 14:29:36,068 - cuttingstock.core - INFO - Loaded and sorted data successfully
2025-08-23 14:29:36,620 - cuttingstock.core - ERROR - Out of stock: Not enough stock length available for material. | Details: width: 79, material: KB230, required_length: 419.7921379310345, material_specs: {'demand': 2500, 'front': 'KS231 ', 'back': ' KB230', 'c': 'CM127 ', 'die_cut': 1, 'c_type': 'C', 'b_type': None}, known_out_of_stock: []
2025-08-23 14:29:36,621 - cuttingstock.core - INFO - Out of stock, awaiting user interaction. | Details: width: 79, material: KB230, required_length: 419.7921379310345, material_specs: {'demand': 2500, 'front': 'KS231 ', 'back': ' KB230', 'c': 'CM127 ', 'die_cut': 1, 'c_type': 'C', 'b_type': None}
2025-08-23 14:29:40,855 - cuttingstock.core - INFO - User provided material substitution. | Details: original_specs: {'demand': 2500, 'front': 'KS231 ', 'back': ' KB230', 'c': 'CM127 ', 'die_cut': 1, 'c_type': 'C', 'b_type': None}, new_specs: {'demand': 2500, 'front': 'KS231', 'back': 'KB160', 'c': 'CM127', 'die_cut': 1, 'c_type': 'C', 'b_type': None}, changes: {'front': 'KS231', 'back': 'KB160', 'c': 'CM127'}
2025-08-23 14:29:41,363 - cuttingstock.core - INFO - Starting calculation process
2025-08-23 14:29:41,379 - cuttingstock.core - INFO - Loaded order data from cache | Details: cache_path: cache\order.db
2025-08-23 14:29:41,392 - cuttingstock.core - INFO - Loaded and sorted data successfully
2025-08-23 14:29:41,626 - cuttingstock.core - INFO - Starting calculation process
2025-08-23 14:29:41,636 - cuttingstock.core - INFO - Loaded order data from cache | Details: cache_path: cache\order.db
2025-08-23 14:29:41,653 - cuttingstock.core - INFO - Loaded and sorted data successfully
2025-08-23 14:29:42,390 - cuttingstock.core - ERROR - Out of stock: Not enough stock length available for material. | Details: width: 85, material: KB160, required_length: 5837.504206896552, material_specs: {'demand': 20000, 'front': 'KS161 ', 'back': ' KB160', 'c': 'CM127 ', 'die_cut': 1, 'c_type': 'C', 'b_type': None}, known_out_of_stock: []
2025-08-23 14:29:42,391 - cuttingstock.core - INFO - Out of stock, awaiting user interaction. | Details: width: 85, material: KB160, required_length: 5837.504206896552, material_specs: {'demand': 20000, 'front': 'KS161 ', 'back': ' KB160', 'c': 'CM127 ', 'die_cut': 1, 'c_type': 'C', 'b_type': None}
2025-08-23 14:29:46,847 - cuttingstock.core - INFO - User provided material substitution. | Details: original_specs: {'demand': 20000, 'front': 'KS161 ', 'back': ' KB160', 'c': 'CM127 ', 'die_cut': 1, 'c_type': 'C', 'b_type': None}, new_specs: {'demand': 20000, 'front': 'KS161', 'back': 'KBR160', 'c': 'CM127', 'die_cut': 1, 'c_type': 'C', 'b_type': None}, changes: {'front': 'KS161', 'back': 'KBR160', 'c': 'CM127'}
2025-08-23 14:29:47,104 - cuttingstock.core - ERROR - Out of stock: Not enough stock length available for material. | Details: width: 85, material: KBR160, required_length: 5837.504206896552, material_specs: {'demand': 20000, 'front': 'KS161', 'back': 'KBR160', 'c': 'CM127', 'die_cut': 1, 'c_type': 'C', 'b_type': None}, known_out_of_stock: []
2025-08-23 14:29:47,104 - cuttingstock.core - INFO - Out of stock, awaiting user interaction. | Details: width: 85, material: KBR160, required_length: 5837.504206896552, material_specs: {'demand': 20000, 'front': 'KS161', 'back': 'KBR160', 'c': 'CM127', 'die_cut': 1, 'c_type': 'C', 'b_type': None}
2025-08-23 14:29:48,623 - cuttingstock.core - WARNING - User cancelled material substitution. | Details: original_specs: {'demand': 20000, 'front': 'KS161', 'back': 'KBR160', 'c': 'CM127', 'die_cut': 1, 'c_type': 'C', 'b_type': None}, out_of_stock_material: KBR160
2025-08-23 14:29:48,810 - cuttingstock.core - INFO - Starting calculation process
2025-08-23 14:29:48,822 - cuttingstock.core - INFO - Loaded order data from cache | Details: cache_path: cache\order.db
2025-08-23 14:29:48,839 - cuttingstock.core - INFO - Loaded and sorted data successfully
2025-08-23 14:29:48,843 - cuttingstock.core - INFO - Starting calculation process
2025-08-23 14:29:48,852 - cuttingstock.core - INFO - Loaded order data from cache | Details: cache_path: cache\order.db
2025-08-23 14:29:48,865 - cuttingstock.core - INFO - Loaded and sorted data successfully
2025-08-23 14:29:48,868 - cuttingstock.core - INFO - Starting calculation process
2025-08-23 14:29:48,878 - cuttingstock.core - INFO - Loaded order data from cache | Details: cache_path: cache\order.db
2025-08-23 14:29:48,891 - cuttingstock.core - INFO - Loaded and sorted data successfully
2025-08-23 14:29:48,894 - cuttingstock.core - INFO - Starting calculation process
2025-08-23 14:29:48,903 - cuttingstock.core - INFO - Loaded order data from cache | Details: cache_path: cache\order.db
2025-08-23 14:29:48,917 - cuttingstock.core - INFO - Loaded and sorted data successfully
2025-08-23 14:29:48,920 - cuttingstock.core - INFO - Starting calculation process
2025-08-23 14:29:48,931 - cuttingstock.core - INFO - Loaded order data from cache | Details: cache_path: cache\order.db
2025-08-23 14:29:48,948 - cuttingstock.core - INFO - Loaded and sorted data successfully
2025-08-23 14:29:48,952 - cuttingstock.core - INFO - Starting calculation process
2025-08-23 14:29:48,964 - cuttingstock.core - INFO - Loaded order data from cache | Details: cache_path: cache\order.db
2025-08-23 14:29:48,980 - cuttingstock.core - INFO - Loaded and sorted data successfully
2025-08-23 14:29:49,067 - cuttingstock.core - ERROR - Out of stock: Not enough stock length available for material. | Details: width: 85, material: CM147, required_length: 991.9395931034484, material_specs: {'demand': 2130, 'front': 'KS161 ', 'middle': 'CM147 ', 'back': ' KB160', 'c': 'CM147 ', 'b': 'CM147 ', 'die_cut': 1, 'c_type': 'C', 'b_type': 'B'}, known_out_of_stock: []
2025-08-23 14:29:49,067 - cuttingstock.core - INFO - Out of stock, awaiting user interaction. | Details: width: 85, material: CM147, required_length: 991.9395931034484, material_specs: {'demand': 2130, 'front': 'KS161 ', 'middle': 'CM147 ', 'back': ' KB160', 'c': 'CM147 ', 'b': 'CM147 ', 'die_cut': 1, 'c_type': 'C', 'b_type': 'B'}
2025-08-23 14:29:52,254 - cuttingstock.core - INFO - User provided material substitution. | Details: original_specs: {'demand': 2130, 'front': 'KS161 ', 'middle': 'CM147 ', 'back': ' KB160', 'c': 'CM147 ', 'b': 'CM147 ', 'die_cut': 1, 'c_type': 'C', 'b_type': 'B'}, new_specs: {'demand': 2130, 'front': 'KS161', 'middle': 'CM147', 'back': 'KB160', 'c': 'CM147', 'b': 'CM147', 'die_cut': 1, 'c_type': 'C', 'b_type': 'B'}, changes: {'front': 'KS161', 'middle': 'CM147', 'back': 'KB160', 'c': 'CM147', 'b': 'CM147'}
2025-08-23 14:29:52,491 - cuttingstock.core - INFO - Starting calculation process
2025-08-23 14:29:52,500 - cuttingstock.core - INFO - Loaded order data from cache | Details: cache_path: cache\order.db
2025-08-23 14:29:52,515 - cuttingstock.core - INFO - Loaded and sorted data successfully
2025-08-23 14:29:52,517 - cuttingstock.core - INFO - Starting calculation process
2025-08-23 14:29:52,527 - cuttingstock.core - INFO - Loaded order data from cache | Details: cache_path: cache\order.db
2025-08-23 14:29:52,540 - cuttingstock.core - INFO - Loaded and sorted data successfully
2025-08-23 14:29:52,604 - cuttingstock.core - ERROR - Out of stock: Not enough stock length available for material. | Details: width: 85, material: CM147, required_length: 449.4905068965518, material_specs: {'demand': 1200, 'front': 'KS231 ', 'middle': 'CM147 ', 'back': ' KB160', 'c': 'CM147 ', 'b': 'CM147 ', 'die_cut': 1, 'c_type': 'C', 'b_type': 'B'}, known_out_of_stock: []
2025-08-23 14:29:52,604 - cuttingstock.core - INFO - Out of stock, awaiting user interaction. | Details: width: 85, material: CM147, required_length: 449.4905068965518, material_specs: {'demand': 1200, 'front': 'KS231 ', 'middle': 'CM147 ', 'back': ' KB160', 'c': 'CM147 ', 'b': 'CM147 ', 'die_cut': 1, 'c_type': 'C', 'b_type': 'B'}
2025-08-23 14:29:54,485 - cuttingstock.core - INFO - User provided material substitution. | Details: original_specs: {'demand': 1200, 'front': 'KS231 ', 'middle': 'CM147 ', 'back': ' KB160', 'c': 'CM147 ', 'b': 'CM147 ', 'die_cut': 1, 'c_type': 'C', 'b_type': 'B'}, new_specs: {'demand': 1200, 'front': 'KS231', 'middle': 'CM147', 'back': 'KB160', 'c': 'CM147', 'b': 'CM147', 'die_cut': 1, 'c_type': 'C', 'b_type': 'B'}, changes: {'front': 'KS231', 'middle': 'CM147', 'back': 'KB160', 'c': 'CM147', 'b': 'CM147'}
2025-08-23 14:29:54,489 - cuttingstock.core - ERROR - Out of stock: Not enough stock length available for material. | Details: width: 85, material: CM147, required_length: 449.4905068965518, material_specs: {'demand': 1200, 'front': 'KS231', 'middle': 'CM147', 'back': 'KB160', 'c': 'CM147', 'b': 'CM147', 'die_cut': 1, 'c_type': 'C', 'b_type': 'B'}, known_out_of_stock: [('85', 'CM147')]
2025-08-23 14:29:54,489 - cuttingstock.core - INFO - Out of stock, awaiting user interaction. | Details: width: 85, material: CM147, required_length: 449.4905068965518, material_specs: {'demand': 1200, 'front': 'KS231', 'middle': 'CM147', 'back': 'KB160', 'c': 'CM147', 'b': 'CM147', 'die_cut': 1, 'c_type': 'C', 'b_type': 'B'}
2025-08-23 14:29:59,015 - cuttingstock.core - INFO - User provided material substitution. | Details: original_specs: {'demand': 1200, 'front': 'KS231', 'middle': 'CM147', 'back': 'KB160', 'c': 'CM147', 'b': 'CM147', 'die_cut': 1, 'c_type': 'C', 'b_type': 'B'}, new_specs: {'demand': 1200, 'front': 'KS231', 'middle': 'CM127', 'back': 'KB160', 'c': 'CM127', 'b': 'CM127', 'die_cut': 1, 'c_type': 'C', 'b_type': 'B'}, changes: {'middle': 'CM127', 'c': 'CM127', 'b': 'CM127'}
2025-08-23 14:29:59,195 - cuttingstock.core - INFO - Starting calculation process
2025-08-23 14:29:59,206 - cuttingstock.core - INFO - Loaded order data from cache | Details: cache_path: cache\order.db
2025-08-23 14:29:59,221 - cuttingstock.core - INFO - Loaded and sorted data successfully
2025-08-23 14:29:59,224 - cuttingstock.core - INFO - Starting calculation process
2025-08-23 14:29:59,234 - cuttingstock.core - INFO - Loaded order data from cache | Details: cache_path: cache\order.db
2025-08-23 14:29:59,249 - cuttingstock.core - INFO - Loaded and sorted data successfully
2025-08-23 14:29:59,427 - cuttingstock.core - INFO - Starting calculation process
2025-08-23 14:29:59,437 - cuttingstock.core - INFO - Loaded order data from cache | Details: cache_path: cache\order.db
2025-08-23 14:29:59,452 - cuttingstock.core - INFO - Loaded and sorted data successfully
2025-08-23 14:29:59,494 - cuttingstock.core - ERROR - Out of stock: Not enough stock length available for material. | Details: width: 82, material: CM127, required_length: 1087.1369, material_specs: {'demand': 1500, 'front': 'KS121 ', 'back': ' CM127', 'c': 'CM127 ', 'die_cut': 1, 'c_type': 'C', 'b_type': None}, known_out_of_stock: []
2025-08-23 14:29:59,494 - cuttingstock.core - INFO - Out of stock, awaiting user interaction. | Details: width: 82, material: CM127, required_length: 1087.1369, material_specs: {'demand': 1500, 'front': 'KS121 ', 'back': ' CM127', 'c': 'CM127 ', 'die_cut': 1, 'c_type': 'C', 'b_type': None}
2025-08-23 14:30:03,734 - cuttingstock.core - INFO - User provided material substitution. | Details: original_specs: {'demand': 1500, 'front': 'KS121 ', 'back': ' CM127', 'c': 'CM127 ', 'die_cut': 1, 'c_type': 'C', 'b_type': None}, new_specs: {'demand': 1500, 'front': 'KS121', 'back': 'CM127', 'c': 'CM190', 'die_cut': 1, 'c_type': 'C', 'b_type': None}, changes: {'front': 'KS121', 'back': 'CM127', 'c': 'CM190'}
2025-08-23 14:30:03,737 - cuttingstock.core - ERROR - Out of stock: Not enough stock length available for material. | Details: width: 82, material: CM190, required_length: 1087.1369, material_specs: {'demand': 1500, 'front': 'KS121', 'back': 'CM127', 'c': 'CM190', 'die_cut': 1, 'c_type': 'C', 'b_type': None}, known_out_of_stock: [('82', 'CM127')]
2025-08-23 14:30:03,737 - cuttingstock.core - INFO - Out of stock, awaiting user interaction. | Details: width: 82, material: CM190, required_length: 1087.1369, material_specs: {'demand': 1500, 'front': 'KS121', 'back': 'CM127', 'c': 'CM190', 'die_cut': 1, 'c_type': 'C', 'b_type': None}
2025-08-23 14:30:05,510 - cuttingstock.core - INFO - User provided material substitution. | Details: original_specs: {'demand': 1500, 'front': 'KS121', 'back': 'CM127', 'c': 'CM190', 'die_cut': 1, 'c_type': 'C', 'b_type': None}, new_specs: {'demand': 1500, 'front': 'KS121', 'back': 'CM127', 'c': 'CM112', 'die_cut': 1, 'c_type': 'C', 'b_type': None}, changes: {'c': 'CM112'}
2025-08-23 14:30:05,513 - cuttingstock.core - ERROR - Out of stock: Not enough stock length available for material. | Details: width: 82, material: CM112, required_length: 1087.1369, material_specs: {'demand': 1500, 'front': 'KS121', 'back': 'CM127', 'c': 'CM112', 'die_cut': 1, 'c_type': 'C', 'b_type': None}, known_out_of_stock: [('82', 'CM127'), ('82', 'CM190')]
2025-08-23 14:30:05,513 - cuttingstock.core - INFO - Out of stock, awaiting user interaction. | Details: width: 82, material: CM112, required_length: 1087.1369, material_specs: {'demand': 1500, 'front': 'KS121', 'back': 'CM127', 'c': 'CM112', 'die_cut': 1, 'c_type': 'C', 'b_type': None}
2025-08-23 14:30:08,438 - cuttingstock.core - INFO - User provided material substitution. | Details: original_specs: {'demand': 1500, 'front': 'KS121', 'back': 'CM127', 'c': 'CM112', 'die_cut': 1, 'c_type': 'C', 'b_type': None}, new_specs: {'demand': 1500, 'front': 'KS121', 'back': 'CM127', 'c': 'CME100', 'die_cut': 1, 'c_type': 'C', 'b_type': None}, changes: {'c': 'CME100'}
2025-08-23 14:30:08,441 - cuttingstock.core - ERROR - Out of stock: Not enough stock length available for material. | Details: width: 82, material: CME100, required_length: 1087.1369, material_specs: {'demand': 1500, 'front': 'KS121', 'back': 'CM127', 'c': 'CME100', 'die_cut': 1, 'c_type': 'C', 'b_type': None}, known_out_of_stock: [('82', 'CM127'), ('82', 'CM190'), ('82', 'CM112')]
2025-08-23 14:30:08,442 - cuttingstock.core - INFO - Out of stock, awaiting user interaction. | Details: width: 82, material: CME100, required_length: 1087.1369, material_specs: {'demand': 1500, 'front': 'KS121', 'back': 'CM127', 'c': 'CME100', 'die_cut': 1, 'c_type': 'C', 'b_type': None}
2025-08-23 14:30:10,199 - cuttingstock.core - WARNING - User cancelled material substitution. | Details: original_specs: {'demand': 1500, 'front': 'KS121', 'back': 'CM127', 'c': 'CME100', 'die_cut': 1, 'c_type': 'C', 'b_type': None}, out_of_stock_material: CME100
2025-08-23 14:30:10,355 - cuttingstock.core - INFO - Starting calculation process
2025-08-23 14:30:10,368 - cuttingstock.core - INFO - Loaded order data from cache | Details: cache_path: cache\order.db
2025-08-23 14:30:10,383 - cuttingstock.core - INFO - Loaded and sorted data successfully
2025-08-23 14:30:10,386 - cuttingstock.core - INFO - Starting calculation process
2025-08-23 14:30:10,396 - cuttingstock.core - INFO - Loaded order data from cache | Details: cache_path: cache\order.db
2025-08-23 14:30:10,409 - cuttingstock.core - INFO - Loaded and sorted data successfully
2025-08-23 14:30:10,413 - cuttingstock.core - INFO - Starting calculation process
2025-08-23 14:30:10,423 - cuttingstock.core - INFO - Loaded order data from cache | Details: cache_path: cache\order.db
2025-08-23 14:30:10,438 - cuttingstock.core - INFO - Loaded and sorted data successfully
2025-08-23 14:30:10,441 - cuttingstock.core - INFO - Starting calculation process
2025-08-23 14:30:10,451 - cuttingstock.core - INFO - Loaded order data from cache | Details: cache_path: cache\order.db
2025-08-23 14:30:10,465 - cuttingstock.core - INFO - Loaded and sorted data successfully
2025-08-23 14:30:10,468 - cuttingstock.core - INFO - Starting calculation process
2025-08-23 14:30:10,478 - cuttingstock.core - INFO - Loaded order data from cache | Details: cache_path: cache\order.db
2025-08-23 14:30:10,492 - cuttingstock.core - INFO - Loaded and sorted data successfully
2025-08-23 14:30:10,496 - cuttingstock.core - INFO - Starting calculation process
2025-08-23 14:30:10,507 - cuttingstock.core - INFO - Loaded order data from cache | Details: cache_path: cache\order.db
2025-08-23 14:30:10,521 - cuttingstock.core - INFO - Loaded and sorted data successfully
2025-08-23 14:30:10,525 - cuttingstock.core - INFO - Starting calculation process
2025-08-23 14:30:10,535 - cuttingstock.core - INFO - Loaded order data from cache | Details: cache_path: cache\order.db
2025-08-23 14:30:10,549 - cuttingstock.core - INFO - Loaded and sorted data successfully
2025-08-23 14:30:10,551 - cuttingstock.core - INFO - Starting calculation process
2025-08-23 14:30:10,564 - cuttingstock.core - INFO - Loaded order data from cache | Details: cache_path: cache\order.db
2025-08-23 14:30:10,576 - cuttingstock.core - INFO - Loaded and sorted data successfully
2025-08-23 14:30:10,579 - cuttingstock.core - INFO - Starting calculation process
2025-08-23 14:30:10,590 - cuttingstock.core - INFO - Loaded order data from cache | Details: cache_path: cache\order.db
2025-08-23 14:30:10,603 - cuttingstock.core - INFO - Loaded and sorted data successfully
2025-08-23 14:30:10,771 - cuttingstock.core - INFO - Starting calculation process
2025-08-23 14:30:10,782 - cuttingstock.core - INFO - Loaded order data from cache | Details: cache_path: cache\order.db
2025-08-23 14:30:10,796 - cuttingstock.core - INFO - Loaded and sorted data successfully
2025-08-23 14:30:10,798 - cuttingstock.core - INFO - Starting calculation process
2025-08-23 14:30:10,809 - cuttingstock.core - INFO - Loaded order data from cache | Details: cache_path: cache\order.db
2025-08-23 14:30:10,824 - cuttingstock.core - INFO - Loaded and sorted data successfully
2025-08-23 14:30:11,002 - cuttingstock.core - INFO - Starting calculation process
2025-08-23 14:30:11,014 - cuttingstock.core - INFO - Loaded order data from cache | Details: cache_path: cache\order.db
2025-08-23 14:30:11,029 - cuttingstock.core - INFO - Loaded and sorted data successfully
2025-08-23 14:30:11,033 - cuttingstock.core - INFO - Starting calculation process
2025-08-23 14:30:11,044 - cuttingstock.core - INFO - Loaded order data from cache | Details: cache_path: cache\order.db
2025-08-23 14:30:11,057 - cuttingstock.core - INFO - Loaded and sorted data successfully
2025-08-23 14:30:11,060 - cuttingstock.core - INFO - Starting calculation process
2025-08-23 14:30:11,071 - cuttingstock.core - INFO - Loaded order data from cache | Details: cache_path: cache\order.db
2025-08-23 14:30:11,085 - cuttingstock.core - INFO - Loaded and sorted data successfully
2025-08-23 14:30:11,088 - cuttingstock.core - INFO - Starting calculation process
2025-08-23 14:30:11,098 - cuttingstock.core - INFO - Loaded order data from cache | Details: cache_path: cache\order.db
2025-08-23 14:30:11,111 - cuttingstock.core - INFO - Loaded and sorted data successfully
2025-08-23 14:30:11,114 - cuttingstock.core - INFO - Starting calculation process
2025-08-23 14:30:11,123 - cuttingstock.core - INFO - Loaded order data from cache | Details: cache_path: cache\order.db
2025-08-23 14:30:11,136 - cuttingstock.core - INFO - Loaded and sorted data successfully
2025-08-23 14:30:11,139 - cuttingstock.core - INFO - Starting calculation process
2025-08-23 14:30:11,149 - cuttingstock.core - INFO - Loaded order data from cache | Details: cache_path: cache\order.db
2025-08-23 14:30:11,163 - cuttingstock.core - INFO - Loaded and sorted data successfully
2025-08-23 14:30:11,165 - cuttingstock.core - INFO - Starting calculation process
2025-08-23 14:30:11,175 - cuttingstock.core - INFO - Loaded order data from cache | Details: cache_path: cache\order.db
2025-08-23 14:30:11,187 - cuttingstock.core - INFO - Loaded and sorted data successfully
2025-08-23 14:30:11,359 - cuttingstock.core - INFO - Starting calculation process
2025-08-23 14:30:11,370 - cuttingstock.core - INFO - Loaded order data from cache | Details: cache_path: cache\order.db
2025-08-23 14:30:11,383 - cuttingstock.core - INFO - Loaded and sorted data successfully
2025-08-23 14:30:11,387 - cuttingstock.core - INFO - Starting calculation process
2025-08-23 14:30:11,397 - cuttingstock.core - INFO - Loaded order data from cache | Details: cache_path: cache\order.db
2025-08-23 14:30:11,408 - cuttingstock.core - INFO - Loaded and sorted data successfully
2025-08-23 14:30:11,411 - cuttingstock.core - INFO - Starting calculation process
2025-08-23 14:30:11,421 - cuttingstock.core - INFO - Loaded order data from cache | Details: cache_path: cache\order.db
2025-08-23 14:30:11,434 - cuttingstock.core - INFO - Loaded and sorted data successfully
2025-08-23 14:30:11,437 - cuttingstock.core - INFO - Starting calculation process
2025-08-23 14:30:11,449 - cuttingstock.core - INFO - Loaded order data from cache | Details: cache_path: cache\order.db
2025-08-23 14:30:11,461 - cuttingstock.core - INFO - Loaded and sorted data successfully
2025-08-23 14:30:11,684 - cuttingstock.core - INFO - Starting calculation process
2025-08-23 14:30:11,695 - cuttingstock.core - INFO - Loaded order data from cache | Details: cache_path: cache\order.db
2025-08-23 14:30:11,709 - cuttingstock.core - INFO - Loaded and sorted data successfully
2025-08-23 14:30:11,712 - cuttingstock.core - INFO - Starting calculation process
2025-08-23 14:30:11,721 - cuttingstock.core - INFO - Loaded order data from cache | Details: cache_path: cache\order.db
2025-08-23 14:30:11,733 - cuttingstock.core - INFO - Loaded and sorted data successfully
2025-08-23 14:30:11,735 - cuttingstock.core - INFO - Starting calculation process
2025-08-23 14:30:11,745 - cuttingstock.core - INFO - Loaded order data from cache | Details: cache_path: cache\order.db
2025-08-23 14:30:11,756 - cuttingstock.core - INFO - Loaded and sorted data successfully
2025-08-23 14:30:11,759 - cuttingstock.core - INFO - Starting calculation process
2025-08-23 14:30:11,770 - cuttingstock.core - INFO - Loaded order data from cache | Details: cache_path: cache\order.db
2025-08-23 14:30:11,781 - cuttingstock.core - INFO - Loaded and sorted data successfully
2025-08-23 14:30:11,784 - cuttingstock.core - INFO - Starting calculation process
2025-08-23 14:30:11,794 - cuttingstock.core - INFO - Loaded order data from cache | Details: cache_path: cache\order.db
2025-08-23 14:30:11,808 - cuttingstock.core - INFO - Loaded and sorted data successfully
2025-08-23 14:30:11,811 - cuttingstock.core - INFO - Starting calculation process
2025-08-23 14:30:11,822 - cuttingstock.core - INFO - Loaded order data from cache | Details: cache_path: cache\order.db
2025-08-23 14:30:11,836 - cuttingstock.core - INFO - Loaded and sorted data successfully
2025-08-23 14:30:11,840 - cuttingstock.core - INFO - Starting calculation process
2025-08-23 14:30:11,849 - cuttingstock.core - INFO - Loaded order data from cache | Details: cache_path: cache\order.db
2025-08-23 14:30:11,863 - cuttingstock.core - INFO - Loaded and sorted data successfully
2025-08-23 14:30:11,866 - cuttingstock.core - INFO - Starting calculation process
2025-08-23 14:30:11,877 - cuttingstock.core - INFO - Loaded order data from cache | Details: cache_path: cache\order.db
2025-08-23 14:30:11,889 - cuttingstock.core - INFO - Loaded and sorted data successfully
2025-08-23 14:30:11,893 - cuttingstock.core - INFO - Starting calculation process
2025-08-23 14:30:11,903 - cuttingstock.core - INFO - Loaded order data from cache | Details: cache_path: cache\order.db
2025-08-23 14:30:11,916 - cuttingstock.core - INFO - Loaded and sorted data successfully
2025-08-23 14:30:12,095 - cuttingstock.core - INFO - Starting calculation process
2025-08-23 14:30:12,105 - cuttingstock.core - INFO - Loaded order data from cache | Details: cache_path: cache\order.db
2025-08-23 14:30:12,118 - cuttingstock.core - INFO - Loaded and sorted data successfully
2025-08-23 14:30:12,121 - cuttingstock.core - INFO - Starting calculation process
2025-08-23 14:30:12,132 - cuttingstock.core - INFO - Loaded order data from cache | Details: cache_path: cache\order.db
2025-08-23 14:30:12,145 - cuttingstock.core - INFO - Loaded and sorted data successfully
2025-08-23 14:30:12,327 - cuttingstock.core - INFO - Starting calculation process
2025-08-23 14:30:12,338 - cuttingstock.core - INFO - Loaded order data from cache | Details: cache_path: cache\order.db
2025-08-23 14:30:12,352 - cuttingstock.core - INFO - Loaded and sorted data successfully
2025-08-23 14:30:12,358 - cuttingstock.core - INFO - Starting calculation process
2025-08-23 14:30:12,368 - cuttingstock.core - INFO - Loaded order data from cache | Details: cache_path: cache\order.db
2025-08-23 14:30:12,381 - cuttingstock.core - INFO - Loaded and sorted data successfully
2025-08-23 14:30:12,385 - cuttingstock.core - INFO - Starting calculation process
2025-08-23 14:30:12,396 - cuttingstock.core - INFO - Loaded order data from cache | Details: cache_path: cache\order.db
2025-08-23 14:30:12,409 - cuttingstock.core - INFO - Loaded and sorted data successfully
2025-08-23 14:30:12,412 - cuttingstock.core - INFO - Starting calculation process
2025-08-23 14:30:12,422 - cuttingstock.core - INFO - Loaded order data from cache | Details: cache_path: cache\order.db
2025-08-23 14:30:12,437 - cuttingstock.core - INFO - Loaded and sorted data successfully
2025-08-23 14:30:12,441 - cuttingstock.core - INFO - Starting calculation process
2025-08-23 14:30:12,452 - cuttingstock.core - INFO - Loaded order data from cache | Details: cache_path: cache\order.db
2025-08-23 14:30:12,464 - cuttingstock.core - INFO - Loaded and sorted data successfully
2025-08-23 14:30:12,503 - cuttingstock.core - ERROR - Out of stock: Not enough stock length available for material. | Details: width: 82, material: KAC125, required_length: 538.1548965517242, material_specs: {'demand': 300, 'front': 'KAC125', 'middle': 'CM112 ', 'back': ' CM112', 'c': 'CM112 ', 'b': 'CM112 ', 'die_cut': 1, 'c_type': 'C', 'b_type': 'B'}, known_out_of_stock: []
2025-08-23 14:30:12,504 - cuttingstock.core - INFO - Out of stock, awaiting user interaction. | Details: width: 82, material: KAC125, required_length: 538.1548965517242, material_specs: {'demand': 300, 'front': 'KAC125', 'middle': 'CM112 ', 'back': ' CM112', 'c': 'CM112 ', 'b': 'CM112 ', 'die_cut': 1, 'c_type': 'C', 'b_type': 'B'}
2025-08-23 14:30:21,001 - cuttingstock.core - INFO - User provided material substitution. | Details: original_specs: {'demand': 300, 'front': 'KAC125', 'middle': 'CM112 ', 'back': ' CM112', 'c': 'CM112 ', 'b': 'CM112 ', 'die_cut': 1, 'c_type': 'C', 'b_type': 'B'}, new_specs: {'demand': 300, 'front': 'KAC225', 'middle': 'CM112', 'back': 'CM112', 'c': 'CM112', 'b': 'CM112', 'die_cut': 1, 'c_type': 'C', 'b_type': 'B'}, changes: {'front': 'KAC225', 'middle': 'CM112', 'back': 'CM112', 'c': 'CM112', 'b': 'CM112'}
2025-08-23 14:30:21,005 - cuttingstock.core - ERROR - Out of stock: Not enough stock length available for material. | Details: width: 82, material: CM112, required_length: 780.3246, material_specs: {'demand': 300, 'front': 'KAC225', 'middle': 'CM112', 'back': 'CM112', 'c': 'CM112', 'b': 'CM112', 'die_cut': 1, 'c_type': 'C', 'b_type': 'B'}, known_out_of_stock: [('82', 'KAC125')]
2025-08-23 14:30:21,005 - cuttingstock.core - INFO - Out of stock, awaiting user interaction. | Details: width: 82, material: CM112, required_length: 780.3246, material_specs: {'demand': 300, 'front': 'KAC225', 'middle': 'CM112', 'back': 'CM112', 'c': 'CM112', 'b': 'CM112', 'die_cut': 1, 'c_type': 'C', 'b_type': 'B'}
2025-08-23 14:30:25,878 - cuttingstock.core - WARNING - User cancelled material substitution. | Details: original_specs: {'demand': 300, 'front': 'KAC225', 'middle': 'CM112', 'back': 'CM112', 'c': 'CM112', 'b': 'CM112', 'die_cut': 1, 'c_type': 'C', 'b_type': 'B'}, out_of_stock_material: CM112
2025-08-23 14:30:26,017 - cuttingstock.core - INFO - Starting calculation process
2025-08-23 14:30:26,027 - cuttingstock.core - INFO - Loaded order data from cache | Details: cache_path: cache\order.db
2025-08-23 14:30:26,042 - cuttingstock.core - INFO - Loaded and sorted data successfully
2025-08-23 14:30:26,047 - cuttingstock.core - INFO - Starting calculation process
2025-08-23 14:30:26,057 - cuttingstock.core - INFO - Loaded order data from cache | Details: cache_path: cache\order.db
2025-08-23 14:30:26,071 - cuttingstock.core - INFO - Loaded and sorted data successfully
2025-08-23 14:30:26,076 - cuttingstock.core - INFO - Starting calculation process
2025-08-23 14:30:26,086 - cuttingstock.core - INFO - Loaded order data from cache | Details: cache_path: cache\order.db
2025-08-23 14:30:26,099 - cuttingstock.core - INFO - Loaded and sorted data successfully
2025-08-23 14:30:26,102 - cuttingstock.core - INFO - Starting calculation process
2025-08-23 14:30:26,112 - cuttingstock.core - INFO - Loaded order data from cache | Details: cache_path: cache\order.db
2025-08-23 14:30:26,124 - cuttingstock.core - INFO - Loaded and sorted data successfully
2025-08-23 14:30:26,127 - cuttingstock.core - INFO - Starting calculation process
2025-08-23 14:30:26,137 - cuttingstock.core - INFO - Loaded order data from cache | Details: cache_path: cache\order.db
2025-08-23 14:30:26,151 - cuttingstock.core - INFO - Loaded and sorted data successfully
2025-08-23 14:30:26,154 - cuttingstock.core - INFO - Starting calculation process
2025-08-23 14:30:26,166 - cuttingstock.core - INFO - Loaded order data from cache | Details: cache_path: cache\order.db
2025-08-23 14:30:26,180 - cuttingstock.core - INFO - Loaded and sorted data successfully
2025-08-23 14:30:26,183 - cuttingstock.core - INFO - Starting calculation process
2025-08-23 14:30:26,195 - cuttingstock.core - INFO - Loaded order data from cache | Details: cache_path: cache\order.db
2025-08-23 14:30:26,210 - cuttingstock.core - INFO - Loaded and sorted data successfully
2025-08-23 14:30:26,391 - cuttingstock.core - INFO - Starting calculation process
2025-08-23 14:30:26,401 - cuttingstock.core - INFO - Loaded order data from cache | Details: cache_path: cache\order.db
2025-08-23 14:30:26,415 - cuttingstock.core - INFO - Loaded and sorted data successfully
2025-08-23 14:30:26,419 - cuttingstock.core - INFO - Starting calculation process
2025-08-23 14:30:26,429 - cuttingstock.core - INFO - Loaded order data from cache | Details: cache_path: cache\order.db
2025-08-23 14:30:26,443 - cuttingstock.core - INFO - Loaded and sorted data successfully
2025-08-23 14:30:26,446 - cuttingstock.core - INFO - Starting calculation process
2025-08-23 14:30:26,456 - cuttingstock.core - INFO - Loaded order data from cache | Details: cache_path: cache\order.db
2025-08-23 14:30:26,469 - cuttingstock.core - INFO - Loaded and sorted data successfully
2025-08-23 14:30:26,472 - cuttingstock.core - INFO - Starting calculation process
2025-08-23 14:30:26,482 - cuttingstock.core - INFO - Loaded order data from cache | Details: cache_path: cache\order.db
2025-08-23 14:30:26,496 - cuttingstock.core - INFO - Loaded and sorted data successfully
2025-08-23 14:30:26,499 - cuttingstock.core - INFO - Starting calculation process
2025-08-23 14:30:26,510 - cuttingstock.core - INFO - Loaded order data from cache | Details: cache_path: cache\order.db
2025-08-23 14:30:26,525 - cuttingstock.core - INFO - Loaded and sorted data successfully
2025-08-23 14:30:26,529 - cuttingstock.core - INFO - Starting calculation process
2025-08-23 14:30:26,539 - cuttingstock.core - INFO - Loaded order data from cache | Details: cache_path: cache\order.db
2025-08-23 14:30:26,554 - cuttingstock.core - INFO - Loaded and sorted data successfully
2025-08-23 14:30:26,558 - cuttingstock.core - INFO - Starting calculation process
2025-08-23 14:30:26,568 - cuttingstock.core - INFO - Loaded order data from cache | Details: cache_path: cache\order.db
2025-08-23 14:30:26,582 - cuttingstock.core - INFO - Loaded and sorted data successfully
2025-08-23 14:30:26,760 - cuttingstock.core - INFO - Starting calculation process
2025-08-23 14:30:26,770 - cuttingstock.core - INFO - Loaded order data from cache | Details: cache_path: cache\order.db
2025-08-23 14:30:26,783 - cuttingstock.core - INFO - Loaded and sorted data successfully
2025-08-23 14:30:26,786 - cuttingstock.core - INFO - Starting calculation process
2025-08-23 14:30:26,796 - cuttingstock.core - INFO - Loaded order data from cache | Details: cache_path: cache\order.db
2025-08-23 14:30:26,808 - cuttingstock.core - INFO - Loaded and sorted data successfully
2025-08-23 14:30:26,811 - cuttingstock.core - INFO - Starting calculation process
2025-08-23 14:30:26,821 - cuttingstock.core - INFO - Loaded order data from cache | Details: cache_path: cache\order.db
2025-08-23 14:30:26,832 - cuttingstock.core - INFO - Loaded and sorted data successfully
2025-08-23 14:30:26,836 - cuttingstock.core - INFO - Starting calculation process
2025-08-23 14:30:26,846 - cuttingstock.core - INFO - Loaded order data from cache | Details: cache_path: cache\order.db
2025-08-23 14:30:26,860 - cuttingstock.core - INFO - Loaded and sorted data successfully
2025-08-23 14:30:26,862 - cuttingstock.core - INFO - Starting calculation process
2025-08-23 14:30:26,873 - cuttingstock.core - INFO - Loaded order data from cache | Details: cache_path: cache\order.db
2025-08-23 14:30:26,887 - cuttingstock.core - INFO - Loaded and sorted data successfully
2025-08-23 14:30:26,891 - cuttingstock.core - INFO - Starting calculation process
2025-08-23 14:30:26,903 - cuttingstock.core - INFO - Loaded order data from cache | Details: cache_path: cache\order.db
2025-08-23 14:30:26,917 - cuttingstock.core - INFO - Loaded and sorted data successfully
2025-08-23 14:30:26,920 - cuttingstock.core - INFO - Starting calculation process
2025-08-23 14:30:26,930 - cuttingstock.core - INFO - Loaded order data from cache | Details: cache_path: cache\order.db
2025-08-23 14:30:26,943 - cuttingstock.core - INFO - Loaded and sorted data successfully
2025-08-23 14:30:27,156 - cuttingstock.core - INFO - Starting calculation process
2025-08-23 14:30:27,166 - cuttingstock.core - INFO - Loaded order data from cache | Details: cache_path: cache\order.db
2025-08-23 14:30:27,180 - cuttingstock.core - INFO - Loaded and sorted data successfully
2025-08-23 14:30:27,183 - cuttingstock.core - INFO - Starting calculation process
2025-08-23 14:30:27,192 - cuttingstock.core - INFO - Loaded order data from cache | Details: cache_path: cache\order.db
2025-08-23 14:30:27,204 - cuttingstock.core - INFO - Loaded and sorted data successfully
2025-08-23 14:30:27,207 - cuttingstock.core - INFO - Starting calculation process
2025-08-23 14:30:27,216 - cuttingstock.core - INFO - Loaded order data from cache | Details: cache_path: cache\order.db
2025-08-23 14:30:27,228 - cuttingstock.core - INFO - Loaded and sorted data successfully
2025-08-23 14:30:27,232 - cuttingstock.core - INFO - Starting calculation process
2025-08-23 14:30:27,241 - cuttingstock.core - INFO - Loaded order data from cache | Details: cache_path: cache\order.db
2025-08-23 14:30:27,252 - cuttingstock.core - INFO - Loaded and sorted data successfully
2025-08-23 14:30:27,254 - cuttingstock.core - INFO - Starting calculation process
2025-08-23 14:30:27,264 - cuttingstock.core - INFO - Loaded order data from cache | Details: cache_path: cache\order.db
2025-08-23 14:30:27,277 - cuttingstock.core - INFO - Loaded and sorted data successfully
2025-08-23 14:30:27,280 - cuttingstock.core - INFO - Starting calculation process
2025-08-23 14:30:27,290 - cuttingstock.core - INFO - Loaded order data from cache | Details: cache_path: cache\order.db
2025-08-23 14:30:27,302 - cuttingstock.core - INFO - Loaded and sorted data successfully
2025-08-23 14:30:27,305 - cuttingstock.core - INFO - Starting calculation process
2025-08-23 14:30:27,316 - cuttingstock.core - INFO - Loaded order data from cache | Details: cache_path: cache\order.db
2025-08-23 14:30:27,328 - cuttingstock.core - INFO - Loaded and sorted data successfully
2025-08-23 14:30:27,331 - cuttingstock.core - INFO - Starting calculation process
2025-08-23 14:30:27,341 - cuttingstock.core - INFO - Loaded order data from cache | Details: cache_path: cache\order.db
2025-08-23 14:30:27,352 - cuttingstock.core - INFO - Loaded and sorted data successfully
2025-08-23 14:47:21,008 - cuttingstock.core - INFO - Starting calculation process
2025-08-23 14:47:21,113 - cuttingstock.core - INFO - Loaded order data from cache | Details: cache_path: cache\order.db
2025-08-23 14:47:21,146 - cuttingstock.core - INFO - Loaded and sorted data successfully
2025-08-23 14:47:22,190 - cuttingstock.core - ERROR - Out of stock: Not enough stock length available for material. | Details: width: 82, material: CM127, required_length: 502.95311379310346, material_specs: {'demand': 1380, 'front': 'KS231 ', 'middle': 'CM127 ', 'back': ' KB160', 'c': 'CM127 ', 'b': 'CM127 ', 'die_cut': 1, 'c_type': 'C', 'b_type': 'B'}, known_out_of_stock: []
2025-08-23 14:47:22,191 - cuttingstock.core - INFO - Out of stock, awaiting user interaction. | Details: width: 82, material: CM127, required_length: 502.95311379310346, material_specs: {'demand': 1380, 'front': 'KS231 ', 'middle': 'CM127 ', 'back': ' KB160', 'c': 'CM127 ', 'b': 'CM127 ', 'die_cut': 1, 'c_type': 'C', 'b_type': 'B'}
2025-08-23 14:47:29,672 - cuttingstock.core - INFO - User provided material substitution. | Details: original_specs: {'demand': 1380, 'front': 'KS231 ', 'middle': 'CM127 ', 'back': ' KB160', 'c': 'CM127 ', 'b': 'CM127 ', 'die_cut': 1, 'c_type': 'C', 'b_type': 'B'}, new_specs: {'demand': 1380, 'front': 'KS231', 'middle': 'CM127', 'back': 'KB160', 'c': 'CM127', 'b': 'CM112', 'die_cut': 1, 'c_type': 'C', 'b_type': 'B'}, changes: {'front': 'KS231', 'middle': 'CM127', 'back': 'KB160', 'c': 'CM127', 'b': 'CM112'}
2025-08-23 14:47:34,881 - cuttingstock.core - ERROR - Out of stock: Not enough stock length available for material. | Details: width: 82, material: CM127, required_length: 203.557, material_specs: {'demand': 1380, 'front': 'KS231', 'middle': 'CM127', 'back': 'KB160', 'c': 'CM127', 'b': 'CM112', 'die_cut': 1, 'c_type': 'C', 'b_type': 'B'}, known_out_of_stock: []
2025-08-23 14:47:34,881 - cuttingstock.core - INFO - Out of stock, awaiting user interaction. | Details: width: 82, material: CM127, required_length: 203.557, material_specs: {'demand': 1380, 'front': 'KS231', 'middle': 'CM127', 'back': 'KB160', 'c': 'CM127', 'b': 'CM112', 'die_cut': 1, 'c_type': 'C', 'b_type': 'B'}
2025-08-23 14:47:39,621 - cuttingstock.core - INFO - User provided material substitution. | Details: original_specs: {'demand': 1380, 'front': 'KS231', 'middle': 'CM127', 'back': 'KB160', 'c': 'CM127', 'b': 'CM112', 'die_cut': 1, 'c_type': 'C', 'b_type': 'B'}, new_specs: {'demand': 1380, 'front': 'KS231', 'middle': 'CM112', 'back': 'KB160', 'c': 'CM127', 'b': 'CM112', 'die_cut': 1, 'c_type': 'C', 'b_type': 'B'}, changes: {'middle': 'CM112'}
2025-08-23 14:47:40,479 - cuttingstock.core - ERROR - Out of stock: Not enough stock length available for material. | Details: width: 82, material: CM127, required_length: 1502.4292, material_specs: {'demand': 1380, 'front': 'KS231', 'middle': 'CM112', 'back': 'KB160', 'c': 'CM127', 'b': 'CM112', 'die_cut': 1, 'c_type': 'C', 'b_type': 'B'}, known_out_of_stock: []
2025-08-23 14:47:40,480 - cuttingstock.core - INFO - Out of stock, awaiting user interaction. | Details: width: 82, material: CM127, required_length: 1502.4292, material_specs: {'demand': 1380, 'front': 'KS231', 'middle': 'CM112', 'back': 'KB160', 'c': 'CM127', 'b': 'CM112', 'die_cut': 1, 'c_type': 'C', 'b_type': 'B'}
2025-08-23 14:47:43,013 - cuttingstock.core - INFO - User provided material substitution. | Details: original_specs: {'demand': 1380, 'front': 'KS231', 'middle': 'CM112', 'back': 'KB160', 'c': 'CM127', 'b': 'CM112', 'die_cut': 1, 'c_type': 'C', 'b_type': 'B'}, new_specs: {'demand': 1380, 'front': 'KS231', 'middle': 'CM112', 'back': 'KB160', 'c': 'CM112', 'b': 'CM112', 'die_cut': 1, 'c_type': 'C', 'b_type': 'B'}, changes: {'c': 'CM112'}
2025-08-23 14:47:54,412 - cuttingstock.core - ERROR - Out of stock: Not enough stock length available for material. | Details: width: 82, material: CM112, required_length: 254.0172103448276, material_specs: {'demand': 1380, 'front': 'KS231', 'middle': 'CM112', 'back': 'KB160', 'c': 'CM112', 'b': 'CM112', 'die_cut': 1, 'c_type': 'C', 'b_type': 'B'}, known_out_of_stock: []
2025-08-23 14:47:54,413 - cuttingstock.core - INFO - Out of stock, awaiting user interaction. | Details: width: 82, material: CM112, required_length: 254.0172103448276, material_specs: {'demand': 1380, 'front': 'KS231', 'middle': 'CM112', 'back': 'KB160', 'c': 'CM112', 'b': 'CM112', 'die_cut': 1, 'c_type': 'C', 'b_type': 'B'}
2025-08-23 14:48:04,293 - cuttingstock.core - INFO - User provided material substitution. | Details: original_specs: {'demand': 1380, 'front': 'KS231', 'middle': 'CM112', 'back': 'KB160', 'c': 'CM112', 'b': 'CM112', 'die_cut': 1, 'c_type': 'C', 'b_type': 'B'}, new_specs: {'demand': 1380, 'front': 'KS231', 'middle': 'CM127', 'back': 'KB160', 'c': 'CM127', 'b': 'CM112', 'die_cut': 1, 'c_type': 'C', 'b_type': 'B'}, changes: {'middle': 'CM127', 'c': 'CM127'}
2025-08-23 14:48:04,839 - cuttingstock.core - ERROR - Out of stock: Not enough stock length available for material. | Details: width: 82, material: CM127, required_length: 348.4626206896552, material_specs: {'demand': 1380, 'front': 'KS231', 'middle': 'CM127', 'back': 'KB160', 'c': 'CM127', 'b': 'CM112', 'die_cut': 1, 'c_type': 'C', 'b_type': 'B'}, known_out_of_stock: []
2025-08-23 14:48:04,840 - cuttingstock.core - INFO - Out of stock, awaiting user interaction. | Details: width: 82, material: CM127, required_length: 348.4626206896552, material_specs: {'demand': 1380, 'front': 'KS231', 'middle': 'CM127', 'back': 'KB160', 'c': 'CM127', 'b': 'CM112', 'die_cut': 1, 'c_type': 'C', 'b_type': 'B'}
2025-08-23 14:48:08,574 - cuttingstock.core - INFO - User provided material substitution. | Details: original_specs: {'demand': 1380, 'front': 'KS231', 'middle': 'CM127', 'back': 'KB160', 'c': 'CM127', 'b': 'CM112', 'die_cut': 1, 'c_type': 'C', 'b_type': 'B'}, new_specs: {'demand': 1380, 'front': 'KS231', 'middle': 'CM190', 'back': 'KB160', 'c': 'CM127', 'b': 'CM112', 'die_cut': 1, 'c_type': 'C', 'b_type': 'B'}, changes: {'middle': 'CM190'}
2025-08-23 14:48:09,456 - cuttingstock.core - ERROR - Out of stock: Not enough stock length available for material. | Details: width: 82, material: CM127, required_length: 2196.4594, material_specs: {'demand': 1380, 'front': 'KS231', 'middle': 'CM190', 'back': 'KB160', 'c': 'CM127', 'b': 'CM112', 'die_cut': 1, 'c_type': 'C', 'b_type': 'B'}, known_out_of_stock: []
2025-08-23 14:48:09,456 - cuttingstock.core - INFO - Out of stock, awaiting user interaction. | Details: width: 82, material: CM127, required_length: 2196.4594, material_specs: {'demand': 1380, 'front': 'KS231', 'middle': 'CM190', 'back': 'KB160', 'c': 'CM127', 'b': 'CM112', 'die_cut': 1, 'c_type': 'C', 'b_type': 'B'}
2025-08-23 14:48:11,348 - cuttingstock.core - INFO - User provided material substitution. | Details: original_specs: {'demand': 1380, 'front': 'KS231', 'middle': 'CM190', 'back': 'KB160', 'c': 'CM127', 'b': 'CM112', 'die_cut': 1, 'c_type': 'C', 'b_type': 'B'}, new_specs: {'demand': 1380, 'front': 'KS231', 'middle': 'CM190', 'back': 'KB160', 'c': 'CM190', 'b': 'CM112', 'die_cut': 1, 'c_type': 'C', 'b_type': 'B'}, changes: {'c': 'CM190'}
2025-08-23 14:48:11,352 - cuttingstock.core - ERROR - Out of stock: Not enough stock length available for material. | Details: width: 82, material: CM112, required_length: 2044.9794413793106, material_specs: {'demand': 1380, 'front': 'KS231', 'middle': 'CM190', 'back': 'KB160', 'c': 'CM190', 'b': 'CM112', 'die_cut': 1, 'c_type': 'C', 'b_type': 'B'}, known_out_of_stock: [('82', 'CM127')]
2025-08-23 14:48:11,352 - cuttingstock.core - INFO - Out of stock, awaiting user interaction. | Details: width: 82, material: CM112, required_length: 2044.9794413793106, material_specs: {'demand': 1380, 'front': 'KS231', 'middle': 'CM190', 'back': 'KB160', 'c': 'CM190', 'b': 'CM112', 'die_cut': 1, 'c_type': 'C', 'b_type': 'B'}
2025-08-23 14:48:13,270 - cuttingstock.core - INFO - User provided material substitution. | Details: original_specs: {'demand': 1380, 'front': 'KS231', 'middle': 'CM190', 'back': 'KB160', 'c': 'CM190', 'b': 'CM112', 'die_cut': 1, 'c_type': 'C', 'b_type': 'B'}, new_specs: {'demand': 1380, 'front': 'KS231', 'middle': 'CM190', 'back': 'KB160', 'c': 'CM190', 'b': 'CM190', 'die_cut': 1, 'c_type': 'C', 'b_type': 'B'}, changes: {'b': 'CM190'}
2025-08-23 14:48:16,390 - cuttingstock.core - ERROR - Out of stock: Not enough stock length available for material. | Details: width: 82, material: KB160, required_length: 276.5938620689655, material_specs: {'demand': 1380, 'front': 'KS231', 'middle': 'CM190', 'back': 'KB160', 'c': 'CM190', 'b': 'CM190', 'die_cut': 1, 'c_type': 'C', 'b_type': 'B'}, known_out_of_stock: []
2025-08-23 14:48:16,391 - cuttingstock.core - INFO - Out of stock, awaiting user interaction. | Details: width: 82, material: KB160, required_length: 276.5938620689655, material_specs: {'demand': 1380, 'front': 'KS231', 'middle': 'CM190', 'back': 'KB160', 'c': 'CM190', 'b': 'CM190', 'die_cut': 1, 'c_type': 'C', 'b_type': 'B'}
2025-08-23 14:48:22,124 - cuttingstock.core - INFO - User provided material substitution. | Details: original_specs: {'demand': 1380, 'front': 'KS231', 'middle': 'CM190', 'back': 'KB160', 'c': 'CM190', 'b': 'CM190', 'die_cut': 1, 'c_type': 'C', 'b_type': 'B'}, new_specs: {'demand': 1380, 'front': 'KS231', 'middle': 'CM190', 'back': 'KS161', 'c': 'CM190', 'b': 'CM190', 'die_cut': 1, 'c_type': 'C', 'b_type': 'B'}, changes: {'back': 'KS161'}
2025-08-23 14:48:24,492 - cuttingstock.core - ERROR - Out of stock: Not enough stock length available for material. | Details: width: 82, material: CM190, required_length: 1157.3270344827586, material_specs: {'demand': 1380, 'front': 'KS231', 'middle': 'CM190', 'back': 'KS161', 'c': 'CM190', 'b': 'CM190', 'die_cut': 1, 'c_type': 'C', 'b_type': 'B'}, known_out_of_stock: []
2025-08-23 14:48:24,492 - cuttingstock.core - INFO - Out of stock, awaiting user interaction. | Details: width: 82, material: CM190, required_length: 1157.3270344827586, material_specs: {'demand': 1380, 'front': 'KS231', 'middle': 'CM190', 'back': 'KS161', 'c': 'CM190', 'b': 'CM190', 'die_cut': 1, 'c_type': 'C', 'b_type': 'B'}
2025-08-23 14:48:44,878 - cuttingstock.core - WARNING - User cancelled material substitution. | Details: original_specs: {'demand': 1380, 'front': 'KS231', 'middle': 'CM190', 'back': 'KS161', 'c': 'CM190', 'b': 'CM190', 'die_cut': 1, 'c_type': 'C', 'b_type': 'B'}, out_of_stock_material: CM190
2025-08-23 14:48:45,074 - cuttingstock.core - INFO - Starting calculation process
2025-08-23 14:48:45,084 - cuttingstock.core - INFO - Loaded order data from cache | Details: cache_path: cache\order.db
2025-08-23 14:48:45,100 - cuttingstock.core - INFO - Loaded and sorted data successfully
2025-08-23 14:48:45,103 - cuttingstock.core - INFO - Starting calculation process
2025-08-23 14:48:45,113 - cuttingstock.core - INFO - Loaded order data from cache | Details: cache_path: cache\order.db
2025-08-23 14:48:45,128 - cuttingstock.core - INFO - Loaded and sorted data successfully
2025-08-23 14:48:45,131 - cuttingstock.core - INFO - Starting calculation process
2025-08-23 14:48:45,140 - cuttingstock.core - INFO - Loaded order data from cache | Details: cache_path: cache\order.db
2025-08-23 14:48:45,153 - cuttingstock.core - INFO - Loaded and sorted data successfully
2025-08-23 14:48:45,157 - cuttingstock.core - INFO - Starting calculation process
2025-08-23 14:48:45,166 - cuttingstock.core - INFO - Loaded order data from cache | Details: cache_path: cache\order.db
2025-08-23 14:48:45,179 - cuttingstock.core - INFO - Loaded and sorted data successfully
2025-08-23 14:48:45,183 - cuttingstock.core - INFO - Starting calculation process
2025-08-23 14:48:45,194 - cuttingstock.core - INFO - Loaded order data from cache | Details: cache_path: cache\order.db
2025-08-23 14:48:45,209 - cuttingstock.core - INFO - Loaded and sorted data successfully
2025-08-23 14:48:45,212 - cuttingstock.core - INFO - Starting calculation process
2025-08-23 14:48:45,221 - cuttingstock.core - INFO - Loaded order data from cache | Details: cache_path: cache\order.db
2025-08-23 14:48:45,234 - cuttingstock.core - INFO - Loaded and sorted data successfully
2025-08-23 14:48:45,237 - cuttingstock.core - INFO - Starting calculation process
2025-08-23 14:48:45,248 - cuttingstock.core - INFO - Loaded order data from cache | Details: cache_path: cache\order.db
2025-08-23 14:48:45,262 - cuttingstock.core - INFO - Loaded and sorted data successfully
2025-08-23 14:48:45,559 - cuttingstock.core - ERROR - Out of stock: Not enough stock length available for material. | Details: width: 82, material: CM127, required_length: 901.7899, material_specs: {'demand': 2000, 'front': 'KS161 ', 'middle': 'CM127 ', 'back': ' KB160', 'c': 'CM127 ', 'b': 'CM127 ', 'die_cut': 1, 'c_type': 'C', 'b_type': 'B'}, known_out_of_stock: []
2025-08-23 14:48:45,560 - cuttingstock.core - INFO - Out of stock, awaiting user interaction. | Details: width: 82, material: CM127, required_length: 901.7899, material_specs: {'demand': 2000, 'front': 'KS161 ', 'middle': 'CM127 ', 'back': ' KB160', 'c': 'CM127 ', 'b': 'CM127 ', 'die_cut': 1, 'c_type': 'C', 'b_type': 'B'}
2025-08-23 14:48:48,493 - cuttingstock.core - WARNING - User cancelled material substitution. | Details: original_specs: {'demand': 2000, 'front': 'KS161 ', 'middle': 'CM127 ', 'back': ' KB160', 'c': 'CM127 ', 'b': 'CM127 ', 'die_cut': 1, 'c_type': 'C', 'b_type': 'B'}, out_of_stock_material: CM127
2025-08-23 14:48:48,597 - cuttingstock.core - INFO - Starting calculation process
2025-08-23 14:48:48,608 - cuttingstock.core - INFO - Loaded order data from cache | Details: cache_path: cache\order.db
2025-08-23 14:48:48,623 - cuttingstock.core - INFO - Loaded and sorted data successfully
2025-08-23 14:48:48,627 - cuttingstock.core - INFO - Starting calculation process
2025-08-23 14:48:48,637 - cuttingstock.core - INFO - Loaded order data from cache | Details: cache_path: cache\order.db
2025-08-23 14:48:48,651 - cuttingstock.core - INFO - Loaded and sorted data successfully
2025-08-23 14:48:48,654 - cuttingstock.core - INFO - Starting calculation process
2025-08-23 14:48:48,664 - cuttingstock.core - INFO - Loaded order data from cache | Details: cache_path: cache\order.db
2025-08-23 14:48:48,678 - cuttingstock.core - INFO - Loaded and sorted data successfully
2025-08-23 14:48:48,681 - cuttingstock.core - INFO - Starting calculation process
2025-08-23 14:48:48,690 - cuttingstock.core - INFO - Loaded order data from cache | Details: cache_path: cache\order.db
2025-08-23 14:48:48,704 - cuttingstock.core - INFO - Loaded and sorted data successfully
2025-08-23 14:48:48,708 - cuttingstock.core - INFO - Starting calculation process
2025-08-23 14:48:48,719 - cuttingstock.core - INFO - Loaded order data from cache | Details: cache_path: cache\order.db
2025-08-23 14:48:48,735 - cuttingstock.core - INFO - Loaded and sorted data successfully
2025-08-23 14:48:48,738 - cuttingstock.core - INFO - Starting calculation process
2025-08-23 14:48:48,760 - cuttingstock.core - INFO - Loaded order data from cache | Details: cache_path: cache\order.db
2025-08-23 14:48:48,774 - cuttingstock.core - INFO - Loaded and sorted data successfully
2025-08-23 14:48:48,777 - cuttingstock.core - INFO - Starting calculation process
2025-08-23 14:48:48,787 - cuttingstock.core - INFO - Loaded order data from cache | Details: cache_path: cache\order.db
2025-08-23 14:48:48,801 - cuttingstock.core - INFO - Loaded and sorted data successfully
2025-08-23 14:48:53,449 - cuttingstock.core - INFO - Starting calculation process
2025-08-23 14:48:53,460 - cuttingstock.core - INFO - Loaded order data from cache | Details: cache_path: cache\order.db
2025-08-23 14:48:53,477 - cuttingstock.core - INFO - Loaded and sorted data successfully
2025-08-23 14:48:53,480 - cuttingstock.core - INFO - Starting calculation process
2025-08-23 14:48:53,489 - cuttingstock.core - INFO - Loaded order data from cache | Details: cache_path: cache\order.db
2025-08-23 14:48:53,502 - cuttingstock.core - INFO - Loaded and sorted data successfully
2025-08-23 14:48:53,973 - cuttingstock.core - INFO - Starting calculation process
2025-08-23 14:48:53,984 - cuttingstock.core - INFO - Loaded order data from cache | Details: cache_path: cache\order.db
2025-08-23 14:48:53,997 - cuttingstock.core - INFO - Loaded and sorted data successfully
2025-08-23 14:48:54,408 - cuttingstock.core - INFO - Starting calculation process
2025-08-23 14:48:54,418 - cuttingstock.core - INFO - Loaded order data from cache | Details: cache_path: cache\order.db
2025-08-23 14:48:54,431 - cuttingstock.core - INFO - Loaded and sorted data successfully
2025-08-23 14:48:55,252 - cuttingstock.core - INFO - Starting calculation process
2025-08-23 14:48:55,261 - cuttingstock.core - INFO - Loaded order data from cache | Details: cache_path: cache\order.db
2025-08-23 14:48:55,276 - cuttingstock.core - INFO - Loaded and sorted data successfully
2025-08-23 14:48:55,726 - cuttingstock.core - INFO - Starting calculation process
2025-08-23 14:48:55,735 - cuttingstock.core - INFO - Loaded order data from cache | Details: cache_path: cache\order.db
2025-08-23 14:48:55,749 - cuttingstock.core - INFO - Loaded and sorted data successfully
2025-08-23 14:48:56,138 - cuttingstock.core - INFO - Starting calculation process
2025-08-23 14:48:56,149 - cuttingstock.core - INFO - Loaded order data from cache | Details: cache_path: cache\order.db
2025-08-23 14:48:56,163 - cuttingstock.core - INFO - Loaded and sorted data successfully
2025-08-23 14:48:56,520 - cuttingstock.core - INFO - Starting calculation process
2025-08-23 14:48:56,531 - cuttingstock.core - INFO - Loaded order data from cache | Details: cache_path: cache\order.db
2025-08-23 14:48:56,544 - cuttingstock.core - INFO - Loaded and sorted data successfully
2025-08-23 14:48:57,022 - cuttingstock.core - INFO - Starting calculation process
2025-08-23 14:48:57,032 - cuttingstock.core - INFO - Loaded order data from cache | Details: cache_path: cache\order.db
2025-08-23 14:48:57,047 - cuttingstock.core - INFO - Loaded and sorted data successfully
2025-08-23 14:48:57,458 - cuttingstock.core - ERROR - Out of stock: Not enough stock length available for material. | Details: width: 82, material: CM127, required_length: 258.082, material_specs: {'demand': 580, 'front': 'KS231 ', 'back': ' KB160', 'c': 'CM127 ', 'die_cut': 1, 'c_type': 'C', 'b_type': None}, known_out_of_stock: []
2025-08-23 14:48:57,458 - cuttingstock.core - INFO - Out of stock, awaiting user interaction. | Details: width: 82, material: CM127, required_length: 258.082, material_specs: {'demand': 580, 'front': 'KS231 ', 'back': ' KB160', 'c': 'CM127 ', 'die_cut': 1, 'c_type': 'C', 'b_type': None}
2025-08-23 14:48:58,836 - cuttingstock.core - WARNING - User cancelled material substitution. | Details: original_specs: {'demand': 580, 'front': 'KS231 ', 'back': ' KB160', 'c': 'CM127 ', 'die_cut': 1, 'c_type': 'C', 'b_type': None}, out_of_stock_material: CM127
2025-08-23 14:48:58,972 - cuttingstock.core - INFO - Starting calculation process
2025-08-23 14:48:58,985 - cuttingstock.core - INFO - Loaded order data from cache | Details: cache_path: cache\order.db
2025-08-23 14:48:59,001 - cuttingstock.core - INFO - Loaded and sorted data successfully
2025-08-23 14:48:59,004 - cuttingstock.core - INFO - Starting calculation process
2025-08-23 14:48:59,014 - cuttingstock.core - INFO - Loaded order data from cache | Details: cache_path: cache\order.db
2025-08-23 14:48:59,027 - cuttingstock.core - INFO - Loaded and sorted data successfully
2025-08-23 14:48:59,031 - cuttingstock.core - INFO - Starting calculation process
2025-08-23 14:48:59,042 - cuttingstock.core - INFO - Loaded order data from cache | Details: cache_path: cache\order.db
2025-08-23 14:48:59,057 - cuttingstock.core - INFO - Loaded and sorted data successfully
2025-08-23 14:48:59,060 - cuttingstock.core - INFO - Starting calculation process
2025-08-23 14:48:59,070 - cuttingstock.core - INFO - Loaded order data from cache | Details: cache_path: cache\order.db
2025-08-23 14:48:59,083 - cuttingstock.core - INFO - Loaded and sorted data successfully
2025-08-23 14:48:59,086 - cuttingstock.core - INFO - Starting calculation process
2025-08-23 14:48:59,098 - cuttingstock.core - INFO - Loaded order data from cache | Details: cache_path: cache\order.db
2025-08-23 14:48:59,112 - cuttingstock.core - INFO - Loaded and sorted data successfully
2025-08-23 14:48:59,119 - cuttingstock.core - INFO - Starting calculation process
2025-08-23 14:48:59,132 - cuttingstock.core - INFO - Loaded order data from cache | Details: cache_path: cache\order.db
2025-08-23 14:48:59,147 - cuttingstock.core - INFO - Loaded and sorted data successfully
2025-08-23 14:48:59,151 - cuttingstock.core - INFO - Starting calculation process
2025-08-23 14:48:59,165 - cuttingstock.core - INFO - Loaded order data from cache | Details: cache_path: cache\order.db
2025-08-23 14:48:59,182 - cuttingstock.core - INFO - Loaded and sorted data successfully
2025-08-23 14:48:59,285 - cuttingstock.core - ERROR - Out of stock: Not enough stock length available for material. | Details: width: 82, material: CM127, required_length: 47.3668, material_specs: {'demand': 500, 'front': 'CM127 ', 'middle': 'CM127 ', 'back': ' CM127', 'c': 'CM127 ', 'b': 'CM127 ', 'die_cut': 1, 'c_type': 'C', 'b_type': 'B'}, known_out_of_stock: []
2025-08-23 14:48:59,285 - cuttingstock.core - INFO - Out of stock, awaiting user interaction. | Details: width: 82, material: CM127, required_length: 47.3668, material_specs: {'demand': 500, 'front': 'CM127 ', 'middle': 'CM127 ', 'back': ' CM127', 'c': 'CM127 ', 'b': 'CM127 ', 'die_cut': 1, 'c_type': 'C', 'b_type': 'B'}
2025-08-23 14:49:00,126 - cuttingstock.core - WARNING - User cancelled material substitution. | Details: original_specs: {'demand': 500, 'front': 'CM127 ', 'middle': 'CM127 ', 'back': ' CM127', 'c': 'CM127 ', 'b': 'CM127 ', 'die_cut': 1, 'c_type': 'C', 'b_type': 'B'}, out_of_stock_material: CM127
2025-08-23 14:49:00,305 - cuttingstock.core - INFO - Starting calculation process
2025-08-23 14:49:00,316 - cuttingstock.core - INFO - Loaded order data from cache | Details: cache_path: cache\order.db
2025-08-23 14:49:00,335 - cuttingstock.core - INFO - Loaded and sorted data successfully
2025-08-23 14:49:00,338 - cuttingstock.core - INFO - Starting calculation process
2025-08-23 14:49:00,350 - cuttingstock.core - INFO - Loaded order data from cache | Details: cache_path: cache\order.db
2025-08-23 14:49:00,364 - cuttingstock.core - INFO - Loaded and sorted data successfully
2025-08-23 14:49:00,367 - cuttingstock.core - INFO - Starting calculation process
2025-08-23 14:49:00,377 - cuttingstock.core - INFO - Loaded order data from cache | Details: cache_path: cache\order.db
2025-08-23 14:49:00,391 - cuttingstock.core - INFO - Loaded and sorted data successfully
2025-08-23 14:49:00,393 - cuttingstock.core - INFO - Starting calculation process
2025-08-23 14:49:00,404 - cuttingstock.core - INFO - Loaded order data from cache | Details: cache_path: cache\order.db
2025-08-23 14:49:00,417 - cuttingstock.core - INFO - Loaded and sorted data successfully
2025-08-23 14:49:00,420 - cuttingstock.core - INFO - Starting calculation process
2025-08-23 14:49:00,431 - cuttingstock.core - INFO - Loaded order data from cache | Details: cache_path: cache\order.db
2025-08-23 14:49:00,449 - cuttingstock.core - INFO - Loaded and sorted data successfully
2025-08-23 14:49:00,452 - cuttingstock.core - INFO - Starting calculation process
2025-08-23 14:49:00,464 - cuttingstock.core - INFO - Loaded order data from cache | Details: cache_path: cache\order.db
2025-08-23 14:49:00,479 - cuttingstock.core - INFO - Loaded and sorted data successfully
2025-08-23 14:49:00,485 - cuttingstock.core - INFO - Starting calculation process
2025-08-23 14:49:00,499 - cuttingstock.core - INFO - Loaded order data from cache | Details: cache_path: cache\order.db
2025-08-23 14:49:00,514 - cuttingstock.core - INFO - Loaded and sorted data successfully
2025-08-23 14:49:00,517 - cuttingstock.core - INFO - Starting calculation process
2025-08-23 14:49:00,527 - cuttingstock.core - INFO - Loaded order data from cache | Details: cache_path: cache\order.db
2025-08-23 14:49:00,540 - cuttingstock.core - INFO - Loaded and sorted data successfully
2025-08-23 14:49:00,543 - cuttingstock.core - INFO - Starting calculation process
2025-08-23 14:49:00,553 - cuttingstock.core - INFO - Loaded order data from cache | Details: cache_path: cache\order.db
2025-08-23 14:49:00,567 - cuttingstock.core - INFO - Loaded and sorted data successfully
2025-08-23 14:49:00,773 - cuttingstock.core - INFO - Starting calculation process
2025-08-23 14:49:00,783 - cuttingstock.core - INFO - Loaded order data from cache | Details: cache_path: cache\order.db
2025-08-23 14:49:00,797 - cuttingstock.core - INFO - Loaded and sorted data successfully
2025-08-23 14:49:00,799 - cuttingstock.core - INFO - Starting calculation process
2025-08-23 14:49:00,809 - cuttingstock.core - INFO - Loaded order data from cache | Details: cache_path: cache\order.db
2025-08-23 14:49:00,822 - cuttingstock.core - INFO - Loaded and sorted data successfully
2025-08-23 14:49:01,079 - cuttingstock.core - INFO - Starting calculation process
2025-08-23 14:49:01,089 - cuttingstock.core - INFO - Loaded order data from cache | Details: cache_path: cache\order.db
2025-08-23 14:49:01,103 - cuttingstock.core - INFO - Loaded and sorted data successfully
2025-08-23 14:49:01,889 - cuttingstock.core - ERROR - Out of stock: Not enough stock length available for material. | Details: width: 85, material: KB160, required_length: 5837.504206896552, material_specs: {'demand': 20000, 'front': 'KS161 ', 'back': ' KB160', 'c': 'CM127 ', 'die_cut': 1, 'c_type': 'C', 'b_type': None}, known_out_of_stock: []
2025-08-23 14:49:01,889 - cuttingstock.core - INFO - Out of stock, awaiting user interaction. | Details: width: 85, material: KB160, required_length: 5837.504206896552, material_specs: {'demand': 20000, 'front': 'KS161 ', 'back': ' KB160', 'c': 'CM127 ', 'die_cut': 1, 'c_type': 'C', 'b_type': None}
2025-08-23 14:49:02,604 - cuttingstock.core - WARNING - User cancelled material substitution. | Details: original_specs: {'demand': 20000, 'front': 'KS161 ', 'back': ' KB160', 'c': 'CM127 ', 'die_cut': 1, 'c_type': 'C', 'b_type': None}, out_of_stock_material: KB160
2025-08-23 14:49:02,791 - cuttingstock.core - INFO - Starting calculation process
2025-08-23 14:49:02,803 - cuttingstock.core - INFO - Loaded order data from cache | Details: cache_path: cache\order.db
2025-08-23 14:49:02,819 - cuttingstock.core - INFO - Loaded and sorted data successfully
2025-08-23 14:49:02,822 - cuttingstock.core - INFO - Starting calculation process
2025-08-23 14:49:02,832 - cuttingstock.core - INFO - Loaded order data from cache | Details: cache_path: cache\order.db
2025-08-23 14:49:02,847 - cuttingstock.core - INFO - Loaded and sorted data successfully
2025-08-23 14:49:02,850 - cuttingstock.core - INFO - Starting calculation process
2025-08-23 14:49:02,860 - cuttingstock.core - INFO - Loaded order data from cache | Details: cache_path: cache\order.db
2025-08-23 14:49:02,873 - cuttingstock.core - INFO - Loaded and sorted data successfully
2025-08-23 14:49:02,877 - cuttingstock.core - INFO - Starting calculation process
2025-08-23 14:49:02,887 - cuttingstock.core - INFO - Loaded order data from cache | Details: cache_path: cache\order.db
2025-08-23 14:49:02,901 - cuttingstock.core - INFO - Loaded and sorted data successfully
2025-08-23 14:49:02,904 - cuttingstock.core - INFO - Starting calculation process
2025-08-23 14:49:02,915 - cuttingstock.core - INFO - Loaded order data from cache | Details: cache_path: cache\order.db
2025-08-23 14:49:02,931 - cuttingstock.core - INFO - Loaded and sorted data successfully
2025-08-23 14:49:02,934 - cuttingstock.core - INFO - Starting calculation process
2025-08-23 14:49:02,945 - cuttingstock.core - INFO - Loaded order data from cache | Details: cache_path: cache\order.db
2025-08-23 14:49:02,961 - cuttingstock.core - INFO - Loaded and sorted data successfully
2025-08-23 14:49:03,935 - cuttingstock.core - INFO - Starting calculation process
2025-08-23 14:49:03,946 - cuttingstock.core - INFO - Loaded order data from cache | Details: cache_path: cache\order.db
2025-08-23 14:49:03,960 - cuttingstock.core - INFO - Loaded and sorted data successfully
2025-08-23 14:49:04,539 - cuttingstock.core - ERROR - Out of stock: Not enough stock length available for material. | Details: width: 79, material: KB230, required_length: 419.7921379310345, material_specs: {'demand': 2500, 'front': 'KS231 ', 'back': ' KB230', 'c': 'CM127 ', 'die_cut': 1, 'c_type': 'C', 'b_type': None}, known_out_of_stock: []
2025-08-23 14:49:04,539 - cuttingstock.core - INFO - Out of stock, awaiting user interaction. | Details: width: 79, material: KB230, required_length: 419.7921379310345, material_specs: {'demand': 2500, 'front': 'KS231 ', 'back': ' KB230', 'c': 'CM127 ', 'die_cut': 1, 'c_type': 'C', 'b_type': None}
2025-08-23 14:49:05,866 - cuttingstock.core - WARNING - User cancelled material substitution. | Details: original_specs: {'demand': 2500, 'front': 'KS231 ', 'back': ' KB230', 'c': 'CM127 ', 'die_cut': 1, 'c_type': 'C', 'b_type': None}, out_of_stock_material: KB230
2025-08-23 14:49:06,064 - cuttingstock.core - INFO - Starting calculation process
2025-08-23 14:49:06,076 - cuttingstock.core - INFO - Loaded order data from cache | Details: cache_path: cache\order.db
2025-08-23 14:49:06,093 - cuttingstock.core - INFO - Loaded and sorted data successfully
2025-08-23 14:49:06,206 - cuttingstock.core - ERROR - Out of stock: Not enough stock length available for material. | Details: width: 85, material: CM147, required_length: 991.9395931034484, material_specs: {'demand': 2130, 'front': 'KS161 ', 'middle': 'CM147 ', 'back': ' KB160', 'c': 'CM147 ', 'b': 'CM147 ', 'die_cut': 1, 'c_type': 'C', 'b_type': 'B'}, known_out_of_stock: []
2025-08-23 14:49:06,207 - cuttingstock.core - INFO - Out of stock, awaiting user interaction. | Details: width: 85, material: CM147, required_length: 991.9395931034484, material_specs: {'demand': 2130, 'front': 'KS161 ', 'middle': 'CM147 ', 'back': ' KB160', 'c': 'CM147 ', 'b': 'CM147 ', 'die_cut': 1, 'c_type': 'C', 'b_type': 'B'}
2025-08-23 14:49:07,499 - cuttingstock.core - WARNING - User cancelled material substitution. | Details: original_specs: {'demand': 2130, 'front': 'KS161 ', 'middle': 'CM147 ', 'back': ' KB160', 'c': 'CM147 ', 'b': 'CM147 ', 'die_cut': 1, 'c_type': 'C', 'b_type': 'B'}, out_of_stock_material: CM147
2025-08-23 14:49:07,685 - cuttingstock.core - INFO - Starting calculation process
2025-08-23 14:49:07,697 - cuttingstock.core - INFO - Loaded order data from cache | Details: cache_path: cache\order.db
2025-08-23 14:49:07,712 - cuttingstock.core - INFO - Loaded and sorted data successfully
2025-08-23 14:49:07,717 - cuttingstock.core - INFO - Starting calculation process
2025-08-23 14:49:07,727 - cuttingstock.core - INFO - Loaded order data from cache | Details: cache_path: cache\order.db
2025-08-23 14:49:07,741 - cuttingstock.core - INFO - Loaded and sorted data successfully
2025-08-23 14:49:07,852 - cuttingstock.core - ERROR - Out of stock: Not enough stock length available for material. | Details: width: 85, material: CM147, required_length: 947.6757000000001, material_specs: {'demand': 2530, 'front': 'KS231 ', 'middle': 'CM147 ', 'back': ' KB160', 'c': 'CM147 ', 'b': 'CM147 ', 'die_cut': 1, 'c_type': 'C', 'b_type': 'B'}, known_out_of_stock: []
2025-08-23 14:49:07,853 - cuttingstock.core - INFO - Out of stock, awaiting user interaction. | Details: width: 85, material: CM147, required_length: 947.6757000000001, material_specs: {'demand': 2530, 'front': 'KS231 ', 'middle': 'CM147 ', 'back': ' KB160', 'c': 'CM147 ', 'b': 'CM147 ', 'die_cut': 1, 'c_type': 'C', 'b_type': 'B'}
2025-08-23 14:49:09,171 - cuttingstock.core - WARNING - User cancelled material substitution. | Details: original_specs: {'demand': 2530, 'front': 'KS231 ', 'middle': 'CM147 ', 'back': ' KB160', 'c': 'CM147 ', 'b': 'CM147 ', 'die_cut': 1, 'c_type': 'C', 'b_type': 'B'}, out_of_stock_material: CM147
2025-08-23 14:49:09,398 - cuttingstock.core - INFO - Starting calculation process
2025-08-23 14:49:09,408 - cuttingstock.core - INFO - Loaded order data from cache | Details: cache_path: cache\order.db
2025-08-23 14:49:09,423 - cuttingstock.core - INFO - Loaded and sorted data successfully
2025-08-23 14:49:09,426 - cuttingstock.core - INFO - Starting calculation process
2025-08-23 14:49:09,435 - cuttingstock.core - INFO - Loaded order data from cache | Details: cache_path: cache\order.db
2025-08-23 14:49:09,449 - cuttingstock.core - INFO - Loaded and sorted data successfully
2025-08-23 14:49:09,698 - cuttingstock.core - INFO - Starting calculation process
2025-08-23 14:49:09,708 - cuttingstock.core - INFO - Loaded order data from cache | Details: cache_path: cache\order.db
2025-08-23 14:49:09,722 - cuttingstock.core - INFO - Loaded and sorted data successfully
2025-08-23 14:49:09,776 - cuttingstock.core - ERROR - Out of stock: Not enough stock length available for material. | Details: width: 82, material: CM127, required_length: 1087.1369, material_specs: {'demand': 1500, 'front': 'KS121 ', 'back': ' CM127', 'c': 'CM127 ', 'die_cut': 1, 'c_type': 'C', 'b_type': None}, known_out_of_stock: []
2025-08-23 14:49:09,776 - cuttingstock.core - INFO - Out of stock, awaiting user interaction. | Details: width: 82, material: CM127, required_length: 1087.1369, material_specs: {'demand': 1500, 'front': 'KS121 ', 'back': ' CM127', 'c': 'CM127 ', 'die_cut': 1, 'c_type': 'C', 'b_type': None}
2025-08-23 14:49:10,882 - cuttingstock.core - WARNING - User cancelled material substitution. | Details: original_specs: {'demand': 1500, 'front': 'KS121 ', 'back': ' CM127', 'c': 'CM127 ', 'die_cut': 1, 'c_type': 'C', 'b_type': None}, out_of_stock_material: CM127
2025-08-23 14:49:11,033 - cuttingstock.core - INFO - Starting calculation process
2025-08-23 14:49:11,044 - cuttingstock.core - INFO - Loaded order data from cache | Details: cache_path: cache\order.db
2025-08-23 14:49:11,058 - cuttingstock.core - INFO - Loaded and sorted data successfully
2025-08-23 14:49:11,063 - cuttingstock.core - INFO - Starting calculation process
2025-08-23 14:49:11,074 - cuttingstock.core - INFO - Loaded order data from cache | Details: cache_path: cache\order.db
2025-08-23 14:49:11,088 - cuttingstock.core - INFO - Loaded and sorted data successfully
2025-08-23 14:49:11,093 - cuttingstock.core - INFO - Starting calculation process
2025-08-23 14:49:11,104 - cuttingstock.core - INFO - Loaded order data from cache | Details: cache_path: cache\order.db
2025-08-23 14:49:11,120 - cuttingstock.core - INFO - Loaded and sorted data successfully
2025-08-23 14:49:11,125 - cuttingstock.core - INFO - Starting calculation process
2025-08-23 14:49:11,136 - cuttingstock.core - INFO - Loaded order data from cache | Details: cache_path: cache\order.db
2025-08-23 14:49:11,150 - cuttingstock.core - INFO - Loaded and sorted data successfully
2025-08-23 14:49:11,156 - cuttingstock.core - INFO - Starting calculation process
2025-08-23 14:49:11,170 - cuttingstock.core - INFO - Loaded order data from cache | Details: cache_path: cache\order.db
2025-08-23 14:49:11,185 - cuttingstock.core - INFO - Loaded and sorted data successfully
2025-08-23 14:49:11,187 - cuttingstock.core - INFO - Starting calculation process
2025-08-23 14:49:11,198 - cuttingstock.core - INFO - Loaded order data from cache | Details: cache_path: cache\order.db
2025-08-23 14:49:11,213 - cuttingstock.core - INFO - Loaded and sorted data successfully
2025-08-23 14:49:11,217 - cuttingstock.core - INFO - Starting calculation process
2025-08-23 14:49:11,229 - cuttingstock.core - INFO - Loaded order data from cache | Details: cache_path: cache\order.db
2025-08-23 14:49:11,243 - cuttingstock.core - INFO - Loaded and sorted data successfully
2025-08-23 14:49:11,246 - cuttingstock.core - INFO - Starting calculation process
2025-08-23 14:49:11,256 - cuttingstock.core - INFO - Loaded order data from cache | Details: cache_path: cache\order.db
2025-08-23 14:49:11,269 - cuttingstock.core - INFO - Loaded and sorted data successfully
2025-08-23 14:49:11,272 - cuttingstock.core - INFO - Starting calculation process
2025-08-23 14:49:11,282 - cuttingstock.core - INFO - Loaded order data from cache | Details: cache_path: cache\order.db
2025-08-23 14:49:11,296 - cuttingstock.core - INFO - Loaded and sorted data successfully
2025-08-23 14:49:11,464 - cuttingstock.core - INFO - Starting calculation process
2025-08-23 14:49:11,474 - cuttingstock.core - INFO - Loaded order data from cache | Details: cache_path: cache\order.db
2025-08-23 14:49:11,487 - cuttingstock.core - INFO - Loaded and sorted data successfully
2025-08-23 14:49:11,491 - cuttingstock.core - INFO - Starting calculation process
2025-08-23 14:49:11,500 - cuttingstock.core - INFO - Loaded order data from cache | Details: cache_path: cache\order.db
2025-08-23 14:49:11,515 - cuttingstock.core - INFO - Loaded and sorted data successfully
2025-08-23 14:49:11,687 - cuttingstock.core - INFO - Starting calculation process
2025-08-23 14:49:11,698 - cuttingstock.core - INFO - Loaded order data from cache | Details: cache_path: cache\order.db
2025-08-23 14:49:11,713 - cuttingstock.core - INFO - Loaded and sorted data successfully
2025-08-23 14:49:11,716 - cuttingstock.core - INFO - Starting calculation process
2025-08-23 14:49:11,727 - cuttingstock.core - INFO - Loaded order data from cache | Details: cache_path: cache\order.db
2025-08-23 14:49:11,742 - cuttingstock.core - INFO - Loaded and sorted data successfully
2025-08-23 14:49:11,745 - cuttingstock.core - INFO - Starting calculation process
2025-08-23 14:49:11,754 - cuttingstock.core - INFO - Loaded order data from cache | Details: cache_path: cache\order.db
2025-08-23 14:49:11,768 - cuttingstock.core - INFO - Loaded and sorted data successfully
2025-08-23 14:49:11,771 - cuttingstock.core - INFO - Starting calculation process
2025-08-23 14:49:11,783 - cuttingstock.core - INFO - Loaded order data from cache | Details: cache_path: cache\order.db
2025-08-23 14:49:11,797 - cuttingstock.core - INFO - Loaded and sorted data successfully
2025-08-23 14:49:11,975 - cuttingstock.core - INFO - Starting calculation process
2025-08-23 14:49:11,986 - cuttingstock.core - INFO - Loaded order data from cache | Details: cache_path: cache\order.db
2025-08-23 14:49:12,000 - cuttingstock.core - INFO - Loaded and sorted data successfully
2025-08-23 14:49:12,003 - cuttingstock.core - INFO - Starting calculation process
2025-08-23 14:49:12,013 - cuttingstock.core - INFO - Loaded order data from cache | Details: cache_path: cache\order.db
2025-08-23 14:49:12,026 - cuttingstock.core - INFO - Loaded and sorted data successfully
2025-08-23 14:49:12,030 - cuttingstock.core - INFO - Starting calculation process
2025-08-23 14:49:12,040 - cuttingstock.core - INFO - Loaded order data from cache | Details: cache_path: cache\order.db
2025-08-23 14:49:12,051 - cuttingstock.core - INFO - Loaded and sorted data successfully
2025-08-23 14:49:12,054 - cuttingstock.core - INFO - Starting calculation process
2025-08-23 14:49:12,065 - cuttingstock.core - INFO - Loaded order data from cache | Details: cache_path: cache\order.db
2025-08-23 14:49:12,077 - cuttingstock.core - INFO - Loaded and sorted data successfully
2025-08-23 14:49:12,080 - cuttingstock.core - INFO - Starting calculation process
2025-08-23 14:49:12,089 - cuttingstock.core - INFO - Loaded order data from cache | Details: cache_path: cache\order.db
2025-08-23 14:49:12,103 - cuttingstock.core - INFO - Loaded and sorted data successfully
2025-08-23 14:49:12,106 - cuttingstock.core - INFO - Starting calculation process
2025-08-23 14:49:12,116 - cuttingstock.core - INFO - Loaded order data from cache | Details: cache_path: cache\order.db
2025-08-23 14:49:12,131 - cuttingstock.core - INFO - Loaded and sorted data successfully
2025-08-23 14:49:12,133 - cuttingstock.core - INFO - Starting calculation process
2025-08-23 14:49:12,144 - cuttingstock.core - INFO - Loaded order data from cache | Details: cache_path: cache\order.db
2025-08-23 14:49:12,156 - cuttingstock.core - INFO - Loaded and sorted data successfully
2025-08-23 14:49:12,365 - cuttingstock.core - INFO - Starting calculation process
2025-08-23 14:49:12,376 - cuttingstock.core - INFO - Loaded order data from cache | Details: cache_path: cache\order.db
2025-08-23 14:49:12,387 - cuttingstock.core - INFO - Loaded and sorted data successfully
2025-08-23 14:49:12,392 - cuttingstock.core - INFO - Starting calculation process
2025-08-23 14:49:12,402 - cuttingstock.core - INFO - Loaded order data from cache | Details: cache_path: cache\order.db
2025-08-23 14:49:12,414 - cuttingstock.core - INFO - Loaded and sorted data successfully
2025-08-23 14:49:12,417 - cuttingstock.core - INFO - Starting calculation process
2025-08-23 14:49:12,427 - cuttingstock.core - INFO - Loaded order data from cache | Details: cache_path: cache\order.db
2025-08-23 14:49:12,438 - cuttingstock.core - INFO - Loaded and sorted data successfully
2025-08-23 14:49:12,441 - cuttingstock.core - INFO - Starting calculation process
2025-08-23 14:49:12,450 - cuttingstock.core - INFO - Loaded order data from cache | Details: cache_path: cache\order.db
2025-08-23 14:49:12,461 - cuttingstock.core - INFO - Loaded and sorted data successfully
2025-08-23 14:49:12,464 - cuttingstock.core - INFO - Starting calculation process
2025-08-23 14:49:12,474 - cuttingstock.core - INFO - Loaded order data from cache | Details: cache_path: cache\order.db
2025-08-23 14:49:12,486 - cuttingstock.core - INFO - Loaded and sorted data successfully
2025-08-23 14:49:12,489 - cuttingstock.core - INFO - Starting calculation process
2025-08-23 14:49:12,500 - cuttingstock.core - INFO - Loaded order data from cache | Details: cache_path: cache\order.db
2025-08-23 14:49:12,513 - cuttingstock.core - INFO - Loaded and sorted data successfully
2025-08-23 14:49:12,515 - cuttingstock.core - INFO - Starting calculation process
2025-08-23 14:49:12,525 - cuttingstock.core - INFO - Loaded order data from cache | Details: cache_path: cache\order.db
2025-08-23 14:49:12,537 - cuttingstock.core - INFO - Loaded and sorted data successfully
2025-08-23 14:49:12,541 - cuttingstock.core - INFO - Starting calculation process
2025-08-23 14:49:12,550 - cuttingstock.core - INFO - Loaded order data from cache | Details: cache_path: cache\order.db
2025-08-23 14:49:12,563 - cuttingstock.core - INFO - Loaded and sorted data successfully
2025-08-23 14:49:12,566 - cuttingstock.core - INFO - Starting calculation process
2025-08-23 14:49:12,577 - cuttingstock.core - INFO - Loaded order data from cache | Details: cache_path: cache\order.db
2025-08-23 14:49:12,588 - cuttingstock.core - INFO - Loaded and sorted data successfully
2025-08-23 14:49:12,771 - cuttingstock.core - INFO - Starting calculation process
2025-08-23 14:49:12,781 - cuttingstock.core - INFO - Loaded order data from cache | Details: cache_path: cache\order.db
2025-08-23 14:49:12,794 - cuttingstock.core - INFO - Loaded and sorted data successfully
2025-08-23 14:49:12,797 - cuttingstock.core - INFO - Starting calculation process
2025-08-23 14:49:12,807 - cuttingstock.core - INFO - Loaded order data from cache | Details: cache_path: cache\order.db
2025-08-23 14:49:12,818 - cuttingstock.core - INFO - Loaded and sorted data successfully
2025-08-23 14:49:12,821 - cuttingstock.core - INFO - Starting calculation process
2025-08-23 14:49:12,831 - cuttingstock.core - INFO - Loaded order data from cache | Details: cache_path: cache\order.db
2025-08-23 14:49:12,845 - cuttingstock.core - INFO - Loaded and sorted data successfully
2025-08-23 14:49:12,849 - cuttingstock.core - INFO - Starting calculation process
2025-08-23 14:49:12,859 - cuttingstock.core - INFO - Loaded order data from cache | Details: cache_path: cache\order.db
2025-08-23 14:49:12,871 - cuttingstock.core - INFO - Loaded and sorted data successfully
2025-08-23 14:49:12,875 - cuttingstock.core - INFO - Starting calculation process
2025-08-23 14:49:12,885 - cuttingstock.core - INFO - Loaded order data from cache | Details: cache_path: cache\order.db
2025-08-23 14:49:12,898 - cuttingstock.core - INFO - Loaded and sorted data successfully
2025-08-23 14:49:12,900 - cuttingstock.core - INFO - Starting calculation process
2025-08-23 14:49:12,915 - cuttingstock.core - INFO - Loaded order data from cache | Details: cache_path: cache\order.db
2025-08-23 14:49:12,928 - cuttingstock.core - INFO - Loaded and sorted data successfully
2025-08-23 14:49:12,930 - cuttingstock.core - INFO - Starting calculation process
2025-08-23 14:49:12,942 - cuttingstock.core - INFO - Loaded order data from cache | Details: cache_path: cache\order.db
2025-08-23 14:49:12,954 - cuttingstock.core - INFO - Loaded and sorted data successfully
2025-08-23 14:49:12,958 - cuttingstock.core - INFO - Starting calculation process
2025-08-23 14:49:12,968 - cuttingstock.core - INFO - Loaded order data from cache | Details: cache_path: cache\order.db
2025-08-23 14:49:12,979 - cuttingstock.core - INFO - Loaded and sorted data successfully
2025-08-23 14:49:12,982 - cuttingstock.core - INFO - Starting calculation process
2025-08-23 14:49:12,992 - cuttingstock.core - INFO - Loaded order data from cache | Details: cache_path: cache\order.db
2025-08-23 14:49:13,004 - cuttingstock.core - INFO - Loaded and sorted data successfully
2025-08-23 14:49:13,212 - cuttingstock.core - INFO - Starting calculation process
2025-08-23 14:49:13,223 - cuttingstock.core - INFO - Loaded order data from cache | Details: cache_path: cache\order.db
2025-08-23 14:49:13,235 - cuttingstock.core - INFO - Loaded and sorted data successfully
2025-08-23 14:49:13,238 - cuttingstock.core - INFO - Starting calculation process
2025-08-23 14:49:13,249 - cuttingstock.core - INFO - Loaded order data from cache | Details: cache_path: cache\order.db
2025-08-23 14:49:13,261 - cuttingstock.core - INFO - Loaded and sorted data successfully
2025-08-23 14:49:13,263 - cuttingstock.core - INFO - Starting calculation process
2025-08-23 14:49:13,273 - cuttingstock.core - INFO - Loaded order data from cache | Details: cache_path: cache\order.db
2025-08-23 14:49:13,284 - cuttingstock.core - INFO - Loaded and sorted data successfully
2025-08-23 14:49:13,287 - cuttingstock.core - INFO - Starting calculation process
2025-08-23 14:49:13,297 - cuttingstock.core - INFO - Loaded order data from cache | Details: cache_path: cache\order.db
2025-08-23 14:49:13,308 - cuttingstock.core - INFO - Loaded and sorted data successfully
2025-08-23 14:49:13,312 - cuttingstock.core - INFO - Starting calculation process
2025-08-23 14:49:13,321 - cuttingstock.core - INFO - Loaded order data from cache | Details: cache_path: cache\order.db
2025-08-23 14:49:13,333 - cuttingstock.core - INFO - Loaded and sorted data successfully
2025-08-23 14:49:13,521 - cuttingstock.core - INFO - Starting calculation process
2025-08-23 14:49:13,532 - cuttingstock.core - INFO - Loaded order data from cache | Details: cache_path: cache\order.db
2025-08-23 14:49:13,544 - cuttingstock.core - INFO - Loaded and sorted data successfully
2025-08-23 14:49:13,547 - cuttingstock.core - INFO - Starting calculation process
2025-08-23 14:49:13,558 - cuttingstock.core - INFO - Loaded order data from cache | Details: cache_path: cache\order.db
2025-08-23 14:49:13,571 - cuttingstock.core - INFO - Loaded and sorted data successfully
2025-08-23 14:49:13,575 - cuttingstock.core - INFO - Starting calculation process
2025-08-23 14:49:13,584 - cuttingstock.core - INFO - Loaded order data from cache | Details: cache_path: cache\order.db
2025-08-23 14:49:13,597 - cuttingstock.core - INFO - Loaded and sorted data successfully
2025-08-23 14:49:13,600 - cuttingstock.core - INFO - Starting calculation process
2025-08-23 14:49:13,610 - cuttingstock.core - INFO - Loaded order data from cache | Details: cache_path: cache\order.db
2025-08-23 14:49:13,621 - cuttingstock.core - INFO - Loaded and sorted data successfully
2025-08-23 14:49:13,625 - cuttingstock.core - INFO - Starting calculation process
2025-08-23 14:49:13,635 - cuttingstock.core - INFO - Loaded order data from cache | Details: cache_path: cache\order.db
2025-08-23 14:49:13,647 - cuttingstock.core - INFO - Loaded and sorted data successfully
2025-08-23 14:49:13,649 - cuttingstock.core - INFO - Starting calculation process
2025-08-23 14:49:13,659 - cuttingstock.core - INFO - Loaded order data from cache | Details: cache_path: cache\order.db
2025-08-23 14:49:13,672 - cuttingstock.core - INFO - Loaded and sorted data successfully
2025-08-23 14:49:13,675 - cuttingstock.core - INFO - Starting calculation process
2025-08-23 14:49:13,685 - cuttingstock.core - INFO - Loaded order data from cache | Details: cache_path: cache\order.db
2025-08-23 14:49:13,698 - cuttingstock.core - INFO - Loaded and sorted data successfully
2025-08-23 14:49:13,742 - cuttingstock.core - ERROR - Out of stock: Not enough stock length available for material. | Details: width: 82, material: CM112, required_length: 780.3246, material_specs: {'demand': 300, 'front': 'KAC125', 'middle': 'CM112 ', 'back': ' CM112', 'c': 'CM112 ', 'b': 'CM112 ', 'die_cut': 1, 'c_type': 'C', 'b_type': 'B'}, known_out_of_stock: []
2025-08-23 14:49:13,742 - cuttingstock.core - INFO - Out of stock, awaiting user interaction. | Details: width: 82, material: CM112, required_length: 780.3246, material_specs: {'demand': 300, 'front': 'KAC125', 'middle': 'CM112 ', 'back': ' CM112', 'c': 'CM112 ', 'b': 'CM112 ', 'die_cut': 1, 'c_type': 'C', 'b_type': 'B'}
2025-08-23 14:49:14,954 - cuttingstock.core - WARNING - User cancelled material substitution. | Details: original_specs: {'demand': 300, 'front': 'KAC125', 'middle': 'CM112 ', 'back': ' CM112', 'c': 'CM112 ', 'b': 'CM112 ', 'die_cut': 1, 'c_type': 'C', 'b_type': 'B'}, out_of_stock_material: CM112
2025-08-23 14:49:15,103 - cuttingstock.core - INFO - Starting calculation process
2025-08-23 14:49:15,113 - cuttingstock.core - INFO - Loaded order data from cache | Details: cache_path: cache\order.db
2025-08-23 14:49:15,126 - cuttingstock.core - INFO - Loaded and sorted data successfully
2025-08-23 14:49:15,130 - cuttingstock.core - INFO - Starting calculation process
2025-08-23 14:49:15,140 - cuttingstock.core - INFO - Loaded order data from cache | Details: cache_path: cache\order.db
2025-08-23 14:49:15,153 - cuttingstock.core - INFO - Loaded and sorted data successfully
2025-08-23 14:49:15,157 - cuttingstock.core - INFO - Starting calculation process
2025-08-23 14:49:15,167 - cuttingstock.core - INFO - Loaded order data from cache | Details: cache_path: cache\order.db
2025-08-23 14:49:15,180 - cuttingstock.core - INFO - Loaded and sorted data successfully
2025-08-23 14:49:15,183 - cuttingstock.core - INFO - Starting calculation process
2025-08-23 14:49:15,193 - cuttingstock.core - INFO - Loaded order data from cache | Details: cache_path: cache\order.db
2025-08-23 14:49:15,206 - cuttingstock.core - INFO - Loaded and sorted data successfully
2025-08-23 14:49:15,209 - cuttingstock.core - INFO - Starting calculation process
2025-08-23 14:49:15,221 - cuttingstock.core - INFO - Loaded order data from cache | Details: cache_path: cache\order.db
2025-08-23 14:49:15,236 - cuttingstock.core - INFO - Loaded and sorted data successfully
2025-08-23 14:49:15,241 - cuttingstock.core - INFO - Starting calculation process
2025-08-23 14:49:15,253 - cuttingstock.core - INFO - Loaded order data from cache | Details: cache_path: cache\order.db
2025-08-23 14:49:15,270 - cuttingstock.core - INFO - Loaded and sorted data successfully
2025-08-23 14:49:15,273 - cuttingstock.core - INFO - Starting calculation process
2025-08-23 14:49:15,283 - cuttingstock.core - INFO - Loaded order data from cache | Details: cache_path: cache\order.db
2025-08-23 14:49:15,295 - cuttingstock.core - INFO - Loaded and sorted data successfully
2025-08-23 14:49:15,550 - cuttingstock.core - INFO - Starting calculation process
2025-08-23 14:49:15,560 - cuttingstock.core - INFO - Loaded order data from cache | Details: cache_path: cache\order.db
2025-08-23 14:49:15,572 - cuttingstock.core - INFO - Loaded and sorted data successfully
2025-08-23 14:49:15,577 - cuttingstock.core - INFO - Starting calculation process
2025-08-23 14:49:15,586 - cuttingstock.core - INFO - Loaded order data from cache | Details: cache_path: cache\order.db
2025-08-23 14:49:15,599 - cuttingstock.core - INFO - Loaded and sorted data successfully
2025-08-23 14:49:15,822 - cuttingstock.core - INFO - Starting calculation process
2025-08-23 14:49:15,833 - cuttingstock.core - INFO - Loaded order data from cache | Details: cache_path: cache\order.db
2025-08-23 14:49:15,846 - cuttingstock.core - INFO - Loaded and sorted data successfully
2025-08-23 14:49:15,849 - cuttingstock.core - INFO - Starting calculation process
2025-08-23 14:49:15,859 - cuttingstock.core - INFO - Loaded order data from cache | Details: cache_path: cache\order.db
2025-08-23 14:49:15,872 - cuttingstock.core - INFO - Loaded and sorted data successfully
2025-08-23 14:49:15,877 - cuttingstock.core - INFO - Starting calculation process
2025-08-23 14:49:15,887 - cuttingstock.core - INFO - Loaded order data from cache | Details: cache_path: cache\order.db
2025-08-23 14:49:15,900 - cuttingstock.core - INFO - Loaded and sorted data successfully
2025-08-23 14:49:15,903 - cuttingstock.core - INFO - Starting calculation process
2025-08-23 14:49:15,912 - cuttingstock.core - INFO - Loaded order data from cache | Details: cache_path: cache\order.db
2025-08-23 14:49:15,927 - cuttingstock.core - INFO - Loaded and sorted data successfully
2025-08-23 14:49:15,929 - cuttingstock.core - INFO - Starting calculation process
2025-08-23 14:49:15,939 - cuttingstock.core - INFO - Loaded order data from cache | Details: cache_path: cache\order.db
2025-08-23 14:49:15,952 - cuttingstock.core - INFO - Loaded and sorted data successfully
2025-08-23 14:49:15,957 - cuttingstock.core - INFO - Starting calculation process
2025-08-23 14:49:15,967 - cuttingstock.core - INFO - Loaded order data from cache | Details: cache_path: cache\order.db
2025-08-23 14:49:15,979 - cuttingstock.core - INFO - Loaded and sorted data successfully
2025-08-23 15:53:46,021 - cuttingstock.core - INFO - Starting calculation process
2025-08-23 15:53:46,121 - cuttingstock.core - INFO - Loaded order data from cache | Details: cache_path: cache\order.db
2025-08-23 15:53:46,141 - cuttingstock.core - INFO - Loaded and sorted data successfully
2025-08-23 15:53:48,807 - cuttingstock.core - ERROR - Out of stock: Not enough stock length available for material. | Details: width: 82, material: CM127, required_length: 502.95311379310346, material_specs: {'demand': 1380, 'front': 'KS231 ', 'middle': 'CM127 ', 'back': ' KB160', 'c': 'CM127 ', 'b': 'CM127 ', 'die_cut': 1, 'c_type': 'C', 'b_type': 'B'}, known_out_of_stock: []
2025-08-23 15:53:48,807 - cuttingstock.core - INFO - Out of stock, awaiting user interaction. | Details: width: 82, material: CM127, required_length: 502.95311379310346, material_specs: {'demand': 1380, 'front': 'KS231 ', 'middle': 'CM127 ', 'back': ' KB160', 'c': 'CM127 ', 'b': 'CM127 ', 'die_cut': 1, 'c_type': 'C', 'b_type': 'B'}
2025-08-23 15:53:51,455 - cuttingstock.core - WARNING - User cancelled material substitution. | Details: original_specs: {'demand': 1380, 'front': 'KS231 ', 'middle': 'CM127 ', 'back': ' KB160', 'c': 'CM127 ', 'b': 'CM127 ', 'die_cut': 1, 'c_type': 'C', 'b_type': 'B'}, out_of_stock_material: CM127
2025-08-23 15:53:51,662 - cuttingstock.core - INFO - Starting calculation process
2025-08-23 15:53:51,676 - cuttingstock.core - INFO - Loaded order data from cache | Details: cache_path: cache\order.db
2025-08-23 15:53:51,692 - cuttingstock.core - INFO - Loaded and sorted data successfully
2025-08-23 15:53:51,695 - cuttingstock.core - INFO - Starting calculation process
2025-08-23 15:53:51,705 - cuttingstock.core - INFO - Loaded order data from cache | Details: cache_path: cache\order.db
2025-08-23 15:53:51,723 - cuttingstock.core - INFO - Loaded and sorted data successfully
2025-08-23 15:53:51,726 - cuttingstock.core - INFO - Starting calculation process
2025-08-23 15:53:51,735 - cuttingstock.core - INFO - Loaded order data from cache | Details: cache_path: cache\order.db
2025-08-23 15:53:51,751 - cuttingstock.core - INFO - Loaded and sorted data successfully
2025-08-23 15:53:51,754 - cuttingstock.core - INFO - Starting calculation process
2025-08-23 15:53:51,763 - cuttingstock.core - INFO - Loaded order data from cache | Details: cache_path: cache\order.db
2025-08-23 15:53:51,780 - cuttingstock.core - INFO - Loaded and sorted data successfully
2025-08-23 15:53:51,783 - cuttingstock.core - INFO - Starting calculation process
2025-08-23 15:53:51,794 - cuttingstock.core - INFO - Loaded order data from cache | Details: cache_path: cache\order.db
2025-08-23 15:53:51,808 - cuttingstock.core - INFO - Loaded and sorted data successfully
2025-08-23 15:53:51,812 - cuttingstock.core - INFO - Starting calculation process
2025-08-23 15:53:51,823 - cuttingstock.core - INFO - Loaded order data from cache | Details: cache_path: cache\order.db
2025-08-23 15:53:51,836 - cuttingstock.core - INFO - Loaded and sorted data successfully
2025-08-23 15:53:51,841 - cuttingstock.core - INFO - Starting calculation process
2025-08-23 15:53:51,851 - cuttingstock.core - INFO - Loaded order data from cache | Details: cache_path: cache\order.db
2025-08-23 15:53:51,867 - cuttingstock.core - INFO - Loaded and sorted data successfully
2025-08-23 15:53:52,321 - cuttingstock.core - ERROR - Out of stock: Not enough stock length available for material. | Details: width: 82, material: CM127, required_length: 839.5974931034483, material_specs: {'demand': 2000, 'front': 'KS161 ', 'middle': 'CM127 ', 'back': ' KB160', 'c': 'CM127 ', 'b': 'CM127 ', 'die_cut': 1, 'c_type': 'C', 'b_type': 'B'}, known_out_of_stock: []
2025-08-23 15:53:52,321 - cuttingstock.core - INFO - Out of stock, awaiting user interaction. | Details: width: 82, material: CM127, required_length: 839.5974931034483, material_specs: {'demand': 2000, 'front': 'KS161 ', 'middle': 'CM127 ', 'back': ' KB160', 'c': 'CM127 ', 'b': 'CM127 ', 'die_cut': 1, 'c_type': 'C', 'b_type': 'B'}
2025-08-23 15:53:53,591 - cuttingstock.core - WARNING - User cancelled material substitution. | Details: original_specs: {'demand': 2000, 'front': 'KS161 ', 'middle': 'CM127 ', 'back': ' KB160', 'c': 'CM127 ', 'b': 'CM127 ', 'die_cut': 1, 'c_type': 'C', 'b_type': 'B'}, out_of_stock_material: CM127
2025-08-23 15:53:53,713 - cuttingstock.core - INFO - Starting calculation process
2025-08-23 15:53:53,726 - cuttingstock.core - INFO - Loaded order data from cache | Details: cache_path: cache\order.db
2025-08-23 15:53:53,745 - cuttingstock.core - INFO - Loaded and sorted data successfully
2025-08-23 15:53:53,750 - cuttingstock.core - INFO - Starting calculation process
2025-08-23 15:53:53,761 - cuttingstock.core - INFO - Loaded order data from cache | Details: cache_path: cache\order.db
2025-08-23 15:53:53,777 - cuttingstock.core - INFO - Loaded and sorted data successfully
2025-08-23 15:53:53,782 - cuttingstock.core - INFO - Starting calculation process
2025-08-23 15:53:53,794 - cuttingstock.core - INFO - Loaded order data from cache | Details: cache_path: cache\order.db
2025-08-23 15:53:53,813 - cuttingstock.core - INFO - Loaded and sorted data successfully
2025-08-23 15:53:53,817 - cuttingstock.core - INFO - Starting calculation process
2025-08-23 15:53:53,828 - cuttingstock.core - INFO - Loaded order data from cache | Details: cache_path: cache\order.db
2025-08-23 15:53:53,844 - cuttingstock.core - INFO - Loaded and sorted data successfully
2025-08-23 15:53:53,847 - cuttingstock.core - INFO - Starting calculation process
2025-08-23 15:53:53,859 - cuttingstock.core - INFO - Loaded order data from cache | Details: cache_path: cache\order.db
2025-08-23 15:53:53,874 - cuttingstock.core - INFO - Loaded and sorted data successfully
2025-08-23 15:53:53,877 - cuttingstock.core - INFO - Starting calculation process
2025-08-23 15:53:53,888 - cuttingstock.core - INFO - Loaded order data from cache | Details: cache_path: cache\order.db
2025-08-23 15:53:53,903 - cuttingstock.core - INFO - Loaded and sorted data successfully
2025-08-23 15:53:53,908 - cuttingstock.core - INFO - Starting calculation process
2025-08-23 15:53:53,918 - cuttingstock.core - INFO - Loaded order data from cache | Details: cache_path: cache\order.db
2025-08-23 15:53:53,931 - cuttingstock.core - INFO - Loaded and sorted data successfully
2025-08-23 15:53:59,163 - cuttingstock.core - INFO - Starting calculation process
2025-08-23 15:53:59,174 - cuttingstock.core - INFO - Loaded order data from cache | Details: cache_path: cache\order.db
2025-08-23 15:53:59,191 - cuttingstock.core - INFO - Loaded and sorted data successfully
2025-08-23 15:53:59,194 - cuttingstock.core - INFO - Starting calculation process
2025-08-23 15:53:59,203 - cuttingstock.core - INFO - Loaded order data from cache | Details: cache_path: cache\order.db
2025-08-23 15:53:59,219 - cuttingstock.core - INFO - Loaded and sorted data successfully
2025-08-23 15:53:59,701 - cuttingstock.core - INFO - Starting calculation process
2025-08-23 15:53:59,711 - cuttingstock.core - INFO - Loaded order data from cache | Details: cache_path: cache\order.db
2025-08-23 15:53:59,724 - cuttingstock.core - INFO - Loaded and sorted data successfully
2025-08-23 15:54:00,151 - cuttingstock.core - INFO - Starting calculation process
2025-08-23 15:54:00,160 - cuttingstock.core - INFO - Loaded order data from cache | Details: cache_path: cache\order.db
2025-08-23 15:54:00,175 - cuttingstock.core - INFO - Loaded and sorted data successfully
2025-08-23 15:54:01,097 - cuttingstock.core - INFO - Starting calculation process
2025-08-23 15:54:01,107 - cuttingstock.core - INFO - Loaded order data from cache | Details: cache_path: cache\order.db
2025-08-23 15:54:01,122 - cuttingstock.core - INFO - Loaded and sorted data successfully
2025-08-23 15:54:01,663 - cuttingstock.core - INFO - Starting calculation process
2025-08-23 15:54:01,672 - cuttingstock.core - INFO - Loaded order data from cache | Details: cache_path: cache\order.db
2025-08-23 15:54:01,687 - cuttingstock.core - INFO - Loaded and sorted data successfully
2025-08-23 15:54:02,098 - cuttingstock.core - INFO - Starting calculation process
2025-08-23 15:54:02,108 - cuttingstock.core - INFO - Loaded order data from cache | Details: cache_path: cache\order.db
2025-08-23 15:54:02,123 - cuttingstock.core - INFO - Loaded and sorted data successfully
2025-08-23 15:54:02,501 - cuttingstock.core - INFO - Starting calculation process
2025-08-23 15:54:02,511 - cuttingstock.core - INFO - Loaded order data from cache | Details: cache_path: cache\order.db
2025-08-23 15:54:02,526 - cuttingstock.core - INFO - Loaded and sorted data successfully
2025-08-23 15:54:03,025 - cuttingstock.core - INFO - Starting calculation process
2025-08-23 15:54:03,036 - cuttingstock.core - INFO - Loaded order data from cache | Details: cache_path: cache\order.db
2025-08-23 15:54:03,050 - cuttingstock.core - INFO - Loaded and sorted data successfully
2025-08-23 15:54:18,048 - cuttingstock.core - INFO - Starting calculation process
2025-08-23 15:54:18,057 - cuttingstock.core - INFO - Loaded order data from cache | Details: cache_path: cache\order.db
2025-08-23 15:54:18,072 - cuttingstock.core - INFO - Loaded and sorted data successfully
2025-08-23 15:54:23,583 - cuttingstock.core - ERROR - Out of stock: Not enough stock length available for material. | Details: width: 85, material: KB160, required_length: 1003.8381379310345, material_specs: {'demand': 2805, 'front': 'KS231 ', 'back': ' KB160', 'c': 'CM127 ', 'die_cut': 1, 'c_type': 'C', 'b_type': None}, known_out_of_stock: []
2025-08-23 15:54:23,583 - cuttingstock.core - INFO - Out of stock, awaiting user interaction. | Details: width: 85, material: KB160, required_length: 1003.8381379310345, material_specs: {'demand': 2805, 'front': 'KS231 ', 'back': ' KB160', 'c': 'CM127 ', 'die_cut': 1, 'c_type': 'C', 'b_type': None}
2025-08-23 15:55:49,057 - cuttingstock.core - WARNING - User cancelled material substitution. | Details: original_specs: {'demand': 2805, 'front': 'KS231 ', 'back': ' KB160', 'c': 'CM127 ', 'die_cut': 1, 'c_type': 'C', 'b_type': None}, out_of_stock_material: KB160
2025-08-23 15:55:49,183 - cuttingstock.core - INFO - Starting calculation process
2025-08-23 15:55:49,195 - cuttingstock.core - INFO - Loaded order data from cache | Details: cache_path: cache\order.db
2025-08-23 15:55:49,213 - cuttingstock.core - INFO - Loaded and sorted data successfully
2025-08-23 15:55:49,216 - cuttingstock.core - INFO - Starting calculation process
2025-08-23 15:55:49,227 - cuttingstock.core - INFO - Loaded order data from cache | Details: cache_path: cache\order.db
2025-08-23 15:55:49,243 - cuttingstock.core - INFO - Loaded and sorted data successfully
2025-08-23 15:55:49,247 - cuttingstock.core - INFO - Starting calculation process
2025-08-23 15:55:49,258 - cuttingstock.core - INFO - Loaded order data from cache | Details: cache_path: cache\order.db
2025-08-23 15:55:49,275 - cuttingstock.core - INFO - Loaded and sorted data successfully
2025-08-23 15:55:49,279 - cuttingstock.core - INFO - Starting calculation process
2025-08-23 15:55:49,290 - cuttingstock.core - INFO - Loaded order data from cache | Details: cache_path: cache\order.db
2025-08-23 15:55:49,308 - cuttingstock.core - INFO - Loaded and sorted data successfully
2025-08-23 15:55:49,312 - cuttingstock.core - INFO - Starting calculation process
2025-08-23 15:55:49,331 - cuttingstock.core - INFO - Loaded order data from cache | Details: cache_path: cache\order.db
2025-08-23 15:55:49,347 - cuttingstock.core - INFO - Loaded and sorted data successfully
2025-08-23 15:55:49,352 - cuttingstock.core - INFO - Starting calculation process
2025-08-23 15:55:49,370 - cuttingstock.core - INFO - Loaded order data from cache | Details: cache_path: cache\order.db
2025-08-23 15:55:49,386 - cuttingstock.core - INFO - Loaded and sorted data successfully
2025-08-23 15:55:49,494 - cuttingstock.core - ERROR - Out of stock: Not enough stock length available for material. | Details: width: 82, material: CM127, required_length: 47.3668, material_specs: {'demand': 500, 'front': 'CM127 ', 'middle': 'CM127 ', 'back': ' CM127', 'c': 'CM127 ', 'b': 'CM127 ', 'die_cut': 1, 'c_type': 'C', 'b_type': 'B'}, known_out_of_stock: []
2025-08-23 15:55:49,494 - cuttingstock.core - INFO - Out of stock, awaiting user interaction. | Details: width: 82, material: CM127, required_length: 47.3668, material_specs: {'demand': 500, 'front': 'CM127 ', 'middle': 'CM127 ', 'back': ' CM127', 'c': 'CM127 ', 'b': 'CM127 ', 'die_cut': 1, 'c_type': 'C', 'b_type': 'B'}
2025-08-23 15:55:50,607 - cuttingstock.core - WARNING - User cancelled material substitution. | Details: original_specs: {'demand': 500, 'front': 'CM127 ', 'middle': 'CM127 ', 'back': ' CM127', 'c': 'CM127 ', 'b': 'CM127 ', 'die_cut': 1, 'c_type': 'C', 'b_type': 'B'}, out_of_stock_material: CM127
2025-08-23 15:55:50,676 - cuttingstock.core - INFO - Starting calculation process
2025-08-23 15:55:50,689 - cuttingstock.core - INFO - Loaded order data from cache | Details: cache_path: cache\order.db
2025-08-23 15:55:50,704 - cuttingstock.core - INFO - Loaded and sorted data successfully
2025-08-23 15:55:50,709 - cuttingstock.core - INFO - Starting calculation process
2025-08-23 15:55:50,720 - cuttingstock.core - INFO - Loaded order data from cache | Details: cache_path: cache\order.db
2025-08-23 15:55:50,735 - cuttingstock.core - INFO - Loaded and sorted data successfully
2025-08-23 15:55:50,738 - cuttingstock.core - INFO - Starting calculation process
2025-08-23 15:55:50,750 - cuttingstock.core - INFO - Loaded order data from cache | Details: cache_path: cache\order.db
2025-08-23 15:55:50,764 - cuttingstock.core - INFO - Loaded and sorted data successfully
2025-08-23 15:55:50,767 - cuttingstock.core - INFO - Starting calculation process
2025-08-23 15:55:50,777 - cuttingstock.core - INFO - Loaded order data from cache | Details: cache_path: cache\order.db
2025-08-23 15:55:50,795 - cuttingstock.core - INFO - Loaded and sorted data successfully
2025-08-23 15:55:50,799 - cuttingstock.core - INFO - Starting calculation process
2025-08-23 15:55:50,813 - cuttingstock.core - INFO - Loaded order data from cache | Details: cache_path: cache\order.db
2025-08-23 15:55:50,830 - cuttingstock.core - INFO - Loaded and sorted data successfully
2025-08-23 15:55:50,835 - cuttingstock.core - INFO - Starting calculation process
2025-08-23 15:55:50,847 - cuttingstock.core - INFO - Loaded order data from cache | Details: cache_path: cache\order.db
2025-08-23 15:55:50,860 - cuttingstock.core - INFO - Loaded and sorted data successfully
2025-08-23 15:55:50,863 - cuttingstock.core - INFO - Starting calculation process
2025-08-23 15:55:50,874 - cuttingstock.core - INFO - Loaded order data from cache | Details: cache_path: cache\order.db
2025-08-23 15:55:50,886 - cuttingstock.core - INFO - Loaded and sorted data successfully
2025-08-23 15:55:50,890 - cuttingstock.core - INFO - Starting calculation process
2025-08-23 15:55:50,900 - cuttingstock.core - INFO - Loaded order data from cache | Details: cache_path: cache\order.db
2025-08-23 15:55:50,913 - cuttingstock.core - INFO - Loaded and sorted data successfully
2025-08-23 15:55:50,916 - cuttingstock.core - INFO - Starting calculation process
2025-08-23 15:55:50,926 - cuttingstock.core - INFO - Loaded order data from cache | Details: cache_path: cache\order.db
2025-08-23 15:55:50,940 - cuttingstock.core - INFO - Loaded and sorted data successfully
2025-08-23 15:55:51,118 - cuttingstock.core - INFO - Starting calculation process
2025-08-23 15:55:51,129 - cuttingstock.core - INFO - Loaded order data from cache | Details: cache_path: cache\order.db
2025-08-23 15:55:51,143 - cuttingstock.core - INFO - Loaded and sorted data successfully
2025-08-23 15:55:51,146 - cuttingstock.core - INFO - Starting calculation process
2025-08-23 15:55:51,157 - cuttingstock.core - INFO - Loaded order data from cache | Details: cache_path: cache\order.db
2025-08-23 15:55:51,170 - cuttingstock.core - INFO - Loaded and sorted data successfully
2025-08-23 15:55:52,369 - cuttingstock.core - INFO - Starting calculation process
2025-08-23 15:55:52,379 - cuttingstock.core - INFO - Loaded order data from cache | Details: cache_path: cache\order.db
2025-08-23 15:55:52,393 - cuttingstock.core - INFO - Loaded and sorted data successfully
2025-08-23 15:55:52,995 - cuttingstock.core - ERROR - Out of stock: Not enough stock length available for material. | Details: width: 79, material: KB230, required_length: 419.7921379310345, material_specs: {'demand': 2500, 'front': 'KS231 ', 'back': ' KB230', 'c': 'CM127 ', 'die_cut': 1, 'c_type': 'C', 'b_type': None}, known_out_of_stock: []
2025-08-23 15:55:52,995 - cuttingstock.core - INFO - Out of stock, awaiting user interaction. | Details: width: 79, material: KB230, required_length: 419.7921379310345, material_specs: {'demand': 2500, 'front': 'KS231 ', 'back': ' KB230', 'c': 'CM127 ', 'die_cut': 1, 'c_type': 'C', 'b_type': None}
2025-08-23 16:14:42,481 - cuttingstock.core - INFO - Starting calculation process
2025-08-23 16:14:42,572 - cuttingstock.core - INFO - Loaded order data from cache | Details: cache_path: cache\order.db
2025-08-23 16:14:42,589 - cuttingstock.core - INFO - Loaded and sorted data successfully
2025-08-23 16:14:43,286 - cuttingstock.core - ERROR - Out of stock: Not enough stock length available for material. | Details: width: 82, material: CM127, required_length: 502.95311379310346, material_specs: {'demand': 1380, 'front': 'KS231 ', 'middle': 'CM127 ', 'back': ' KB160', 'c': 'CM127 ', 'b': 'CM127 ', 'die_cut': 1, 'c_type': 'C', 'b_type': 'B'}, known_out_of_stock: []
2025-08-23 16:14:43,287 - cuttingstock.core - INFO - Out of stock, awaiting user interaction. | Details: width: 82, material: CM127, required_length: 502.95311379310346, material_specs: {'demand': 1380, 'front': 'KS231 ', 'middle': 'CM127 ', 'back': ' KB160', 'c': 'CM127 ', 'b': 'CM127 ', 'die_cut': 1, 'c_type': 'C', 'b_type': 'B'}
2025-08-23 16:14:44,852 - cuttingstock.core - WARNING - User cancelled material substitution. | Details: original_specs: {'demand': 1380, 'front': 'KS231 ', 'middle': 'CM127 ', 'back': ' KB160', 'c': 'CM127 ', 'b': 'CM127 ', 'die_cut': 1, 'c_type': 'C', 'b_type': 'B'}, out_of_stock_material: CM127
2025-08-23 16:15:15,136 - cuttingstock.core - INFO - Starting calculation process
2025-08-23 16:15:15,161 - cuttingstock.core - INFO - Loaded order data from cache | Details: cache_path: cache\order.db
2025-08-23 16:15:15,177 - cuttingstock.core - INFO - Loaded and sorted data successfully
2025-08-23 16:15:15,821 - cuttingstock.core - ERROR - Out of stock: Not enough stock length available for material. | Details: width: 82, material: CM127, required_length: 502.95311379310346, material_specs: {'demand': 1380, 'front': 'KS231 ', 'middle': 'CM127 ', 'back': ' KB160', 'c': 'CM127 ', 'b': 'CM127 ', 'die_cut': 1, 'c_type': 'C', 'b_type': 'B'}, known_out_of_stock: []
2025-08-23 16:15:15,821 - cuttingstock.core - INFO - Out of stock, awaiting user interaction. | Details: width: 82, material: CM127, required_length: 502.95311379310346, material_specs: {'demand': 1380, 'front': 'KS231 ', 'middle': 'CM127 ', 'back': ' KB160', 'c': 'CM127 ', 'b': 'CM127 ', 'die_cut': 1, 'c_type': 'C', 'b_type': 'B'}
2025-08-23 16:15:31,796 - cuttingstock.core - INFO - User provided material substitution. | Details: original_specs: {'demand': 1380, 'front': 'KS231 ', 'middle': 'CM127 ', 'back': ' KB160', 'c': 'CM127 ', 'b': 'CM127 ', 'die_cut': 1, 'c_type': 'C', 'b_type': 'B'}, new_specs: {'demand': 1380, 'front': 'KS231', 'middle': 'CM127', 'back': 'KB160', 'c': 'CM112', 'b': 'CM127', 'die_cut': 1, 'c_type': 'C', 'b_type': 'B'}, changes: {'front': 'KS231', 'middle': 'CM127', 'back': 'KB160', 'c': 'CM112', 'b': 'CM127'}
2025-08-23 16:15:37,274 - cuttingstock.core - ERROR - Out of stock: Not enough stock length available for material. | Details: width: 82, material: CM127, required_length: 506.59774137931043, material_specs: {'demand': 1380, 'front': 'KS231', 'middle': 'CM127', 'back': 'KB160', 'c': 'CM112', 'b': 'CM127', 'die_cut': 1, 'c_type': 'C', 'b_type': 'B'}, known_out_of_stock: []
2025-08-23 16:15:37,275 - cuttingstock.core - INFO - Out of stock, awaiting user interaction. | Details: width: 82, material: CM127, required_length: 506.59774137931043, material_specs: {'demand': 1380, 'front': 'KS231', 'middle': 'CM127', 'back': 'KB160', 'c': 'CM112', 'b': 'CM127', 'die_cut': 1, 'c_type': 'C', 'b_type': 'B'}
2025-08-23 16:15:39,554 - cuttingstock.core - INFO - User provided material substitution. | Details: original_specs: {'demand': 1380, 'front': 'KS231', 'middle': 'CM127', 'back': 'KB160', 'c': 'CM112', 'b': 'CM127', 'die_cut': 1, 'c_type': 'C', 'b_type': 'B'}, new_specs: {'demand': 1380, 'front': 'KS231', 'middle': 'CM112', 'back': 'KB160', 'c': 'CM112', 'b': 'CM127', 'die_cut': 1, 'c_type': 'C', 'b_type': 'B'}, changes: {'middle': 'CM112'}
2025-08-23 16:15:40,030 - cuttingstock.core - ERROR - Out of stock: Not enough stock length available for material. | Details: width: 82, material: CM127, required_length: 1398.8133931034483, material_specs: {'demand': 1380, 'front': 'KS231', 'middle': 'CM112', 'back': 'KB160', 'c': 'CM112', 'b': 'CM127', 'die_cut': 1, 'c_type': 'C', 'b_type': 'B'}, known_out_of_stock: []
2025-08-23 16:15:40,030 - cuttingstock.core - INFO - Out of stock, awaiting user interaction. | Details: width: 82, material: CM127, required_length: 1398.8133931034483, material_specs: {'demand': 1380, 'front': 'KS231', 'middle': 'CM112', 'back': 'KB160', 'c': 'CM112', 'b': 'CM127', 'die_cut': 1, 'c_type': 'C', 'b_type': 'B'}
2025-08-23 16:15:42,140 - cuttingstock.core - INFO - User provided material substitution. | Details: original_specs: {'demand': 1380, 'front': 'KS231', 'middle': 'CM112', 'back': 'KB160', 'c': 'CM112', 'b': 'CM127', 'die_cut': 1, 'c_type': 'C', 'b_type': 'B'}, new_specs: {'demand': 1380, 'front': 'KS231', 'middle': 'CM112', 'back': 'KB160', 'c': 'CM112', 'b': 'CM112', 'die_cut': 1, 'c_type': 'C', 'b_type': 'B'}, changes: {'b': 'CM112'}
2025-08-23 16:15:52,771 - cuttingstock.core - ERROR - Out of stock: Not enough stock length available for material. | Details: width: 82, material: CM112, required_length: 505.2708, material_specs: {'demand': 1380, 'front': 'KS231', 'middle': 'CM112', 'back': 'KB160', 'c': 'CM112', 'b': 'CM112', 'die_cut': 1, 'c_type': 'C', 'b_type': 'B'}, known_out_of_stock: []
2025-08-23 16:15:52,772 - cuttingstock.core - INFO - Out of stock, awaiting user interaction. | Details: width: 82, material: CM112, required_length: 505.2708, material_specs: {'demand': 1380, 'front': 'KS231', 'middle': 'CM112', 'back': 'KB160', 'c': 'CM112', 'b': 'CM112', 'die_cut': 1, 'c_type': 'C', 'b_type': 'B'}
2025-08-23 16:16:01,362 - cuttingstock.core - WARNING - User cancelled material substitution. | Details: original_specs: {'demand': 1380, 'front': 'KS231', 'middle': 'CM112', 'back': 'KB160', 'c': 'CM112', 'b': 'CM112', 'die_cut': 1, 'c_type': 'C', 'b_type': 'B'}, out_of_stock_material: CM112
2025-08-23 16:16:01,509 - cuttingstock.core - INFO - Starting calculation process
2025-08-23 16:16:01,518 - cuttingstock.core - INFO - Loaded order data from cache | Details: cache_path: cache\order.db
2025-08-23 16:16:01,534 - cuttingstock.core - INFO - Loaded and sorted data successfully
2025-08-23 16:16:01,537 - cuttingstock.core - INFO - Starting calculation process
2025-08-23 16:16:01,547 - cuttingstock.core - INFO - Loaded order data from cache | Details: cache_path: cache\order.db
2025-08-23 16:16:01,561 - cuttingstock.core - INFO - Loaded and sorted data successfully
2025-08-23 16:16:01,564 - cuttingstock.core - INFO - Starting calculation process
2025-08-23 16:16:01,573 - cuttingstock.core - INFO - Loaded order data from cache | Details: cache_path: cache\order.db
2025-08-23 16:16:01,587 - cuttingstock.core - INFO - Loaded and sorted data successfully
2025-08-23 16:16:01,591 - cuttingstock.core - INFO - Starting calculation process
2025-08-23 16:16:01,602 - cuttingstock.core - INFO - Loaded order data from cache | Details: cache_path: cache\order.db
2025-08-23 16:16:01,615 - cuttingstock.core - INFO - Loaded and sorted data successfully
2025-08-23 16:16:01,618 - cuttingstock.core - INFO - Starting calculation process
2025-08-23 16:16:01,627 - cuttingstock.core - INFO - Loaded order data from cache | Details: cache_path: cache\order.db
2025-08-23 16:16:01,641 - cuttingstock.core - INFO - Loaded and sorted data successfully
2025-08-23 16:16:01,644 - cuttingstock.core - INFO - Starting calculation process
2025-08-23 16:16:01,653 - cuttingstock.core - INFO - Loaded order data from cache | Details: cache_path: cache\order.db
2025-08-23 16:16:01,667 - cuttingstock.core - INFO - Loaded and sorted data successfully
2025-08-23 16:16:01,673 - cuttingstock.core - INFO - Starting calculation process
2025-08-23 16:16:01,686 - cuttingstock.core - INFO - Loaded order data from cache | Details: cache_path: cache\order.db
2025-08-23 16:16:01,701 - cuttingstock.core - INFO - Loaded and sorted data successfully
2025-08-23 16:16:01,999 - cuttingstock.core - ERROR - Out of stock: Not enough stock length available for material. | Details: width: 82, material: CM127, required_length: 621.9240689655172, material_specs: {'demand': 2000, 'front': 'KS161 ', 'middle': 'CM127 ', 'back': ' KB160', 'c': 'CM127 ', 'b': 'CM127 ', 'die_cut': 1, 'c_type': 'C', 'b_type': 'B'}, known_out_of_stock: []
2025-08-23 16:16:01,999 - cuttingstock.core - INFO - Out of stock, awaiting user interaction. | Details: width: 82, material: CM127, required_length: 621.9240689655172, material_specs: {'demand': 2000, 'front': 'KS161 ', 'middle': 'CM127 ', 'back': ' KB160', 'c': 'CM127 ', 'b': 'CM127 ', 'die_cut': 1, 'c_type': 'C', 'b_type': 'B'}
2025-08-23 16:16:06,641 - cuttingstock.core - WARNING - User cancelled material substitution. | Details: original_specs: {'demand': 2000, 'front': 'KS161 ', 'middle': 'CM127 ', 'back': ' KB160', 'c': 'CM127 ', 'b': 'CM127 ', 'die_cut': 1, 'c_type': 'C', 'b_type': 'B'}, out_of_stock_material: CM127
2025-08-25 09:09:08,079 - cuttingstock.core - INFO - Starting calculation process
2025-08-25 09:09:08,230 - cuttingstock.core - INFO - Loaded order data from cache | Details: cache_path: cache\order.db
2025-08-25 09:09:08,251 - cuttingstock.core - INFO - Loaded and sorted data successfully
2025-08-25 09:09:09,053 - cuttingstock.core - ERROR - Out of stock: Not enough stock length available for material. | Details: width: 82, material: CM127, required_length: 1724.5521931034484, material_specs: {'demand': 1260, 'front': 'KS231 ', 'middle': 'CM127 ', 'back': ' KB160', 'c': 'CM127 ', 'b': 'CM127 ', 'die_cut': 1, 'c_type': 'C', 'b_type': 'B'}, known_out_of_stock: []
2025-08-25 09:09:09,054 - cuttingstock.core - INFO - Out of stock, awaiting user interaction. | Details: width: 82, material: CM127, required_length: 1724.5521931034484, material_specs: {'demand': 1260, 'front': 'KS231 ', 'middle': 'CM127 ', 'back': ' KB160', 'c': 'CM127 ', 'b': 'CM127 ', 'die_cut': 1, 'c_type': 'C', 'b_type': 'B'}
2025-08-25 09:09:14,749 - cuttingstock.core - INFO - User provided material substitution. | Details: original_specs: {'demand': 1260, 'front': 'KS231 ', 'middle': 'CM127 ', 'back': ' KB160', 'c': 'CM127 ', 'b': 'CM127 ', 'die_cut': 1, 'c_type': 'C', 'b_type': 'B'}, new_specs: {'demand': 1260, 'front': 'KS231', 'middle': 'CM112', 'back': 'KB160', 'c': 'CM127', 'b': 'CM127', 'die_cut': 1, 'c_type': 'C', 'b_type': 'B'}, changes: {'front': 'KS231', 'middle': 'CM112', 'back': 'KB160', 'c': 'CM127', 'b': 'CM127'}
2025-08-25 09:09:14,761 - cuttingstock.core - ERROR - Out of stock: Not enough stock length available for material. | Details: width: 82, material: CM127, required_length: 234.8735, material_specs: {'demand': 1260, 'front': 'KS231', 'middle': 'CM112', 'back': 'KB160', 'c': 'CM127', 'b': 'CM127', 'die_cut': 1, 'c_type': 'C', 'b_type': 'B'}, known_out_of_stock: []
2025-08-25 09:09:14,762 - cuttingstock.core - INFO - Out of stock, awaiting user interaction. | Details: width: 82, material: CM127, required_length: 234.8735, material_specs: {'demand': 1260, 'front': 'KS231', 'middle': 'CM112', 'back': 'KB160', 'c': 'CM127', 'b': 'CM127', 'die_cut': 1, 'c_type': 'C', 'b_type': 'B'}
2025-08-25 09:09:18,338 - cuttingstock.core - INFO - User provided material substitution. | Details: original_specs: {'demand': 1260, 'front': 'KS231', 'middle': 'CM112', 'back': 'KB160', 'c': 'CM127', 'b': 'CM127', 'die_cut': 1, 'c_type': 'C', 'b_type': 'B'}, new_specs: {'demand': 1260, 'front': 'KS231', 'middle': 'CM112', 'back': 'KB160', 'c': 'CM112', 'b': 'CM112', 'die_cut': 1, 'c_type': 'C', 'b_type': 'B'}, changes: {'c': 'CM112', 'b': 'CM112'}
2025-08-25 09:09:18,624 - cuttingstock.core - INFO - Starting calculation process
2025-08-25 09:09:18,635 - cuttingstock.core - INFO - Loaded order data from cache | Details: cache_path: cache\order.db
2025-08-25 09:09:18,651 - cuttingstock.core - INFO - Loaded and sorted data successfully
2025-08-25 09:09:18,654 - cuttingstock.core - INFO - Starting calculation process
2025-08-25 09:09:18,664 - cuttingstock.core - INFO - Loaded order data from cache | Details: cache_path: cache\order.db
2025-08-25 09:09:18,677 - cuttingstock.core - INFO - Loaded and sorted data successfully
2025-08-25 09:09:18,680 - cuttingstock.core - INFO - Starting calculation process
2025-08-25 09:09:18,690 - cuttingstock.core - INFO - Loaded order data from cache | Details: cache_path: cache\order.db
2025-08-25 09:09:18,704 - cuttingstock.core - INFO - Loaded and sorted data successfully
2025-08-25 09:09:18,707 - cuttingstock.core - INFO - Starting calculation process
2025-08-25 09:09:18,716 - cuttingstock.core - INFO - Loaded order data from cache | Details: cache_path: cache\order.db
2025-08-25 09:09:18,729 - cuttingstock.core - INFO - Loaded and sorted data successfully
2025-08-25 09:09:18,733 - cuttingstock.core - INFO - Starting calculation process
2025-08-25 09:09:18,743 - cuttingstock.core - INFO - Loaded order data from cache | Details: cache_path: cache\order.db
2025-08-25 09:09:18,756 - cuttingstock.core - INFO - Loaded and sorted data successfully
2025-08-25 09:09:18,761 - cuttingstock.core - INFO - Starting calculation process
2025-08-25 09:09:18,772 - cuttingstock.core - INFO - Loaded order data from cache | Details: cache_path: cache\order.db
2025-08-25 09:09:18,787 - cuttingstock.core - INFO - Loaded and sorted data successfully
2025-08-25 09:09:18,790 - cuttingstock.core - INFO - Starting calculation process
2025-08-25 09:09:18,799 - cuttingstock.core - INFO - Loaded order data from cache | Details: cache_path: cache\order.db
2025-08-25 09:09:18,813 - cuttingstock.core - INFO - Loaded and sorted data successfully
2025-08-25 09:09:19,198 - cuttingstock.core - ERROR - Out of stock: Not enough stock length available for material. | Details: width: 82, material: CM127, required_length: 901.7899, material_specs: {'demand': 2000, 'front': 'KS161 ', 'middle': 'CM127 ', 'back': ' KB160', 'c': 'CM127 ', 'b': 'CM127 ', 'die_cut': 1, 'c_type': 'C', 'b_type': 'B'}, known_out_of_stock: []
2025-08-25 09:09:19,198 - cuttingstock.core - INFO - Out of stock, awaiting user interaction. | Details: width: 82, material: CM127, required_length: 901.7899, material_specs: {'demand': 2000, 'front': 'KS161 ', 'middle': 'CM127 ', 'back': ' KB160', 'c': 'CM127 ', 'b': 'CM127 ', 'die_cut': 1, 'c_type': 'C', 'b_type': 'B'}
2025-08-25 09:09:27,203 - cuttingstock.core - INFO - User provided material substitution. | Details: original_specs: {'demand': 2000, 'front': 'KS161 ', 'middle': 'CM127 ', 'back': ' KB160', 'c': 'CM127 ', 'b': 'CM127 ', 'die_cut': 1, 'c_type': 'C', 'b_type': 'B'}, new_specs: {'demand': 2000, 'front': 'KS161', 'middle': 'CM112', 'back': 'KB160', 'c': 'CM112', 'b': 'CM112', 'die_cut': 1, 'c_type': 'C', 'b_type': 'B'}, changes: {'front': 'KS161', 'middle': 'CM112', 'back': 'KB160', 'c': 'CM112', 'b': 'CM112'}
2025-08-25 09:09:27,206 - cuttingstock.core - ERROR - Out of stock: Not enough stock length available for material. | Details: width: 82, material: CM112, required_length: 839.5974931034483, material_specs: {'demand': 2000, 'front': 'KS161', 'middle': 'CM112', 'back': 'KB160', 'c': 'CM112', 'b': 'CM112', 'die_cut': 1, 'c_type': 'C', 'b_type': 'B'}, known_out_of_stock: [('82', 'CM127')]
2025-08-25 09:09:27,206 - cuttingstock.core - INFO - Out of stock, awaiting user interaction. | Details: width: 82, material: CM112, required_length: 839.5974931034483, material_specs: {'demand': 2000, 'front': 'KS161', 'middle': 'CM112', 'back': 'KB160', 'c': 'CM112', 'b': 'CM112', 'die_cut': 1, 'c_type': 'C', 'b_type': 'B'}
2025-08-25 09:09:30,970 - cuttingstock.core - INFO - User provided material substitution. | Details: original_specs: {'demand': 2000, 'front': 'KS161', 'middle': 'CM112', 'back': 'KB160', 'c': 'CM112', 'b': 'CM112', 'die_cut': 1, 'c_type': 'C', 'b_type': 'B'}, new_specs: {'demand': 2000, 'front': 'KS161', 'middle': 'CM190', 'back': 'KB160', 'c': 'CM190', 'b': 'CM190', 'die_cut': 1, 'c_type': 'C', 'b_type': 'B'}, changes: {'middle': 'CM190', 'c': 'CM190', 'b': 'CM190'}
2025-08-25 09:09:34,598 - cuttingstock.core - ERROR - Out of stock: Not enough stock length available for material. | Details: width: 82, material: KB160, required_length: 2985.2355862068966, material_specs: {'demand': 2000, 'front': 'KS161', 'middle': 'CM190', 'back': 'KB160', 'c': 'CM190', 'b': 'CM190', 'die_cut': 1, 'c_type': 'C', 'b_type': 'B'}, known_out_of_stock: []
2025-08-25 09:09:34,599 - cuttingstock.core - INFO - Out of stock, awaiting user interaction. | Details: width: 82, material: KB160, required_length: 2985.2355862068966, material_specs: {'demand': 2000, 'front': 'KS161', 'middle': 'CM190', 'back': 'KB160', 'c': 'CM190', 'b': 'CM190', 'die_cut': 1, 'c_type': 'C', 'b_type': 'B'}
2025-08-25 09:09:38,299 - cuttingstock.core - INFO - User provided material substitution. | Details: original_specs: {'demand': 2000, 'front': 'KS161', 'middle': 'CM190', 'back': 'KB160', 'c': 'CM190', 'b': 'CM190', 'die_cut': 1, 'c_type': 'C', 'b_type': 'B'}, new_specs: {'demand': 2000, 'front': 'KS161', 'middle': 'CM190', 'back': 'KS161', 'c': 'CM190', 'b': 'CM190', 'die_cut': 1, 'c_type': 'C', 'b_type': 'B'}, changes: {'back': 'KS161'}
2025-08-25 09:09:38,303 - cuttingstock.core - ERROR - Out of stock: Not enough stock length available for material. | Details: width: 82, material: CM190, required_length: 4030.0680413793107, material_specs: {'demand': 2000, 'front': 'KS161', 'middle': 'CM190', 'back': 'KS161', 'c': 'CM190', 'b': 'CM190', 'die_cut': 1, 'c_type': 'C', 'b_type': 'B'}, known_out_of_stock: [('82', 'KB160')]
2025-08-25 09:09:38,303 - cuttingstock.core - INFO - Out of stock, awaiting user interaction. | Details: width: 82, material: CM190, required_length: 4030.0680413793107, material_specs: {'demand': 2000, 'front': 'KS161', 'middle': 'CM190', 'back': 'KS161', 'c': 'CM190', 'b': 'CM190', 'die_cut': 1, 'c_type': 'C', 'b_type': 'B'}
2025-08-25 09:09:41,453 - cuttingstock.core - INFO - User provided material substitution. | Details: original_specs: {'demand': 2000, 'front': 'KS161', 'middle': 'CM190', 'back': 'KS161', 'c': 'CM190', 'b': 'CM190', 'die_cut': 1, 'c_type': 'C', 'b_type': 'B'}, new_specs: {'demand': 2000, 'front': 'KS161', 'middle': 'CM127', 'back': 'KS161', 'c': 'CM127', 'b': 'CM127', 'die_cut': 1, 'c_type': 'C', 'b_type': 'B'}, changes: {'middle': 'CM127', 'c': 'CM127', 'b': 'CM127'}
2025-08-25 09:09:41,458 - cuttingstock.core - ERROR - Out of stock: Not enough stock length available for material. | Details: width: 82, material: CM127, required_length: 4328.5916, material_specs: {'demand': 2000, 'front': 'KS161', 'middle': 'CM127', 'back': 'KS161', 'c': 'CM127', 'b': 'CM127', 'die_cut': 1, 'c_type': 'C', 'b_type': 'B'}, known_out_of_stock: [('82', 'KB160'), ('82', 'CM190')]
2025-08-25 09:09:41,458 - cuttingstock.core - INFO - Out of stock, awaiting user interaction. | Details: width: 82, material: CM127, required_length: 4328.5916, material_specs: {'demand': 2000, 'front': 'KS161', 'middle': 'CM127', 'back': 'KS161', 'c': 'CM127', 'b': 'CM127', 'die_cut': 1, 'c_type': 'C', 'b_type': 'B'}
2025-08-25 09:09:44,788 - cuttingstock.core - INFO - User provided material substitution. | Details: original_specs: {'demand': 2000, 'front': 'KS161', 'middle': 'CM127', 'back': 'KS161', 'c': 'CM127', 'b': 'CM127', 'die_cut': 1, 'c_type': 'C', 'b_type': 'B'}, new_specs: {'demand': 2000, 'front': 'KS161', 'middle': 'CM112', 'back': 'KS161', 'c': 'CM112', 'b': 'CM127', 'die_cut': 1, 'c_type': 'C', 'b_type': 'B'}, changes: {'middle': 'CM112', 'c': 'CM112'}
2025-08-25 09:09:44,791 - cuttingstock.core - ERROR - Out of stock: Not enough stock length available for material. | Details: width: 82, material: CM112, required_length: 2985.2355862068966, material_specs: {'demand': 2000, 'front': 'KS161', 'middle': 'CM112', 'back': 'KS161', 'c': 'CM112', 'b': 'CM127', 'die_cut': 1, 'c_type': 'C', 'b_type': 'B'}, known_out_of_stock: [('82', 'KB160'), ('82', 'CM190'), ('82', 'CM127')]
2025-08-25 09:09:44,791 - cuttingstock.core - INFO - Out of stock, awaiting user interaction. | Details: width: 82, material: CM112, required_length: 2985.2355862068966, material_specs: {'demand': 2000, 'front': 'KS161', 'middle': 'CM112', 'back': 'KS161', 'c': 'CM112', 'b': 'CM127', 'die_cut': 1, 'c_type': 'C', 'b_type': 'B'}
2025-08-25 09:09:48,739 - cuttingstock.core - INFO - User provided material substitution. | Details: original_specs: {'demand': 2000, 'front': 'KS161', 'middle': 'CM112', 'back': 'KS161', 'c': 'CM112', 'b': 'CM127', 'die_cut': 1, 'c_type': 'C', 'b_type': 'B'}, new_specs: {'demand': 2000, 'front': 'KS161', 'middle': 'CME100', 'back': 'KS161', 'c': 'CM112', 'b': 'CM127', 'die_cut': 1, 'c_type': 'C', 'b_type': 'B'}, changes: {'middle': 'CME100'}
2025-08-25 09:09:48,742 - cuttingstock.core - ERROR - Out of stock: Not enough stock length available for material. | Details: width: 82, material: CM127, required_length: 4030.0680413793107, material_specs: {'demand': 2000, 'front': 'KS161', 'middle': 'CME100', 'back': 'KS161', 'c': 'CM112', 'b': 'CM127', 'die_cut': 1, 'c_type': 'C', 'b_type': 'B'}, known_out_of_stock: [('82', 'KB160'), ('82', 'CM190'), ('82', 'CM127'), ('82', 'CM112')]
2025-08-25 09:09:48,742 - cuttingstock.core - INFO - Out of stock, awaiting user interaction. | Details: width: 82, material: CM127, required_length: 4030.0680413793107, material_specs: {'demand': 2000, 'front': 'KS161', 'middle': 'CME100', 'back': 'KS161', 'c': 'CM112', 'b': 'CM127', 'die_cut': 1, 'c_type': 'C', 'b_type': 'B'}
2025-08-25 09:09:52,419 - cuttingstock.core - INFO - User provided material substitution. | Details: original_specs: {'demand': 2000, 'front': 'KS161', 'middle': 'CME100', 'back': 'KS161', 'c': 'CM112', 'b': 'CM127', 'die_cut': 1, 'c_type': 'C', 'b_type': 'B'}, new_specs: {'demand': 2000, 'front': 'KS161', 'middle': 'CME100', 'back': 'KS161', 'c': 'CM112', 'b': 'CME100', 'die_cut': 1, 'c_type': 'C', 'b_type': 'B'}, changes: {'b': 'CME100'}
2025-08-25 09:09:52,422 - cuttingstock.core - ERROR - Out of stock: Not enough stock length available for material. | Details: width: 82, material: CME100, required_length: 4030.0680413793107, material_specs: {'demand': 2000, 'front': 'KS161', 'middle': 'CME100', 'back': 'KS161', 'c': 'CM112', 'b': 'CME100', 'die_cut': 1, 'c_type': 'C', 'b_type': 'B'}, known_out_of_stock: [('82', 'KB160'), ('82', 'CM190'), ('82', 'CM127'), ('82', 'CM112'), ('82', 'CM127')]
2025-08-25 09:09:52,422 - cuttingstock.core - INFO - Out of stock, awaiting user interaction. | Details: width: 82, material: CME100, required_length: 4030.0680413793107, material_specs: {'demand': 2000, 'front': 'KS161', 'middle': 'CME100', 'back': 'KS161', 'c': 'CM112', 'b': 'CME100', 'die_cut': 1, 'c_type': 'C', 'b_type': 'B'}
2025-08-25 09:09:59,739 - cuttingstock.core - INFO - User provided material substitution. | Details: original_specs: {'demand': 2000, 'front': 'KS161', 'middle': 'CME100', 'back': 'KS161', 'c': 'CM112', 'b': 'CME100', 'die_cut': 1, 'c_type': 'C', 'b_type': 'B'}, new_specs: {'demand': 2000, 'front': 'KS161', 'middle': 'CME150', 'back': 'KS161', 'c': 'CM112', 'b': 'CME150', 'die_cut': 1, 'c_type': 'C', 'b_type': 'B'}, changes: {'middle': 'CME150', 'b': 'CME150'}
2025-08-25 09:10:00,145 - cuttingstock.core - ERROR - Out of stock: Not enough stock length available for material. | Details: width: 82, material: CM112, required_length: 225.4475, material_specs: {'demand': 2000, 'front': 'KS161', 'middle': 'CME150', 'back': 'KS161', 'c': 'CM112', 'b': 'CME150', 'die_cut': 1, 'c_type': 'C', 'b_type': 'B'}, known_out_of_stock: []
2025-08-25 09:10:00,145 - cuttingstock.core - INFO - Out of stock, awaiting user interaction. | Details: width: 82, material: CM112, required_length: 225.4475, material_specs: {'demand': 2000, 'front': 'KS161', 'middle': 'CME150', 'back': 'KS161', 'c': 'CM112', 'b': 'CME150', 'die_cut': 1, 'c_type': 'C', 'b_type': 'B'}
2025-08-25 09:10:02,379 - cuttingstock.core - INFO - User provided material substitution. | Details: original_specs: {'demand': 2000, 'front': 'KS161', 'middle': 'CME150', 'back': 'KS161', 'c': 'CM112', 'b': 'CME150', 'die_cut': 1, 'c_type': 'C', 'b_type': 'B'}, new_specs: {'demand': 2000, 'front': 'KS161', 'middle': 'CME150', 'back': 'KS161', 'c': 'CM127', 'b': 'CME150', 'die_cut': 1, 'c_type': 'C', 'b_type': 'B'}, changes: {'c': 'CM127'}
2025-08-25 09:10:03,592 - cuttingstock.core - ERROR - Out of stock: Not enough stock length available for material. | Details: width: 82, material: CM127, required_length: 1483.1261, material_specs: {'demand': 2000, 'front': 'KS161', 'middle': 'CME150', 'back': 'KS161', 'c': 'CM127', 'b': 'CME150', 'die_cut': 1, 'c_type': 'C', 'b_type': 'B'}, known_out_of_stock: []
2025-08-25 09:10:03,592 - cuttingstock.core - INFO - Out of stock, awaiting user interaction. | Details: width: 82, material: CM127, required_length: 1483.1261, material_specs: {'demand': 2000, 'front': 'KS161', 'middle': 'CME150', 'back': 'KS161', 'c': 'CM127', 'b': 'CME150', 'die_cut': 1, 'c_type': 'C', 'b_type': 'B'}
2025-08-25 09:10:05,706 - cuttingstock.core - INFO - User provided material substitution. | Details: original_specs: {'demand': 2000, 'front': 'KS161', 'middle': 'CME150', 'back': 'KS161', 'c': 'CM127', 'b': 'CME150', 'die_cut': 1, 'c_type': 'C', 'b_type': 'B'}, new_specs: {'demand': 2000, 'front': 'KS161', 'middle': 'CME150', 'back': 'KS161', 'c': 'CM190', 'b': 'CME150', 'die_cut': 1, 'c_type': 'C', 'b_type': 'B'}, changes: {'c': 'CM190'}
2025-08-25 09:10:12,442 - cuttingstock.core - ERROR - Out of stock: Not enough stock length available for material. | Details: width: 82, material: CM190, required_length: 1077.2179, material_specs: {'demand': 2000, 'front': 'KS161', 'middle': 'CME150', 'back': 'KS161', 'c': 'CM190', 'b': 'CME150', 'die_cut': 1, 'c_type': 'C', 'b_type': 'B'}, known_out_of_stock: []
2025-08-25 09:10:12,443 - cuttingstock.core - INFO - Out of stock, awaiting user interaction. | Details: width: 82, material: CM190, required_length: 1077.2179, material_specs: {'demand': 2000, 'front': 'KS161', 'middle': 'CME150', 'back': 'KS161', 'c': 'CM190', 'b': 'CME150', 'die_cut': 1, 'c_type': 'C', 'b_type': 'B'}
2025-08-25 09:10:14,483 - cuttingstock.core - INFO - User provided material substitution. | Details: original_specs: {'demand': 2000, 'front': 'KS161', 'middle': 'CME150', 'back': 'KS161', 'c': 'CM190', 'b': 'CME150', 'die_cut': 1, 'c_type': 'C', 'b_type': 'B'}, new_specs: {'demand': 2000, 'front': 'KS161', 'middle': 'CME150', 'back': 'KS161', 'c': 'CME100', 'b': 'CME150', 'die_cut': 1, 'c_type': 'C', 'b_type': 'B'}, changes: {'c': 'CME100'}
2025-08-25 09:10:14,487 - cuttingstock.core - ERROR - Out of stock: Not enough stock length available for material. | Details: width: 82, material: CME150, required_length: 742.9088965517242, material_specs: {'demand': 2000, 'front': 'KS161', 'middle': 'CME150', 'back': 'KS161', 'c': 'CME100', 'b': 'CME150', 'die_cut': 1, 'c_type': 'C', 'b_type': 'B'}, known_out_of_stock: [('82', 'CM190')]
2025-08-25 09:10:14,487 - cuttingstock.core - INFO - Out of stock, awaiting user interaction. | Details: width: 82, material: CME150, required_length: 742.9088965517242, material_specs: {'demand': 2000, 'front': 'KS161', 'middle': 'CME150', 'back': 'KS161', 'c': 'CME100', 'b': 'CME150', 'die_cut': 1, 'c_type': 'C', 'b_type': 'B'}
2025-08-25 09:10:16,611 - cuttingstock.core - INFO - User provided material substitution. | Details: original_specs: {'demand': 2000, 'front': 'KS161', 'middle': 'CME150', 'back': 'KS161', 'c': 'CME100', 'b': 'CME150', 'die_cut': 1, 'c_type': 'C', 'b_type': 'B'}, new_specs: {'demand': 2000, 'front': 'KS161', 'middle': 'KA150', 'back': 'KS161', 'c': 'CME100', 'b': 'CME150', 'die_cut': 1, 'c_type': 'C', 'b_type': 'B'}, changes: {'middle': 'KA150'}
2025-08-25 09:10:16,615 - cuttingstock.core - ERROR - Out of stock: Not enough stock length available for material. | Details: width: 82, material: CME150, required_length: 1002.9270103448277, material_specs: {'demand': 2000, 'front': 'KS161', 'middle': 'KA150', 'back': 'KS161', 'c': 'CME100', 'b': 'CME150', 'die_cut': 1, 'c_type': 'C', 'b_type': 'B'}, known_out_of_stock: [('82', 'CM190'), ('82', 'CME150')]
2025-08-25 09:10:16,615 - cuttingstock.core - INFO - Out of stock, awaiting user interaction. | Details: width: 82, material: CME150, required_length: 1002.9270103448277, material_specs: {'demand': 2000, 'front': 'KS161', 'middle': 'KA150', 'back': 'KS161', 'c': 'CME100', 'b': 'CME150', 'die_cut': 1, 'c_type': 'C', 'b_type': 'B'}
2025-08-25 09:10:18,379 - cuttingstock.core - INFO - User provided material substitution. | Details: original_specs: {'demand': 2000, 'front': 'KS161', 'middle': 'KA150', 'back': 'KS161', 'c': 'CME100', 'b': 'CME150', 'die_cut': 1, 'c_type': 'C', 'b_type': 'B'}, new_specs: {'demand': 2000, 'front': 'KS161', 'middle': 'KA150', 'back': 'KS161', 'c': 'CME100', 'b': 'KA150', 'die_cut': 1, 'c_type': 'C', 'b_type': 'B'}, changes: {'b': 'KA150'}
2025-08-25 09:10:22,383 - cuttingstock.core - ERROR - Out of stock: Not enough stock length available for material. | Details: width: 82, material: CME100, required_length: 936.7112, material_specs: {'demand': 2000, 'front': 'KS161', 'middle': 'KA150', 'back': 'KS161', 'c': 'CME100', 'b': 'KA150', 'die_cut': 1, 'c_type': 'C', 'b_type': 'B'}, known_out_of_stock: []
2025-08-25 09:10:22,384 - cuttingstock.core - INFO - Out of stock, awaiting user interaction. | Details: width: 82, material: CME100, required_length: 936.7112, material_specs: {'demand': 2000, 'front': 'KS161', 'middle': 'KA150', 'back': 'KS161', 'c': 'CME100', 'b': 'KA150', 'die_cut': 1, 'c_type': 'C', 'b_type': 'B'}
2025-08-25 09:10:24,603 - cuttingstock.core - INFO - User provided material substitution. | Details: original_specs: {'demand': 2000, 'front': 'KS161', 'middle': 'KA150', 'back': 'KS161', 'c': 'CME100', 'b': 'KA150', 'die_cut': 1, 'c_type': 'C', 'b_type': 'B'}, new_specs: {'demand': 2000, 'front': 'KS161', 'middle': 'KA150', 'back': 'KS161', 'c': 'CME150', 'b': 'KA150', 'die_cut': 1, 'c_type': 'C', 'b_type': 'B'}, changes: {'c': 'CME150'}
2025-08-25 09:10:24,607 - cuttingstock.core - ERROR - Out of stock: Not enough stock length available for material. | Details: width: 82, material: CME150, required_length: 936.7112, material_specs: {'demand': 2000, 'front': 'KS161', 'middle': 'KA150', 'back': 'KS161', 'c': 'CME150', 'b': 'KA150', 'die_cut': 1, 'c_type': 'C', 'b_type': 'B'}, known_out_of_stock: [('82', 'CME100')]
2025-08-25 09:10:24,608 - cuttingstock.core - INFO - Out of stock, awaiting user interaction. | Details: width: 82, material: CME150, required_length: 936.7112, material_specs: {'demand': 2000, 'front': 'KS161', 'middle': 'KA150', 'back': 'KS161', 'c': 'CME150', 'b': 'KA150', 'die_cut': 1, 'c_type': 'C', 'b_type': 'B'}
2025-08-25 09:10:26,739 - cuttingstock.core - INFO - User provided material substitution. | Details: original_specs: {'demand': 2000, 'front': 'KS161', 'middle': 'KA150', 'back': 'KS161', 'c': 'CME150', 'b': 'KA150', 'die_cut': 1, 'c_type': 'C', 'b_type': 'B'}, new_specs: {'demand': 2000, 'front': 'KS161', 'middle': 'KA150', 'back': 'KS161', 'c': 'KA150', 'b': 'KA150', 'die_cut': 1, 'c_type': 'C', 'b_type': 'B'}, changes: {'c': 'KA150'}
2025-08-25 09:10:31,220 - cuttingstock.core - ERROR - Out of stock: Not enough stock length available for material. | Details: width: 82, material: KA150, required_length: 725.9512, material_specs: {'demand': 2000, 'front': 'KS161', 'middle': 'KA150', 'back': 'KS161', 'c': 'KA150', 'b': 'KA150', 'die_cut': 1, 'c_type': 'C', 'b_type': 'B'}, known_out_of_stock: []
2025-08-25 09:10:31,220 - cuttingstock.core - INFO - Out of stock, awaiting user interaction. | Details: width: 82, material: KA150, required_length: 725.9512, material_specs: {'demand': 2000, 'front': 'KS161', 'middle': 'KA150', 'back': 'KS161', 'c': 'KA150', 'b': 'KA150', 'die_cut': 1, 'c_type': 'C', 'b_type': 'B'}
2025-08-25 09:10:39,812 - cuttingstock.core - INFO - User provided material substitution. | Details: original_specs: {'demand': 2000, 'front': 'KS161', 'middle': 'KA150', 'back': 'KS161', 'c': 'KA150', 'b': 'KA150', 'die_cut': 1, 'c_type': 'C', 'b_type': 'B'}, new_specs: {'demand': 2000, 'front': 'KS161', 'middle': 'CM112', 'back': 'KS161', 'c': 'CM112', 'b': 'CM112', 'die_cut': 1, 'c_type': 'C', 'b_type': 'B'}, changes: {'middle': 'CM112', 'c': 'CM112', 'b': 'CM112'}
2025-08-25 09:10:39,815 - cuttingstock.core - ERROR - Out of stock: Not enough stock length available for material. | Details: width: 82, material: CM112, required_length: 725.9512, material_specs: {'demand': 2000, 'front': 'KS161', 'middle': 'CM112', 'back': 'KS161', 'c': 'CM112', 'b': 'CM112', 'die_cut': 1, 'c_type': 'C', 'b_type': 'B'}, known_out_of_stock: [('82', 'KA150')]
2025-08-25 09:10:39,815 - cuttingstock.core - INFO - Out of stock, awaiting user interaction. | Details: width: 82, material: CM112, required_length: 725.9512, material_specs: {'demand': 2000, 'front': 'KS161', 'middle': 'CM112', 'back': 'KS161', 'c': 'CM112', 'b': 'CM112', 'die_cut': 1, 'c_type': 'C', 'b_type': 'B'}
2025-08-25 09:10:42,427 - cuttingstock.core - INFO - User provided material substitution. | Details: original_specs: {'demand': 2000, 'front': 'KS161', 'middle': 'CM112', 'back': 'KS161', 'c': 'CM112', 'b': 'CM112', 'die_cut': 1, 'c_type': 'C', 'b_type': 'B'}, new_specs: {'demand': 2000, 'front': 'KS161', 'middle': 'CM127', 'back': 'KS161', 'c': 'CM127', 'b': 'CM112', 'die_cut': 1, 'c_type': 'C', 'b_type': 'B'}, changes: {'middle': 'CM127', 'c': 'CM127'}
2025-08-25 09:10:42,431 - cuttingstock.core - ERROR - Out of stock: Not enough stock length available for material. | Details: width: 82, material: CM127, required_length: 725.9512, material_specs: {'demand': 2000, 'front': 'KS161', 'middle': 'CM127', 'back': 'KS161', 'c': 'CM127', 'b': 'CM112', 'die_cut': 1, 'c_type': 'C', 'b_type': 'B'}, known_out_of_stock: [('82', 'KA150'), ('82', 'CM112')]
2025-08-25 09:10:42,431 - cuttingstock.core - INFO - Out of stock, awaiting user interaction. | Details: width: 82, material: CM127, required_length: 725.9512, material_specs: {'demand': 2000, 'front': 'KS161', 'middle': 'CM127', 'back': 'KS161', 'c': 'CM127', 'b': 'CM112', 'die_cut': 1, 'c_type': 'C', 'b_type': 'B'}
2025-08-25 09:10:48,491 - cuttingstock.core - INFO - User provided material substitution. | Details: original_specs: {'demand': 2000, 'front': 'KS161', 'middle': 'CM127', 'back': 'KS161', 'c': 'CM127', 'b': 'CM112', 'die_cut': 1, 'c_type': 'C', 'b_type': 'B'}, new_specs: {'demand': 2000, 'front': 'KS161', 'middle': 'CM190', 'back': 'KS161', 'c': 'CM190', 'b': 'CM112', 'die_cut': 1, 'c_type': 'C', 'b_type': 'B'}, changes: {'middle': 'CM190', 'c': 'CM190'}
2025-08-25 09:10:48,494 - cuttingstock.core - ERROR - Out of stock: Not enough stock length available for material. | Details: width: 82, material: CM190, required_length: 500.656, material_specs: {'demand': 2000, 'front': 'KS161', 'middle': 'CM190', 'back': 'KS161', 'c': 'CM190', 'b': 'CM112', 'die_cut': 1, 'c_type': 'C', 'b_type': 'B'}, known_out_of_stock: [('82', 'KA150'), ('82', 'CM112'), ('82', 'CM127')]
2025-08-25 09:10:48,494 - cuttingstock.core - INFO - Out of stock, awaiting user interaction. | Details: width: 82, material: CM190, required_length: 500.656, material_specs: {'demand': 2000, 'front': 'KS161', 'middle': 'CM190', 'back': 'KS161', 'c': 'CM190', 'b': 'CM112', 'die_cut': 1, 'c_type': 'C', 'b_type': 'B'}
2025-08-25 09:10:50,737 - cuttingstock.core - INFO - User provided material substitution. | Details: original_specs: {'demand': 2000, 'front': 'KS161', 'middle': 'CM190', 'back': 'KS161', 'c': 'CM190', 'b': 'CM112', 'die_cut': 1, 'c_type': 'C', 'b_type': 'B'}, new_specs: {'demand': 2000, 'front': 'KS161', 'middle': 'CME100', 'back': 'KS161', 'c': 'CM190', 'b': 'CM112', 'die_cut': 1, 'c_type': 'C', 'b_type': 'B'}, changes: {'middle': 'CME100'}
2025-08-25 09:10:50,740 - cuttingstock.core - ERROR - Out of stock: Not enough stock length available for material. | Details: width: 82, material: CM112, required_length: 675.8856000000001, material_specs: {'demand': 2000, 'front': 'KS161', 'middle': 'CME100', 'back': 'KS161', 'c': 'CM190', 'b': 'CM112', 'die_cut': 1, 'c_type': 'C', 'b_type': 'B'}, known_out_of_stock: [('82', 'KA150'), ('82', 'CM112'), ('82', 'CM127'), ('82', 'CM190')]
2025-08-25 09:10:50,741 - cuttingstock.core - INFO - Out of stock, awaiting user interaction. | Details: width: 82, material: CM112, required_length: 675.8856000000001, material_specs: {'demand': 2000, 'front': 'KS161', 'middle': 'CME100', 'back': 'KS161', 'c': 'CM190', 'b': 'CM112', 'die_cut': 1, 'c_type': 'C', 'b_type': 'B'}
2025-08-25 09:10:52,844 - cuttingstock.core - INFO - User provided material substitution. | Details: original_specs: {'demand': 2000, 'front': 'KS161', 'middle': 'CME100', 'back': 'KS161', 'c': 'CM190', 'b': 'CM112', 'die_cut': 1, 'c_type': 'C', 'b_type': 'B'}, new_specs: {'demand': 2000, 'front': 'KS161', 'middle': 'CME100', 'back': 'KS161', 'c': 'CM190', 'b': 'CME100', 'die_cut': 1, 'c_type': 'C', 'b_type': 'B'}, changes: {'b': 'CME100'}
2025-08-25 09:10:52,848 - cuttingstock.core - ERROR - Out of stock: Not enough stock length available for material. | Details: width: 82, material: CME100, required_length: 675.8856000000001, material_specs: {'demand': 2000, 'front': 'KS161', 'middle': 'CME100', 'back': 'KS161', 'c': 'CM190', 'b': 'CME100', 'die_cut': 1, 'c_type': 'C', 'b_type': 'B'}, known_out_of_stock: [('82', 'KA150'), ('82', 'CM112'), ('82', 'CM127'), ('82', 'CM190'), ('82', 'CM112')]
2025-08-25 09:10:52,848 - cuttingstock.core - INFO - Out of stock, awaiting user interaction. | Details: width: 82, material: CME100, required_length: 675.8856000000001, material_specs: {'demand': 2000, 'front': 'KS161', 'middle': 'CME100', 'back': 'KS161', 'c': 'CM190', 'b': 'CME100', 'die_cut': 1, 'c_type': 'C', 'b_type': 'B'}
2025-08-25 09:10:54,731 - cuttingstock.core - INFO - User provided material substitution. | Details: original_specs: {'demand': 2000, 'front': 'KS161', 'middle': 'CME100', 'back': 'KS161', 'c': 'CM190', 'b': 'CME100', 'die_cut': 1, 'c_type': 'C', 'b_type': 'B'}, new_specs: {'demand': 2000, 'front': 'KS161', 'middle': 'CME150', 'back': 'KS161', 'c': 'CM190', 'b': 'CME100', 'die_cut': 1, 'c_type': 'C', 'b_type': 'B'}, changes: {'middle': 'CME150'}
2025-08-25 09:10:54,734 - cuttingstock.core - ERROR - Out of stock: Not enough stock length available for material. | Details: width: 82, material: CME150, required_length: 500.656, material_specs: {'demand': 2000, 'front': 'KS161', 'middle': 'CME150', 'back': 'KS161', 'c': 'CM190', 'b': 'CME100', 'die_cut': 1, 'c_type': 'C', 'b_type': 'B'}, known_out_of_stock: [('82', 'KA150'), ('82', 'CM112'), ('82', 'CM127'), ('82', 'CM190'), ('82', 'CM112'), ('82', 'CME100')]
2025-08-25 09:10:54,735 - cuttingstock.core - INFO - Out of stock, awaiting user interaction. | Details: width: 82, material: CME150, required_length: 500.656, material_specs: {'demand': 2000, 'front': 'KS161', 'middle': 'CME150', 'back': 'KS161', 'c': 'CM190', 'b': 'CME100', 'die_cut': 1, 'c_type': 'C', 'b_type': 'B'}
2025-08-25 09:10:56,916 - cuttingstock.core - INFO - User provided material substitution. | Details: original_specs: {'demand': 2000, 'front': 'KS161', 'middle': 'CME150', 'back': 'KS161', 'c': 'CM190', 'b': 'CME100', 'die_cut': 1, 'c_type': 'C', 'b_type': 'B'}, new_specs: {'demand': 2000, 'front': 'KS161', 'middle': 'KAC125', 'back': 'KS161', 'c': 'CM190', 'b': 'CME100', 'die_cut': 1, 'c_type': 'C', 'b_type': 'B'}, changes: {'middle': 'KAC125'}
2025-08-25 09:10:56,918 - cuttingstock.core - ERROR - Out of stock: Not enough stock length available for material. | Details: width: 82, material: CME100, required_length: 675.8856000000001, material_specs: {'demand': 2000, 'front': 'KS161', 'middle': 'KAC125', 'back': 'KS161', 'c': 'CM190', 'b': 'CME100', 'die_cut': 1, 'c_type': 'C', 'b_type': 'B'}, known_out_of_stock: [('82', 'KA150'), ('82', 'CM112'), ('82', 'CM127'), ('82', 'CM190'), ('82', 'CM112'), ('82', 'CME100'), ('82', 'CME150')]
2025-08-25 09:10:56,919 - cuttingstock.core - INFO - Out of stock, awaiting user interaction. | Details: width: 82, material: CME100, required_length: 675.8856000000001, material_specs: {'demand': 2000, 'front': 'KS161', 'middle': 'KAC125', 'back': 'KS161', 'c': 'CM190', 'b': 'CME100', 'die_cut': 1, 'c_type': 'C', 'b_type': 'B'}
2025-08-25 09:10:58,730 - cuttingstock.core - INFO - User provided material substitution. | Details: original_specs: {'demand': 2000, 'front': 'KS161', 'middle': 'KAC125', 'back': 'KS161', 'c': 'CM190', 'b': 'CME100', 'die_cut': 1, 'c_type': 'C', 'b_type': 'B'}, new_specs: {'demand': 2000, 'front': 'KS161', 'middle': 'KAC125', 'back': 'KS161', 'c': 'CM190', 'b': 'KAC125', 'die_cut': 1, 'c_type': 'C', 'b_type': 'B'}, changes: {'b': 'KAC125'}
2025-08-25 09:10:58,734 - cuttingstock.core - ERROR - Out of stock: Not enough stock length available for material. | Details: width: 82, material: KAC125, required_length: 675.8856000000001, material_specs: {'demand': 2000, 'front': 'KS161', 'middle': 'KAC125', 'back': 'KS161', 'c': 'CM190', 'b': 'KAC125', 'die_cut': 1, 'c_type': 'C', 'b_type': 'B'}, known_out_of_stock: [('82', 'KA150'), ('82', 'CM112'), ('82', 'CM127'), ('82', 'CM190'), ('82', 'CM112'), ('82', 'CME100'), ('82', 'CME150'), ('82', 'CME100')]
2025-08-25 09:10:58,734 - cuttingstock.core - INFO - Out of stock, awaiting user interaction. | Details: width: 82, material: KAC125, required_length: 675.8856000000001, material_specs: {'demand': 2000, 'front': 'KS161', 'middle': 'KAC125', 'back': 'KS161', 'c': 'CM190', 'b': 'KAC125', 'die_cut': 1, 'c_type': 'C', 'b_type': 'B'}
2025-08-25 09:11:05,642 - cuttingstock.core - WARNING - User cancelled material substitution. | Details: original_specs: {'demand': 2000, 'front': 'KS161', 'middle': 'KAC125', 'back': 'KS161', 'c': 'CM190', 'b': 'KAC125', 'die_cut': 1, 'c_type': 'C', 'b_type': 'B'}, out_of_stock_material: KAC125
